ticker,cik,filing_date,accession,doc,tokens,substantive_full15,boilerplate_full15,tls_full15
ZIVO,1101026,2019-02-12,0001078782-19-000119,f10k123118_10k.htm,31090,0.0,2.090704406561595,-2.090704406561595
CPTP,202947,2019-03-18,0001564590-19-008298,cptp-10k_20181231.htm,12320,0.0,0.0,0.0
STRC,1050446,2019-02-20,0001564590-19-003468,mstr-10k_20181231.htm,47747,0.0,0.5235931053259891,-0.5235931053259891
A,1090872,2019-12-19,0001090872-19-000022,a-10312019x10k.htm,71943,0.0,0.2084983945623618,-0.2084983945623618
AA,1675149,2019-02-26,0001564590-19-004171,aa-10k_20181231.htm,109633,0.957740826211086,1.459414592321655,-0.5016737661105689
AAL,6201,2019-02-25,0000006201-19-000009,a10k123118.htm,110936,0.1352130958390423,0.3605682555707795,-0.2253551597317372
AAOI,1158114,2019-02-26,0001558370-19-001078,aaoi-20181231x10k.htm,59685,0.0,0.5864119963139818,-0.5864119963139818
AAON,824142,2019-02-28,0000824142-19-000040,aaon2018annualreport.htm,26264,5.711239719768504,0.3807493146512336,5.330490405117271
AAP,1158449,2019-02-19,0001158449-19-000043,aap_10kx12292018secreport.htm,35996,2.5002778086454054,0.55561729081009,1.9446605178353151
AAPL,320193,2019-10-31,0000320193-19-000119,a10-k20199282019.htm,37961,0.0,0.3951423829719976,-0.3951423829719976
AAT,1500217,2019-02-15,0001500217-19-000010,a2018-10kq4.htm,75922,0.1317141276573325,0.1317141276573325,0.0
AB,825313,2019-02-13,0000825313-19-000006,ab-20181231x10k.htm,88400,0.0,1.1312217194570136,-1.1312217194570136
ABBV,1551152,2019-02-27,0001551152-19-000008,abbv-20181231x10k.htm,55314,0.7231442311168963,0.7231442311168963,0.0
ABCB,351569,2019-03-01,0000351569-19-000006,abcb12-31x201810xk.htm,85916,0.1745891335723264,2.2114623585828017,-2.0368732250104755
ABG,1144980,2019-02-28,0001144980-19-000053,abg201810-k.htm,57251,0.2620041571326265,0.4366735952210442,-0.1746694380884176
ABM,771497,2019-12-20,0001628280-19-015259,abm10312019-10k.htm,55484,0.2703482084925384,0.2703482084925384,0.0
ABR,1253986,2019-02-15,0001047469-19-000508,a2237674z10-k.htm,83982,0.3572194041580339,1.1907313471934462,-0.8335119430354123
ABT,1800,2019-02-22,0001047469-19-000624,a2237733z10-k.htm,56274,1.6437431140491168,1.1550627287912711,0.4886803852578455
ACA,1739445,2019-02-28,0001739445-19-000020,aca1231201810k-q4.htm,45214,14.320785597381342,0.5529260848409785,13.767859512540364
ACAD,1070494,2019-02-27,0001564590-19-004596,acad-10k_20181231.htm,62762,0.2389981198814569,1.1949905994072847,-0.9559924795258276
ACEL,1698991,2019-08-26,0001193125-19-229400,d787085d10ka.htm,10437,0.0,1.9162594615310913,-1.9162594615310913
ACGL,947484,2019-02-28,0000947484-19-000008,a201810-k.htm,127431,0.5493168852163132,0.6277907259615008,-0.0784738407451876
ACHC,1520697,2019-03-01,0001564590-19-005750,achc-10k_20181231.htm,73804,0.0,1.1516990949000054,-1.1516990949000054
ACI,1646972,2019-04-24,0001646972-19-000036,acify1810-k.htm,74171,1.5504712084237775,0.9437650833883864,0.6067061250353911
ACIW,935036,2019-03-01,0001193125-19-058622,d675313d10k.htm,56455,0.0,0.1771322292091046,-0.1771322292091046
ACLS,1113232,2019-03-11,0001558370-19-001791,acls-20181231x10k.htm,32544,0.0,1.0754670599803342,-1.0754670599803342
ACM,868857,2019-11-13,0001104659-19-063367,acm-20190930x10k94a79f.htm,77506,1.935334038655072,0.3870668077310144,1.5482672309240575
ACMR,1680062,2019-05-24,0001654954-19-006553,acm_10ka.htm,58217,0.0,0.8588556607176598,-0.8588556607176598
AD,821130,2019-02-22,0000821130-19-000014,usm1231201810-k.htm,34768,0.4314312011044638,0.8628624022089277,-0.4314312011044638
ADBE,796343,2019-01-25,0000796343-19-000019,adbe10kfy18.htm,62842,0.0,0.8752108462493238,-0.8752108462493238
ADC,917251,2019-02-21,0001558370-19-000849,adc-20181231x10k.htm,49174,0.0,0.2033594989221946,-0.2033594989221946
ADI,6281,2019-11-26,0000006281-19-000144,adi-20191102.htm,61874,2.1818534440960664,2.343472217732812,-0.1616187736367456
ADMA,1368514,2019-03-13,0001193805-19-000281,e618283_10k-adma.htm,69055,0.434436318876258,1.158496850336688,-0.72406053146043
ADNT,1670541,2019-11-22,0001670541-19-000057,adnt-20190930.htm,70895,0.2821073418435715,0.564214683687143,-0.2821073418435715
ADP,8670,2019-08-09,0000008670-19-000021,q4fy1910k.htm,50019,0.0,0.5997720866070892,-0.5997720866070892
ADSK,769397,2019-03-25,0000769397-19-000016,adsk-0131201910xk.htm,67050,0.2982848620432513,1.0439970171513795,-0.7457121551081283
ADT,1703056,2019-03-11,0001703056-19-000042,adtinc10-k12x31x2018.htm,84189,0.0,0.8908527242276306,-0.8908527242276306
ADUS,1468328,2019-03-18,0001564590-19-008098,adus-10k_20181231.htm,63965,0.0,1.2506839677948878,-1.2506839677948878
AEE,1002910,2019-02-26,0001002910-19-000094,aee201810-k.htm,104859,30.016498345397153,0.4291477126426916,29.58735063275446
AEIS,927003,2019-02-21,0000927003-19-000007,aeis10k2018.htm,48491,22.37528613557155,0.0,22.37528613557155
AEO,919012,2019-03-14,0001564590-19-007828,aeo-10k_20190202.htm,35849,0.418421713297442,1.255265139892326,-0.8368434265948841
AEP,4904,2019-02-21,0000004904-19-000009,aep10klegal20184q.htm,39795,60.3090840557859,0.6282196255811032,59.6808644302048
AES,874761,2019-02-27,0000874761-19-000012,a2018form10-k.htm,121266,42.3449276796464,0.1649266900862566,42.18000098956014
AFG,1042046,2019-02-26,0001042046-19-000014,afg-2018123110k.htm,94927,0.4213764260958421,0.3160323195718815,0.1053441065239605
AFL,4977,2019-02-25,0000004977-19-000049,afl12311810k.htm,111457,4.867347945844585,0.7626259454318706,4.104722000412715
AGCO,880266,2019-03-01,0000880266-19-000009,a2018agco10-k.htm,60998,0.7377291058723238,0.1639398013049608,0.5737893045673629
AGIO,1439222,2019-02-14,0001439222-19-000004,agio-20181231.htm,91130,0.0,1.2070668276089105,-1.2070668276089105
AGM,845877,2019-02-21,0000845877-19-000018,a201810-k.htm,106984,0.7945113287968294,1.2151349734539745,-0.4206236446571449
AGNC,1423689,2019-02-22,0001423689-19-000007,agnc10k123118.htm,58248,0.0,1.1159181431122098,-1.1159181431122098
AGO,1273813,2019-03-01,0001273813-19-000004,ago-12312018x10k.htm,142856,3.4475275802206413,1.8900151201209607,1.5575124600996806
AGX,100591,2019-04-10,0001104659-19-020681,a19-30120_110k.htm,51321,25.233335281853435,3.409910173223437,21.82342510863
AGYS,78749,2019-05-24,0000078749-19-000021,agys-3312019xfy1910k.htm,35785,0.0,0.4191700433142378,-0.4191700433142378
AHCO,1725255,2019-03-29,0001104659-19-018712,a19-6578_110k.htm,56945,0.5268241285450874,5.092633242602512,-4.565809114057424
AHR,1632970,2019-03-18,0001632970-19-000034,gahr4-10xk2018xq4.htm,101228,2.81542656182084,1.6299837989489074,1.1854427628719326
AILIH,18654,2019-02-26,0001002910-19-000094,aee201810-k.htm,104859,30.016498345397153,0.4291477126426916,29.58735063275446
AIN,819793,2019-03-14,0000891092-19-002857,e4069-10k.htm,55935,0.0,0.4469473496022169,-0.4469473496022169
AIR,1750,2019-07-18,0001047469-19-004266,a2239223z10-k.htm,44650,0.7278835386338186,0.2239641657334826,0.503919372900336
AIT,109563,2019-08-16,0000109563-19-000095,ait-2019630x10k.htm,39112,0.0,0.0,0.0
AIV,922864,2019-02-20,0000922864-19-000007,a201810-k.htm,60040,0.0,0.3331112591605596,-0.3331112591605596
AIZ,1267238,2019-02-22,0001628280-19-001767,aiz1231201810k.htm,110070,1.4536204233669483,0.6359589352230399,0.8176614881439084
AJG,354190,2019-02-08,0001193125-19-032304,d618065d10k.htm,79952,0.8755253151891136,0.5003001801080649,0.3752251350810486
AKAM,1086222,2019-02-28,0001086222-19-000066,akam10k123118.htm,51387,0.5838052425710784,0.0,0.5838052425710784
AKR,899629,2019-02-19,0001564590-19-003257,akr-10k_20181231.htm,63104,0.0,0.9508113590263692,-0.9508113590263692
AL,1487712,2019-02-21,0001558370-19-000845,al-20181231x10k.htm,56839,0.0,1.583419834972466,-1.583419834972466
ALB,915913,2019-02-27,0000915913-19-000021,a1231201810-kdocument.htm,76438,6.639367853685339,0.3270624558465684,6.312305397838771
ALE,66756,2019-02-14,0000066756-19-000023,ale12312018-10k.htm,73002,94.14125640393416,0.1369825484233308,94.00427385551082
ALEX,1545654,2019-02-28,0001545654-19-000012,a201810-kdoc.htm,63030,12.454386799936538,0.0,12.454386799936538
ALG,897077,2019-03-01,0000897077-19-000012,alg-20181231.htm,40031,0.0,0.749419200119907,-0.749419200119907
ALGN,1097149,2019-02-28,0001097149-19-000009,algn-20181231x10k.htm,57473,0.0,0.0,0.0
ALGT,1362468,2019-02-28,0001362468-19-000010,algt201810kdoc.htm,38120,0.0,0.3934942287513117,-0.3934942287513117
ALK,766421,2019-02-15,0000766421-19-000008,alk10-k123118.htm,49521,0.0,0.2019345328244583,-0.2019345328244583
ALKS,1520262,2019-02-15,0001564590-19-003060,alks-10k_20181231.htm,78344,0.3829265802103543,0.1914632901051771,0.1914632901051771
ALL,899051,2019-02-15,0000899051-19-000007,allcorp-12311810xk.htm,144507,16.76389379061222,0.1730019999031188,16.5908917907091
ALLE,1579241,2019-02-19,0001579241-19-000006,alle10k12312018doc.htm,54923,0.5462192524079166,0.4551827103399304,0.091036542067986
ALNY,1178670,2019-02-14,0001564590-19-003022,alny-10k_20181231.htm,108425,0.0,0.2305741295826608,-0.2305741295826608
ALRM,1459200,2019-03-01,0001459200-19-000007,alarmcom10-kdecember312018.htm,79395,1.448453932867309,0.440833805655268,1.007620127212041
ALX,3499,2019-02-11,0000003499-19-000004,alx10-k123118.htm,35475,1.550387596899225,0.0,1.550387596899225
AM,1623925,2019-02-13,0001558370-19-000642,amgp-20181231x10k.htm,58124,0.0,0.5161379120500998,-0.5161379120500998
AMAT,6951,2019-12-13,0000006951-19-000046,amat-20191027.htm,51523,0.9704403858470974,1.164528463016517,-0.1940880771694194
AMBA,1280263,2019-03-29,0001564590-19-010114,amba-10k_20190131.htm,60133,1.5798313737881031,0.5820431377114064,0.9977882360766968
AMC,1411579,2019-03-01,0001411579-19-000013,c579-20181231x10k.htm,99130,0.1513164531423383,0.3530717239987894,-0.2017552708564511
AMD,2488,2019-02-08,0000002488-19-000011,amd-12292018x10k.htm,67764,0.6640694173897645,1.254353343958444,-0.5902839265686796
AME,1037868,2019-02-21,0001193125-19-046947,d640432d10k.htm,52014,0.0,1.2496635521205828,-1.2496635521205828
AMG,1004434,2019-04-01,0001004434-19-000011,a10-kaxpart1aqr2018.htm,2894,0.0,0.0,0.0
AMGN,318154,2019-02-13,0000318154-19-000008,amgn-12312018x10kq42018.htm,78561,0.0,0.127289622077112,-0.127289622077112
AMH,1562401,2019-02-22,0001562401-19-000020,amh12311810k.htm,84911,0.4710814853199232,1.2365888989647984,-0.7655074136448752
AMKR,1047127,2019-02-22,0001047127-19-000007,amkr12311810k.htm,46764,0.3207595586348473,1.176118381661107,-0.8553588230262595
AMPH,1297184,2019-03-15,0001297184-19-000013,amph-20181231x10k.htm,88406,0.0,0.961473203176255,-0.961473203176255
AMR,1704715,2019-04-01,0001704715-19-000013,contura12312018financials.htm,105485,3.555007821017206,0.3318007299616059,3.2232070910556003
AMRC,1488139,2019-03-08,0001488139-19-000022,amrc1231201810-k.htm,67083,72.2984958931473,1.3416215732748984,70.9568743198724
AMRX,1723128,2019-03-01,0001723128-19-000028,amrx-12x31x201810kdoc.htm,76729,0.4887330735445529,0.9123017372831654,-0.4235686637386125
AMSC,880807,2019-06-05,0001437749-19-011477,amsc20190331_10k.htm,48229,83.4041759107591,3.213834000290282,80.1903419104688
AMT,1053507,2019-02-27,0001053507-19-000012,amt1231201810k.htm,78131,0.6399508517745838,0.1279901703549167,0.511960681419667
AMWD,794619,2019-06-28,0000794619-19-000046,amwd-2019430x10k.htm,38490,0.0,0.0,0.0
AN,350698,2019-02-22,0000350698-19-000047,an10k2018.htm,56213,0.3557895860388166,0.4447369825485208,-0.0889473965097041
ANDE,821026,2019-02-27,0000821026-19-000026,ande2018123110-k.htm,51828,0.8682565408659412,0.1929458979702091,0.675310642895732
ANF,1018840,2019-04-01,0001018840-19-000018,a201810-k.htm,51931,0.0,0.1925632088733126,-0.1925632088733126
ANIP,1023024,2019-02-27,0001144204-19-010541,tv512330_10k.htm,74331,0.1345333710026772,0.0,0.1345333710026772
AON,315293,2019-02-19,0001628280-19-001558,aonplc201810-k.htm,71105,0.0,0.6328668869981013,-0.6328668869981013
AORT,784199,2019-02-26,0001193125-19-051962,d676077d10k.htm,66245,0.1509547890406823,0.6038191561627293,-0.452864367122047
AOS,91142,2019-02-15,0001193125-19-042339,d678397d10k.htm,31840,2.198492462311558,0.0,2.198492462311558
APAM,1517302,2019-02-20,0001517302-19-000012,apam-2018x12x3110xk.htm,83114,0.0,0.481266693938446,-0.481266693938446
APD,2969,2019-11-26,0000002969-19-000051,apd-10xkx30sep19.htm,69229,0.0,0.3611203397420156,-0.3611203397420156
APH,820313,2019-02-13,0001558370-19-000636,aph-20181231x10k.htm,49529,0.302852874073775,0.2019019160491833,0.1009509580245916
APLE,1418121,2019-03-26,0001185185-19-000408,aple20181231_10ka.htm,2105,0.0,9.501187648456057,-9.501187648456057
APOG,6845,2019-04-26,0000006845-19-000012,apog-20193210k.htm,54911,0.7284514942361275,0.3642257471180637,0.3642257471180637
APPF,1433195,2019-02-28,0001433195-19-000016,appf12311810-k.htm,58320,0.0,0.3429355281207133,-0.3429355281207133
APPN,1441683,2019-02-21,0001441683-19-000047,appn-20181231.htm,61136,0.327139492279508,0.654278984559016,-0.327139492279508
APTV,1521332,2019-02-04,0001521332-19-000007,aptv1231201810k.htm,89236,1.1206239634228337,0.0,1.1206239634228337
AR,1433270,2019-02-13,0001558370-19-000629,ar-20181231x10k.htm,93552,3.3938344450145372,0.1068924234650248,3.2869420215495126
ARCB,894405,2019-02-28,0001558370-19-001332,arcb-20181231x10k.htm,79792,1.378584319229998,0.5013033888109084,0.8772809304190897
ARDX,1437402,2019-03-06,0001558370-19-001583,ardx-20181231x10k.htm,67022,3.170600698278177,0.3730118468562561,2.797588851421921
ARES,1176948,2019-02-26,0001628280-19-001988,aresmanagement201810-k.htm,136361,0.110002126707783,0.5866780091081761,-0.4766758824003931
ARI,1467760,2019-02-13,0001467760-19-000005,ari-20181231x10k.htm,56881,0.0,1.5822506636662506,-1.5822506636662506
ARLO,1736946,2019-04-30,0001736946-19-000020,arlo-2018123110ka.htm,21284,0.4698364968990791,1.8793459875963163,-1.4095094906972374
ARLP,1086600,2019-02-22,0001558370-19-000892,arlp-20181231x10k.htm,97310,4.701469530366869,0.6165861679169664,4.084883362449903
ARMK,1584509,2019-11-26,0001584509-19-000237,fy2019aramark10-k.htm,70807,0.2824579490728318,0.8473738472184953,-0.5649158981456636
AROC,1389050,2019-02-20,0001389050-19-000021,a201810karoc.htm,61216,0.0,0.0,0.0
ARR,1428205,2019-02-14,0001428205-19-000045,arr-12312018x10k.htm,62248,0.4016193291350726,2.168744377329392,-1.7671250481943197
ARW,7536,2019-02-07,0001733391-19-000005,arw1231201810-k.htm,48897,0.0,0.6135345726731701,-0.6135345726731701
ARWR,879407,2019-11-25,0001564590-19-044376,arwr-10k_20190930.htm,52970,0.0,0.3775722106852935,-0.3775722106852935
ASGN,890564,2019-03-01,0000890564-19-000019,a10-k2018.htm,34775,0.0,0.0,0.0
ASH,1674862,2019-11-25,0001564590-19-044315,ash-10k_20190930.htm,80585,1.6442265930384066,0.9927405844760192,0.6514860085623875
ASTE,792987,2019-03-18,0000792987-19-000019,f10k-123118.htm,51681,0.2902420618796075,0.1934947079197383,0.0967473539598691
ASTH,1083446,2019-03-18,0001144204-19-014671,tv515312_10k.htm,75188,0.1994999202000319,0.5984997606000958,-0.3989998404000638
ATEC,1350653,2019-03-29,0001564590-19-010183,atec-10k_20181231.htm,60408,0.165540987948616,0.165540987948616,0.0
ATEN,1580808,2019-04-26,0001580808-19-000006,a2018form10-ka.htm,14427,0.0,1.3862895958965828,-1.3862895958965828
ATGE,730464,2019-08-28,0001558370-19-008351,atge-20190630x10k.htm,73797,1.2195617708036912,0.5420274536905294,0.6775343171131618
ATI,1018963,2019-02-28,0001018963-19-000007,atify201810-k.htm,66478,0.6769156713499203,0.0,0.6769156713499203
ATKR,1666138,2019-11-22,0001666138-19-000094,atkr2019annualreport.htm,58274,0.2574046744688884,0.6006109070940728,-0.3432062326251844
ATLC,1464343,2019-03-27,0001437749-19-005717,atlc20181231b_10k.htm,45266,0.0,2.430079971722706,-2.430079971722706
ATO,731802,2019-11-12,0000731802-19-000037,ato201993010-k.htm,52583,0.8557898940722286,0.1901755320160508,0.6656143620561779
ATR,896622,2019-02-21,0001558370-19-000824,atr-20181231x10k.htm,50640,0.1974723538704581,0.0,0.1974723538704581
ATRC,1323885,2019-03-01,0001323885-19-000009,atrc-20181231x10k.htm,52398,0.0,0.1908469788923241,-0.1908469788923241
ATRO,8063,2019-03-01,0000008063-19-000009,atro-20181231.htm,40908,0.0,0.7333528894103842,-0.7333528894103842
ATUS,1702780,2019-03-01,0001628280-19-002370,a2018123110-kalticeusa.htm,108090,1.6652789342214822,0.2775464890369137,1.3877324451845685
AVA,104918,2019-02-20,0000104918-19-000053,ava-20181231x10k.htm,84439,21.879700138561567,0.7105721289925272,21.16912800956904
AVAV,1368622,2019-06-26,0001558370-19-005898,avav-20190430x10k.htm,59938,2.669425072574994,0.5005172011078114,2.168907871467183
AVB,915912,2019-03-15,0000915912-19-000006,a10-ka.htm,2392,0.0,4.1806020066889635,-4.1806020066889635
AVDL,1012477,2019-03-15,0001012477-19-000002,avdl201810k.htm,68967,0.0,0.5799875302680992,-0.5799875302680992
AVGO,1730168,2019-12-20,0001730168-19-000144,avgo-11032019x10k.htm,81345,0.7990657077878173,0.1843997787202655,0.6146659290675518
AVNT,1122976,2019-02-19,0001122976-19-000007,pol-20181231x10xk.htm,37483,0.0,1.0671504415334951,-1.0671504415334951
AVT,8858,2019-08-15,0000008858-19-000035,avt-20190629x10k.htm,37018,0.0,0.2701388513696039,-0.2701388513696039
AVY,8818,2019-02-27,0001047469-19-000747,a2237793z10-k.htm,17189,0.0,0.8726511140845891,-0.8726511140845891
AWI,7431,2019-04-30,0001564590-19-013953,awi-10ka_20181231.htm,26269,0.0,2.284061060565686,-2.284061060565686
AWK,1410636,2019-02-19,0001410636-19-000041,a12312018-awkx10kdocument.htm,91397,0.9847150344103198,2.4617875860257996,-1.4770725516154797
AWR,1056903,2019-02-25,0001056903-19-000004,awr-20181231x10k.htm,69764,7.632876555243393,1.003382833553122,6.62949372169027
AX,1299709,2019-08-28,0001299709-19-000139,a10-k20190630doc.htm,94798,0.0,1.2658494904955802,-1.2658494904955802
AXON,1069183,2019-02-27,0001069183-19-000023,a10kaaxn123118.htm,50801,0.2952697781539733,0.0,0.2952697781539733
AXP,4962,2019-02-13,0000004962-19-000018,axp201810k.htm,89445,0.1677008217340265,2.1242104086310025,-1.956509586896976
AXS,1214816,2019-02-26,0001214816-19-000010,a201810-k.htm,127211,0.746790764949572,1.1005337588730535,-0.3537429939234814
AXSM,1579428,2019-03-15,0001558370-19-002068,axsm-20181231x10k.htm,95004,0.0,0.6315523556902867,-0.6315523556902867
AXTA,1616862,2019-02-26,0001616862-19-000012,a2018123110-kdocument.htm,74232,0.0,1.4818407155943527,-1.4818407155943527
AYI,1144215,2019-10-29,0001144215-19-000114,ayi-20190831x10k.htm,56594,0.0,0.7067887055164859,-0.7067887055164859
AZO,866787,2019-10-28,0001193125-19-276201,d771460d10k.htm,41737,0.3593933440352684,0.5989889067254475,-0.2395955626901789
AZTA,933974,2019-12-17,0001558370-19-011541,brks-20190930x10k42a7dd.htm,73156,0.0,0.4100825632894089,-0.4100825632894089
AZZ,8947,2019-05-17,0000008947-19-000058,azz201922810-k.htm,32218,1.2415419951579862,0.0,1.2415419951579862
BA,12927,2019-02-08,0000012927-19-000010,a201812dec3110k.htm,60148,0.0,0.1662565671344018,-0.1662565671344018
BAH,1443646,2019-05-28,0001443646-19-000093,bah-20190331x10k.htm,78045,0.3843936190659235,1.2813120635530784,-0.8969184444871549
BALL,9389,2019-02-22,0001558370-19-000909,bll-20181231x10k.htm,59972,0.0,0.6669779230307477,-0.6669779230307477
BANC,1169770,2019-03-01,0001169770-19-000005,banc-12312018x10k.htm,118533,0.4640058042907882,0.5483704959800224,-0.0843646916892342
BANF,760498,2019-02-26,0001564590-19-004389,banf-10k_20181231.htm,53831,0.0,0.7430662629339971,-0.7430662629339971
BANR,946673,2019-02-26,0000946673-19-000006,banr-12312018x10k.htm,98227,0.1018050026978325,1.1198550296761582,-1.0180500269783257
BAX,10456,2019-02-21,0001564590-19-003727,bax-10k_20181231.htm,61526,0.2437993693722979,1.300263303318922,-1.0564639339466242
BBSI,902791,2019-03-05,0001564590-19-006295,bbsi-10k_20181231.htm,31000,0.3225806451612903,1.2903225806451613,-0.967741935483871
BBWI,701985,2019-03-22,0000701985-19-000015,lb22201910k.htm,54130,0.0,0.461851099205616,-0.461851099205616
BBY,764478,2019-03-28,0000764478-19-000009,bby-2019x10k.htm,53574,0.4199798409676335,1.4932616567738082,-1.0732818158061743
BC,14930,2019-02-19,0000014930-19-000054,bc2018123110knew.htm,63837,3.0938170653382833,0.5482713786675439,2.5455456866707395
BCC,1328581,2019-02-26,0001328581-19-000025,bcc1231201810-k.htm,55830,0.0,0.1791151710549883,-0.1791151710549883
BCPC,9326,2019-02-28,0001628280-19-002288,bcpc-20181231x10xk.htm,38126,0.0,0.0,0.0
BCRX,882796,2019-03-14,0001171843-19-001727,f10k_031219p.htm,64445,0.6206843044456514,0.0,0.6206843044456514
BDC,913142,2019-02-20,0000913142-19-000004,bdc-20183112x10k.htm,53203,0.8458169652087288,0.657857639606789,0.1879593256019397
BDX,10795,2019-11-27,0000010795-19-000044,bdx2019-09x3010xk.htm,59176,0.0,0.2534811410031093,-0.2534811410031093
BE,1664703,2019-03-22,0001664703-19-000008,a2018q410kbloomenergycorp.htm,85647,53.358553130874405,0.4670332877975878,52.891519843076814
BELFA,729580,2019-03-08,0000729580-19-000007,bel10-k.htm,41382,0.724952878062926,0.8457783577400803,-0.1208254796771543
BFAM,1437578,2019-02-27,0001437578-19-000006,bfam-123118x10xk.htm,49760,0.0,0.0,0.0
BFC,1746109,2019-03-26,0001144204-19-016011,tv516828-10k.htm,100190,0.0,1.0480087833117078,-1.0480087833117078
BFH,1101215,2019-02-26,0001101215-19-000048,ads-20181231x10k.htm,63687,0.3140358314883728,2.0412329046744233,-1.7271970731860506
BFS,907254,2019-02-26,0000907254-19-000007,bfs-12312018x10k.htm,62084,0.0,0.7248244314155016,-0.7248244314155016
BGC,1094831,2019-03-01,0001564590-19-005654,bgcp-10k_20181231.htm,147770,0.0,0.7444000812072815,-0.7444000812072815
BHC,885590,2019-02-20,0000885590-19-000006,bhc2018form10-k.htm,132115,0.0,0.6433788744654279,-0.6433788744654279
BHE,863436,2019-02-28,0000863436-19-000006,form10k.htm,40139,0.3737013876778196,0.2491342584518797,0.1245671292259398
BHF,1685040,2019-02-26,0001685040-19-000009,brighthouse-12312018x10k.htm,146917,11.503093583451882,1.2592143863542,10.243879197097682
BIIB,875045,2019-02-06,0000875045-19-000006,biib-20181231x10k.htm,108455,0.1383062099488267,0.8759393296759025,-0.7376331197270758
BIO,12208,2019-04-01,0000012208-19-000014,a10k123118.htm,50513,0.0,0.395937679409261,-0.395937679409261
BJ,1531152,2019-03-25,0001531152-19-000010,bj-20190202x10k.htm,71345,0.7358609573200645,0.5606559674819539,0.1752049898381106
BKD,1332349,2019-04-29,0001193125-19-125727,d722182d10ka.htm,30444,0.0,0.0,0.0
BKE,885245,2019-04-03,0000885245-19-000007,bke20190202-10k.htm,26318,0.0,0.0,0.0
BKH,1130464,2019-02-19,0001130464-19-000012,bkh10k122018.htm,85476,62.21044503720343,0.6434554728812766,61.56698956432215
BKNG,1075531,2019-02-27,0001075531-19-000009,bkng1231201810k.htm,75688,0.0,0.660606701194377,-0.660606701194377
BKR,1701605,2019-02-19,0001701605-19-000021,fiscalyear2018form10-k.htm,65714,2.967404206105244,0.8369601606963509,2.1304440454088933
BKU,1504008,2019-02-27,0001504008-19-000009,document-20181231.htm,78396,0.0,0.3826725853359864,-0.3826725853359864
BL,1666134,2019-02-28,0001564590-19-005462,bl-10k_20181231.htm,57604,0.0,1.475591972779668,-1.475591972779668
BLBD,1589526,2019-12-12,0001589526-19-000054,a10-k201993019.htm,47597,0.4727188688362712,1.2605836502300565,-0.7878647813937854
BLD,1633931,2019-02-26,0001558370-19-001088,bld-20181231x10k.htm,35546,0.5626512125133629,0.5626512125133629,0.0
BLDR,1316835,2019-03-01,0001564590-19-005770,bldr-10k_20181231.htm,44962,0.0,0.2224100351407855,-0.2224100351407855
BLKB,1280058,2019-02-20,0001280058-19-000007,a201810-k.htm,57296,1.396258028483664,3.926975705110305,-2.5307176766266406
BMI,9092,2019-02-26,0001564590-19-004479,bmi-10k_20181231.htm,30590,0.8172605426610003,0.3269042170644001,0.4903563255966002
BMRN,1048477,2019-02-28,0001564590-19-005033,bmrn-10k_20181231.htm,80420,0.0,0.0,0.0
BMY,14272,2019-02-25,0000014272-19-000047,bmy-20181231x10xk.htm,69906,0.0,0.7152461877378193,-0.7152461877378193
BNL,1424182,2019-03-14,0001564590-19-007675,ck0001424182-10k_20181231.htm,76914,0.0,0.650076709051668,-0.650076709051668
BOH,46195,2019-03-01,0000046195-19-000042,bankofhawaii10k12312018.htm,75119,1.098257431541953,0.9984158468563212,0.0998415846856321
BOKF,875357,2019-03-01,0000875357-19-000011,a20181231bokf10k.htm,84485,0.0,0.4734568266556193,-0.4734568266556193
BOOT,1610250,2019-05-24,0001558370-19-005281,boot-20190330x10k.htm,52080,0.1920122887864823,1.0560675883256527,-0.8640552995391705
BOX,1372612,2019-03-20,0001564590-19-008669,box-10k_20190131.htm,58528,0.0,0.683433570256971,-0.683433570256971
BPOP,763901,2019-03-01,0001193125-19-059912,d667927d10k.htm,27544,0.0,0.9076386871914028,-0.9076386871914028
BRBR,1772016,2019-11-22,0001772016-19-000038,brbrfy201910k.htm,50825,0.0,0.4918839153959665,-0.4918839153959665
BRC,746598,2019-09-06,0000746598-19-000128,brc-20190731x10k.htm,51915,0.1926225561013194,0.3852451122026389,-0.1926225561013194
BRKR,1109354,2019-03-01,0001047469-19-000839,a2237863z10-k.htm,68708,0.4366303778308202,0.1455434592769401,0.2910869185538802
BRO,79282,2019-02-26,0000079282-19-000006,bro-20181231x10k.htm,57617,0.5206796605168613,0.867799434194769,-0.3471197736779076
BRX,1581068,2019-02-11,0001581068-19-000005,brx10k12312018.htm,60697,0.9885167306456664,1.89465706707086,-0.906140336425194
BTU,1064728,2019-02-27,0001064728-19-000013,btu_20181231-10k.htm,123212,2.3130863876895105,0.3652241664772911,1.9478622212122192
BURL,1579298,2019-03-20,0001564590-19-008656,burl-10k_20190202.htm,54030,0.0,0.555247084952804,-0.555247084952804
BV,1734713,2019-11-21,0001564590-19-044016,bv-10k_20190930.htm,57168,0.0,0.3498460677301987,-0.3498460677301987
BWA,908255,2019-02-19,0000908255-19-000014,a2018123110k.htm,57520,2.5208623087621698,0.0,2.5208623087621698
BWXT,1486957,2019-02-25,0001486957-19-000005,bwxt_123118x10kdocument.htm,63354,1.104902610727026,0.0,1.104902610727026
BX,1393818,2019-03-01,0001193125-19-061011,d663205d10k.htm,157561,0.0,1.1741484250544234,-1.1741484250544234
BXMT,1061630,2019-02-12,0001193125-19-035956,d613722d10k.htm,81148,0.0,1.0474688223985804,-1.0474688223985804
BXP,1037540,2019-02-28,0001656423-19-000006,bxpandbplp201810-k.htm,116054,0.0,0.2585003532838161,-0.2585003532838161
BY,1702750,2019-03-15,0001564590-19-008059,by-10k_20181231.htm,94624,0.0,0.4755664524856273,-0.4755664524856273
BYD,906553,2019-03-01,0000906553-19-000009,byd10k2018.htm,76858,0.0,0.585495329048375,-0.585495329048375
CABO,1632127,2019-02-28,0001437749-19-003504,cabo20181231_10k.htm,53957,0.0,0.4633319124488018,-0.4633319124488018
CACC,885550,2019-02-08,0000885550-19-000010,cacc-20181231x10k.htm,55524,0.0,1.1706649376846048,-1.1706649376846048
CACI,16058,2019-08-21,0001564590-19-032721,caci-10k_20190630.htm,42598,0.8803230198600873,0.2347528052960233,0.645570214564064
CAG,23217,2019-07-19,0000023217-19-000006,cag-2019x10k.htm,67072,0.0,0.969107824427481,-0.969107824427481
CAH,721371,2019-08-20,0000721371-19-000090,a19q4_10kx063019xform10-k.htm,50727,0.0,0.5914010290377906,-0.5914010290377906
CAKE,887596,2019-03-04,0001104659-19-012501,a19-30057_110k.htm,48396,0.3099429704934292,0.0,0.3099429704934292
CALM,16160,2019-07-22,0000016160-19-000048,calm-2019x06x01x10k.htm,38841,0.0,0.5149198012409567,-0.5149198012409567
CALX,1406666,2019-03-01,0001406666-19-000029,a2018form10-k.htm,56780,0.0,0.4402958788305741,-0.4402958788305741
CAR,723612,2019-02-21,0000723612-19-000025,car-20181231x10k.htm,65742,0.7605488120227556,1.6732073864500625,-0.9126585744273068
CASH,907471,2019-11-26,0000907471-19-000174,cash930201910-k.htm,87808,4.953990524781341,0.9110787172011662,4.042911807580175
CASY,726958,2019-06-28,0000726958-19-000078,casy-2019430x10k.htm,30041,3.5784427948470428,0.0,3.5784427948470428
CAT,18230,2019-02-14,0000018230-19-000034,cat_10-kx12312018.htm,81140,0.3697313285679073,0.7394626571358146,-0.3697313285679073
CATY,861842,2019-03-04,0001437749-19-003923,caty20181231_10k.htm,79796,0.8459070630106772,2.8196902100355907,-1.9737831470249136
CBL,910612,2019-03-01,0000910612-19-000023,cbl-12312018x10k.htm,91490,0.0,0.6011585965679309,-0.6011585965679309
CBOE,1374310,2019-02-22,0001558370-19-000884,cboe-20181231x10k.htm,76983,0.1948482132418845,0.3896964264837691,-0.1948482132418845
CBRE,1138118,2019-03-01,0001564590-19-005666,cbg-10k_20181231.htm,72126,0.0,1.3864625793749827,-1.3864625793749827
CBRL,1067294,2019-09-27,0001140361-19-017413,form10k.htm,40340,0.991571641051066,0.2478929102627665,0.7436787307882995
CBT,16040,2019-11-22,0001564590-19-044207,cbt-10k_20190930.htm,61437,0.2441525465110601,0.9766101860442404,-0.7324576395331803
CBU,723188,2019-03-01,0001140361-19-004202,form10k.htm,72226,0.0,1.6614515548417468,-1.6614515548417468
CBZ,944148,2019-02-28,0001564590-19-005524,cbz-10k_20181231.htm,46067,0.542687824255975,0.4341502594047799,0.1085375648511949
CC,1627223,2019-02-15,0001564590-19-003090,cc-10k_20181231.htm,81707,0.979108277136598,0.673136940531411,0.3059713366051868
CCB,1437958,2019-03-28,0001564590-19-009661,ck0001437958-10k_20181231.htm,66661,0.0,1.350114759754579,-1.350114759754579
CCI,1051470,2019-02-25,0001051470-19-000046,cci10-k123118.htm,57821,0.4323688625239964,0.1729475450095985,0.2594213175143979
CCK,1219601,2019-02-28,0001219601-19-000005,cck-12312018x10xk.htm,61150,0.490596892886345,0.0,0.490596892886345
CCL,815097,2019-01-28,0000815097-19-000004,a2018form10-kfrontpart.htm,24868,0.0,3.015924079137847,-3.015924079137847
CCOI,1158324,2019-02-22,0001047469-19-000604,a2237655z10-k.htm,41184,1.8210955710955712,1.0926573426573427,0.7284382284382285
CCS,1576940,2019-02-13,0001576940-19-000023,ccs-20181231x10k.htm,65203,1.8404061162829932,0.1533671763569161,1.6870389399260772
CDE,215466,2019-02-20,0000215466-19-000057,cde-12311810k.htm,62261,0.8030709432871299,0.481842565972278,0.321228377314852
CDNS,813672,2019-02-27,0000813672-19-000008,cdns1229201810-k.htm,50013,0.0,0.4998700337912143,-0.4998700337912143
CDP,860546,2019-02-21,0000860546-19-000007,copt10kdoc12312018.htm,70538,0.3544188947801185,0.5670702316481896,-0.212651336868071
CDW,1402057,2019-02-27,0001402057-19-000046,cdw-20181231x10k.htm,56086,0.0,0.3565952287558392,-0.3565952287558392
CE,1306830,2019-02-07,0001306830-19-000014,ce-20181231x10k.htm,69716,1.5778300533593437,0.7889150266796717,0.7889150266796717
CECO,3197,2019-03-07,0001564590-19-006619,cece-10k_20181231.htm,49036,2.2432498572477364,0.4078636104086793,1.8353862468390572
CELH,1341766,2019-03-14,0001615774-19-004030,s116616_10k.htm,27761,0.3602175714131335,0.7204351428262671,-0.3602175714131335
CENT,887733,2019-11-27,0000887733-19-000016,cent-2019x10k.htm,56859,0.0,0.0,0.0
CENX,949157,2019-02-28,0000949157-19-000031,a2018123110-k.htm,48279,3.831893784046894,0.2071293937322645,3.62476439031463
CF,1324404,2019-02-22,0001324404-19-000006,cf-12312018x10k.htm,85391,1.3467461442072348,0.5855418018292325,0.7612043423780024
CFG,759944,2019-02-21,0000759944-19-000024,citizens10-kx2018.htm,107012,0.4672373191791574,2.0091204724703773,-1.5418831532912196
CFR,39263,2019-02-06,0000039263-19-000009,a20181231-10k.htm,89908,0.0,1.1122480758108289,-1.1122480758108289
CG,1527166,2019-02-13,0001527166-19-000008,cg2018123110-k.htm,194873,1.2059135950080309,4.233526450560108,-3.0276128555520776
CGNX,851205,2019-02-14,0000851205-19-000003,cgnx-20181231x10xk.htm,45718,0.0,0.6561966840194233,-0.6561966840194233
CHCO,726854,2019-03-11,0000726854-19-000049,chco12-31x1810xk.htm,59852,0.0,0.8353939717970995,-0.8353939717970995
CHDN,20212,2019-02-27,0000020212-19-000012,chdn2018123110k.htm,62214,0.0,0.9644131545954286,-0.9644131545954286
CHE,19584,2019-02-27,0001157523-19-000468,a51945094.htm,23284,0.0,1.9326576189658131,-1.9326576189658131
CHEF,1517175,2019-03-01,0001517175-19-000003,chef-12282018x10k.htm,46573,0.0,0.6441500440169197,-0.6441500440169197
CHH,1046311,2019-02-26,0001046311-19-000011,chh1231201810-k.htm,70825,0.0,0.6353688669255206,-0.6353688669255206
CHRD,1486159,2019-03-01,0001486159-19-000006,oas-12312018x10k10xk18mast.htm,113537,2.9946184944115135,0.1761540290830302,2.8184644653284834
CHRW,1043277,2019-02-25,0001043277-19-000006,chrw10-k2018.htm,37960,0.0,0.5268703898840885,-0.5268703898840885
CHTR,1091667,2019-01-31,0001091667-19-000029,chtr12312018-10k.htm,78219,1.1506155793349442,0.2556923509633209,0.8949232283716233
CI,1739940,2019-02-28,0001047469-19-000792,a2237767z10-k.htm,112826,0.0,0.5317923173736551,-0.5317923173736551
CIM,1409493,2019-02-21,0001628280-19-001646,cim-123118x10xk.htm,76068,0.1971919861176841,1.3146132407845612,-1.1174212546668771
CINF,20286,2019-02-22,0000020286-19-000012,cinf-20181231x10k.htm,89979,2.833994598739706,0.555685215439158,2.278309383300548
CIVI,1509589,2019-02-28,0001509589-19-000023,bcei2018123110-k.htm,75882,6.720961492844152,1.779078042223452,4.941883450620701
CL,21665,2019-02-21,0000021665-19-000003,cl-12312018x10k.htm,55870,0.0,1.431895471630571,-1.431895471630571
CLDX,744218,2019-03-07,0001047469-19-000992,a2237804z10-k.htm,62150,0.0,0.0,0.0
CLF,764065,2019-02-08,0000764065-19-000025,clf-2018123110xk.htm,83319,0.180030965326036,1.0801857919562166,-0.9001548266301804
CLH,822818,2019-02-27,0000822818-19-000003,clh-20181231x10k.htm,62658,1.236873184589358,0.8777809697085768,0.3590922148807813
CLSK,827876,2019-12-16,0001663577-19-000420,clsk.htm,44076,23.765768218531623,0.4537616843633723,23.312006534168255
CLX,21076,2019-08-14,0000021076-19-000012,fy19clx10k.htm,22262,0.0,1.1229898481717724,-1.1229898481717724
CMA,28412,2019-02-12,0000028412-19-000047,a201810k.htm,85996,0.5232801525652356,0.4651379133913205,0.058142239173915
CMC,22444,2019-11-01,0000022444-19-000045,cmc-8312019x10xka.htm,1278,0.0,0.0,0.0
CMCSA,1166691,2019-01-31,0001166691-19-000005,cmcsa-12312018x10k.htm,90486,0.5525716685454103,0.2210286674181641,0.3315430011272462
CME,1156375,2019-02-28,0001156375-19-000010,cme-2018123110k.htm,56977,0.0,0.0,0.0
CMG,1058090,2019-02-08,0001058090-19-000007,cmg-20181231x10k.htm,43494,0.0,1.6094173909044924,-1.6094173909044924
CMI,26172,2019-02-11,0000026172-19-000009,cmi201810-kdocument.htm,68793,3.5250679574956756,0.8721817626793424,2.652886194816333
CMPR,1262976,2019-08-09,0001262976-19-000053,cmpr0630201910-k.htm,66158,0.2267299495147979,0.8313431482209256,-0.6046131987061277
CMS,811156,2019-02-05,0000811156-19-000003,consumersenergy10k12312018.htm,76062,37.633772448791774,4.470037600904526,33.16373484788725
CNA,21175,2019-02-13,0000021175-19-000022,cna2018q4.htm,64786,0.0,0.154354335813293,-0.154354335813293
CNC,1071739,2019-02-19,0001071739-19-000032,form10-k.htm,63639,0.2357045208127092,0.8642499096466004,-0.6285453888338912
CNK,1385280,2019-02-28,0001564590-19-005358,cnk-10k_20181231.htm,65332,0.3826608706300128,0.6887895671340232,-0.3061286965040103
CNLHN,23426,2019-02-26,0000072741-19-000017,a201810kdocument.htm,122143,36.985336859255135,1.1871331144641937,35.79820374479094
CNMD,816956,2019-02-25,0000816956-19-000003,cnmd10k2018.htm,40728,0.0,0.0,0.0
CNNE,1704720,2019-03-18,0001704720-19-000012,cnne12311810-k.htm,54634,0.0,1.4642896364900977,-1.4642896364900977
CNO,1224608,2019-02-26,0001224608-19-000010,cno1231201810-k.htm,111949,0.9825902866483844,2.009843768144423,-1.0272534814960383
CNOB,712771,2019-02-28,0001206774-19-000612,cob3529071-10k.htm,58135,2.49419454717468,1.8061408789885611,0.6880536681861186
CNP,1130310,2019-02-28,0001130310-19-000016,cnp_10kx12312018.htm,102155,1.7130830600557976,3.866673192697372,-2.153590132641574
CNR,1710366,2019-02-08,0001710366-19-000005,ceix-12312018form10xk.htm,82517,1.8178072397203,0.7271228958881201,1.09068434383218
CNX,1070412,2019-02-07,0001070412-19-000024,cnx-123118x10k.htm,86103,1.3936796627295216,0.2322799437882536,1.161399718941268
CNXN,1050377,2019-02-07,0001558370-19-000459,pccc-20181231x10k.htm,39217,0.0,0.0,0.0
COGT,1622229,2019-03-28,0001193125-19-089299,d648044d10k.htm,87166,0.1720854461602,0.6883417846408003,-0.5162563384806003
COHR,820318,2019-08-16,0001564590-19-032471,iivi-10k_20190630.htm,59249,0.7595064895610052,1.0126753194146736,-0.2531688298536684
COHU,21535,2019-03-14,0001437749-19-004933,cohu20181229_10k.htm,51189,0.2930317060305925,0.2930317060305925,0.0
COKE,317540,2019-02-27,0001564590-19-005000,coke-10k_20181230.htm,69244,0.2166252671711628,0.7220842239038762,-0.5054589567327133
COLB,887343,2019-02-28,0000887343-19-000033,colb2018form10-k.htm,62651,0.0,0.3990359291950647,-0.3990359291950647
COLD,1455863,2019-02-26,0001628280-19-001983,k20181231artandsubs10-k.htm,111459,0.1345786342960191,0.7177527162454356,-0.5831740819494164
COLL,1267565,2019-02-27,0001558370-19-001187,coll-20181231x10k.htm,67220,0.0,0.3719131210949122,-0.3719131210949122
COLM,1050797,2019-02-21,0001050797-19-000007,colm-20181231x10k.htm,49635,0.0,0.0,0.0
COMM,1517228,2019-04-26,0001564590-19-013388,comm-10ka_20181231.htm,29769,0.0,0.6718398333837213,-0.6718398333837213
COO,711404,2019-12-20,0000711404-19-000051,coo20191031-10k.htm,58443,0.0,0.7699810071351574,-0.7699810071351574
COOP,933136,2019-03-11,0000933136-19-000030,mrcooper1231201810-k.htm,95339,0.0,1.8879996643556152,-1.8879996643556152
COP,1163165,2019-02-19,0001193125-19-043841,d636257d10k.htm,92725,0.2696144513345915,1.1863035858722029,-0.9166891345376112
COR,1140859,2019-11-19,0001140859-19-000040,a10-kx9302019.htm,61368,0.0,2.0368921913700953,-2.0368921913700953
CORT,1088856,2019-02-26,0001628280-19-001879,cort12311810-kdoc.htm,39040,0.0,0.2561475409836065,-0.2561475409836065
COST,909832,2019-10-11,0000909832-19-000019,cost10k9119.htm,31470,0.0,0.0,0.0
COTY,1024305,2019-08-28,0001024305-19-000097,coty-063019x10k.htm,90695,0.0,1.0474667842769725,-1.0474667842769725
CP,16875,2019-04-24,0001193125-19-115178,d929494d10ka.htm,26399,0.3788022273570968,0.7576044547141937,-0.3788022273570968
CPAY,1175454,2019-03-01,0001175454-19-000004,flt_10-kx12312018.htm,84930,0.7064641469445425,2.0016484163428707,-1.295184269398328
CPB,16732,2019-09-26,0000016732-19-000070,cpb-7282019x10xk.htm,56736,0.0,0.5287648054145516,-0.5287648054145516
CPK,19745,2019-02-27,0001628280-19-002015,cpk1231201810-k.htm,58263,2.3170794500798104,0.3432710296414534,1.973808420438357
CPRI,1530721,2019-05-29,0001530721-19-000023,cpri0330201910-k.htm,63969,0.0,0.3126514405415123,-0.3126514405415123
CPRT,900075,2019-09-30,0000900075-19-000022,cprt07312019-10k.htm,56008,0.0,1.3390944150835595,-1.3390944150835595
CPRX,1369568,2019-03-18,0001193125-19-078253,d668736d10k.htm,55285,0.0,0.7235235597359139,-0.7235235597359139
CPT,906345,2019-02-15,0000906345-19-000006,cpt1231201810k.htm,46386,0.0,0.2155822877592377,-0.2155822877592377
CQP,1383650,2019-02-26,0001383650-19-000005,cqp2018form10-k.htm,75228,1.329292284787579,0.1329292284787579,1.1963630563088212
CRAI,1053706,2019-02-28,0001047469-19-000778,a2237825z10-k.htm,54510,0.183452577508714,0.550357732526142,-0.366905155017428
CRC,1609253,2019-02-27,0001609253-19-000058,a2018ye10-kdocument.htm,63915,3.833215989986701,0.3129155910193225,3.5203003989673785
CRI,1060822,2019-02-25,0001060822-19-000004,a10k-crix20181229.htm,53485,0.0,1.1218098532298777,-1.1218098532298777
CRK,23194,2019-03-01,0001564590-19-005805,crk-10k_20181231.htm,50366,2.4818329825676053,0.1985466386054084,2.283286343962197
CRL,1100682,2019-02-13,0001100682-19-000004,crl1229201810-k.htm,62665,0.2393680682996888,1.3564190536982368,-1.117050985398548
CRNX,1658247,2019-03-13,0001564590-19-007561,crnx-10k_20181231.htm,69984,0.0,0.5001143118427069,-0.5001143118427069
CROX,1334036,2019-02-28,0001334036-19-000012,crox12311810-k.htm,53606,0.0,0.5596388463977913,-0.5596388463977913
CRS,17843,2019-08-29,0000017843-19-000058,crs630201910k.htm,45792,0.0,0.0,0.0
CRUS,772406,2019-05-24,0000772406-19-000008,a10-kxcrus33019.htm,40390,0.7427581084426839,1.2379301807378065,-0.4951720722951225
CRVL,874866,2019-06-07,0001564590-19-022038,crvl-10k_20190331.htm,36414,0.0,0.0,0.0
CSGP,1057352,2019-02-28,0001057352-19-000017,csgp20181231-10k.htm,55233,0.8147303242626691,0.0,0.8147303242626691
CSGS,1005757,2019-02-22,0001564590-19-003884,csgs-10k_20181231.htm,53914,0.5564417405497644,0.1854805801832548,0.3709611603665096
CSL,790051,2019-02-14,0000790051-19-000070,csl2018form10-k.htm,47435,0.0,0.0,0.0
CSW,1624794,2019-05-22,0001624794-19-000021,wfx-20190331.htm,43993,0.0,0.9092355602027596,-0.9092355602027596
CSX,277948,2019-02-06,0000277948-19-000011,csx-12312018x10k.htm,47587,0.3152121377687183,0.0,0.3152121377687183
CTAS,723254,2019-07-26,0000723254-19-000021,ctas531201910k.htm,42716,0.0,0.351156475325405,-0.351156475325405
CTBI,350852,2019-04-01,0000350852-19-000045,ctbi10k2018.htm,54078,0.0,2.403935056769851,-2.403935056769851
CTOS,1709682,2019-03-04,0001213900-19-003533,f10k2018_capitolinvestment4.htm,47629,0.3149341787566398,6.088727455961704,-5.773793277205065
CTRA,858470,2019-02-26,0000858470-19-000008,cog-12312018x10k.htm,57849,0.0,0.1728638351570467,-0.1728638351570467
CTRE,1590717,2019-02-13,0001628280-19-001311,ctre2018123110kq4.htm,59162,0.929650789358034,0.929650789358034,0.0
CTS,26058,2019-02-22,0000026058-19-000020,ctscorp-20181231x10xk.htm,38444,0.0,0.7803558422640724,-0.7803558422640724
CUBE,1298675,2019-02-22,0001298675-19-000009,cube-20181231x10k.htm,68121,0.0,0.5137916354721745,-0.5137916354721745
CUBI,1488813,2019-04-24,0001488813-19-000031,cubi-12312018x10ka.htm,3659,0.0,2.7329871549603717,-2.7329871549603717
CUZ,25232,2019-02-06,0000025232-19-000006,form10-kdecember312018.htm,44583,0.3364511136531862,0.4486014848709149,-0.1121503712177287
CVBF,354647,2019-03-01,0001193125-19-060523,d679831d10k.htm,81524,0.0,2.023943869290025,-2.023943869290025
CVCO,278166,2019-05-29,0000278166-19-000053,cvco-2019330x10k.htm,48123,2.805311389564242,0.7273029528499886,2.0780084367142533
CVI,1376139,2019-02-21,0001376139-19-000011,cvi2018form10-k.htm,61920,10.093669250645997,0.8882428940568475,9.205426356589149
CVLT,1169561,2019-05-02,0001169561-19-000022,a2019033110k.htm,38699,0.387606914907362,0.775213829814724,-0.387606914907362
CVS,64803,2019-02-28,0000064803-19-000013,cvs-2018231x10k.htm,55765,0.0,0.0,0.0
CVX,93410,2019-02-22,0000093410-19-000008,cvx12312018-10kdoc.htm,66154,1.4360431719926234,0.604649756628473,0.8313934153641503
CW,26324,2019-02-27,0000026324-19-000003,a20181231-10k.htm,43940,0.0,0.4551661356395084,-0.4551661356395084
CWH,1669779,2019-03-15,0001558370-19-002047,cwh-20181231x10k.htm,118390,0.3800996705802855,0.4223329673114283,-0.0422332967311428
CWK,1628369,2019-04-30,0001193125-19-129642,d738521d10ka.htm,19356,0.0,1.549907005579665,-1.549907005579665
CWST,911177,2019-02-22,0000911177-19-000014,cwst-123118x10k.htm,73029,2.5332402196387735,0.6846595188212902,1.8485807008174835
CXT,25445,2019-02-26,0001628280-19-001892,cr-20181231x10k.htm,56289,0.0,0.7994457176357725,-0.7994457176357725
CXW,1070985,2019-02-25,0001564590-19-004033,cxw-10k_20181231.htm,78848,0.190239448051948,1.0146103896103895,-0.8243709415584415
CZR,1590895,2019-03-01,0001564590-19-005640,eri-10k_20181231.htm,77612,0.2899036231510591,0.3865381642014122,-0.096634541050353
D,715957,2019-02-28,0001193125-19-057924,d662998d10k.htm,146357,24.033698422350827,0.5807716747405317,23.452926747610295
DAKT,915779,2019-06-07,0000915779-19-000017,dakt_2019042710-k.htm,45683,0.0,0.5472495238929141,-0.5472495238929141
DAL,27904,2019-02-15,0000027904-19-000003,dal1231201810k.htm,57561,3.648303538854433,0.5211862198363475,3.1271173190180854
DAN,26780,2019-02-15,0000026780-19-000004,dan-20181231x10k.htm,62492,3.6804711003008386,0.1600204826217756,3.520450617679063
DAR,916540,2019-02-27,0000916540-19-000004,dar-2018122910xk.htm,84554,9.816212124795989,0.8278733117297822,8.988338813066207
DAY,1725057,2019-02-28,0001564590-19-005517,cday-10k_20181231.htm,69690,0.0,0.5022241354570239,-0.5022241354570239
DBD,28823,2019-03-01,0000028823-19-000069,dbd12312018-10k.htm,69442,0.0,0.4320152069352841,-0.4320152069352841
DBRG,1679688,2019-03-01,0001679688-19-000015,clny201810-k.htm,162929,0.1534410694228774,0.4603232082686324,-0.3068821388457549
DBX,1467623,2019-02-25,0001467623-19-000005,a12311810-k.htm,60283,0.0,0.9953054758389596,-0.9953054758389596
DCI,29644,2019-09-27,0000029644-19-000023,dci2019073110-k.htm,34965,0.429000429000429,0.286000286000286,0.143000143000143
DCO,30305,2019-02-28,0001628280-19-002279,dco10-k2018.htm,45851,0.7088176920895946,0.5452443785304574,0.1635733135591372
DCOM,846617,2019-03-11,0000846617-19-000017,bdge-20181231x10k.htm,58382,0.0,1.4559281970470352,-1.4559281970470352
DD,1666700,2019-02-11,0001666700-19-000006,a2018dwdp10-k.htm,128347,3.330814121093598,0.8180946964089538,2.512719424684644
DE,315189,2019-12-19,0001558370-19-011614,de-20191103x10k.htm,75888,0.1976597090449083,1.251844823951086,-1.0541851149061776
DEA,1622194,2019-02-28,0001564590-19-005484,dea-10k_20181231.htm,56262,0.1777398599409903,0.5332195798229711,-0.3554797198819807
DECK,910521,2019-05-30,0000910521-19-000011,deck331201910-kdocument.htm,61783,0.2427852321836104,2.0232102681967534,-1.7804250360131428
DEI,1364250,2019-02-15,0001364250-19-000007,a2018q410-k.htm,47097,0.3184916236702975,0.5308193727838291,-0.2123277491135316
DFIN,1669811,2019-02-27,0001564590-19-004946,dfin-10k_20181231.htm,61242,0.0,0.2449299500342902,-0.2449299500342902
DG,29534,2019-03-22,0001558370-19-002383,dg-20190201x10k.htm,43333,0.0,1.615397041515704,-1.615397041515704
DGII,854775,2019-11-27,0000854775-19-000022,dgii-fy2019930x10k.htm,41010,0.0,0.60960741282614,-0.60960741282614
DGX,1022079,2019-02-21,0001022079-19-000030,dgx1231201810-k.htm,68125,0.146788990825688,0.8073394495412844,-0.6605504587155964
DHC,1075415,2019-03-01,0001075415-19-000013,snh_123118x10kdocument.htm,118810,0.757511993939904,0.673343994613248,0.084167999326656
DHI,882184,2019-11-25,0000882184-19-000147,a2019930-10k.htm,62043,0.0,0.0,0.0
DIOD,29002,2019-02-21,0001564590-19-003715,diod-10k_20181231.htm,57603,0.5208062080099995,1.2152144853566655,-0.694408277346666
DIS,1744489,2019-11-20,0001744489-19-000225,fy2019q410k.htm,77762,0.0,0.4500913042360022,-0.4500913042360022
DK,1694426,2019-06-27,0001694426-19-000103,dk-10kax062619.htm,116618,7.653192474575109,0.2572501672126087,7.3959423073625
DKL,1552797,2019-03-01,0001552797-19-000011,dkl-10kx123118.htm,92859,1.857655154589216,0.5384507694461496,1.3192043851430664
DKS,1089063,2019-03-29,0001089063-19-000017,dks-10k_20190202.htm,37988,0.0,0.0,0.0
DLB,1308547,2019-11-25,0001628280-19-014472,a10-kfy19q4.htm,53036,0.0,0.3771023455765895,-0.3771023455765895
DLR,1297996,2019-02-25,0001297996-19-000032,dlrq412311810kss.htm,111004,8.986162660805016,0.8107815934560917,8.175381067348924
DLTR,935703,2019-03-27,0000935703-19-000024,dltr-2019x02x02x10k.htm,43617,0.0,0.5731710113029324,-0.5731710113029324
DNLI,1714899,2019-03-12,0001714899-19-000015,dnli-20181231.htm,96299,0.1557648573713122,0.6230594294852491,-0.4672945721139367
DNOW,1599617,2019-02-14,0001564590-19-002939,dnow-10k_20181231.htm,39283,2.8001934679123286,0.5091260850749688,2.2910673828373596
DNTH,1690585,2019-03-19,0001193125-19-078948,d650042d10k.htm,96889,0.0,1.702979698417777,-1.702979698417777
DOC,765880,2019-02-14,0001628280-19-001407,hcp10-k12312018.htm,86676,0.0,3.2881074345839676,-3.2881074345839676
DOCU,1261333,2019-03-26,0001261333-19-000012,fy1910k.htm,65676,0.0,0.6090504902856447,-0.6090504902856447
DORM,868780,2019-02-26,0001564590-19-004498,dorm-10k_20181229.htm,31934,0.0,0.3131458633431452,-0.3131458633431452
DOV,29905,2019-02-15,0000029905-19-000019,wfx-20181231.htm,61719,0.8911356308430143,0.0,0.8911356308430143
DPZ,1286681,2019-02-21,0001193125-19-046191,d696297d10k.htm,54009,0.0,0.18515432613083,-0.18515432613083
DRH,1298946,2019-02-27,0001298946-19-000025,drh_10kx12312018.htm,57641,0.520462864974584,0.260231432487292,0.260231432487292
DRI,940944,2019-07-19,0000940944-19-000025,dri-201910xk.htm,51732,0.2899559266991417,0.1933039511327611,0.0966519755663805
DSGR,703604,2019-03-04,0000703604-19-000023,a2018-10k.htm,28708,0.0,0.3483349588964748,-0.3483349588964748
DTE,936340,2019-02-07,0000936340-19-000086,dteenergy2018123110k.htm,80774,17.022804367742093,0.3714066407507366,16.65139772699136
DUK,1326160,2019-02-28,0001326160-19-000057,duk-20181231x10k.htm,168299,24.524804068948715,0.9209799226376864,23.60382414631103
DVA,927066,2019-02-22,0000927066-19-000025,dva-123118x10k.htm,111514,0.0,0.4035367756514877,-0.4035367756514877
DVAX,1029142,2019-02-27,0001564590-19-004888,dvax-10k_20181231.htm,53903,0.0,0.7420737250245812,-0.7420737250245812
DVN,1090012,2019-02-20,0001564590-19-003382,dvn-10k_20181231.htm,58663,0.0,0.170465199529516,-0.170465199529516
DX,826675,2019-02-27,0000826675-19-000012,a2018form10-k.htm,56987,0.5264358537912155,0.5264358537912155,0.0
DXC,1688568,2019-06-13,0001688568-19-000055,dxcfy1910-k.htm,73786,0.271054129509663,0.880925920906405,-0.6098717913967419
DXCM,1093557,2019-02-21,0001093557-19-000041,dxcm-12312018x10k.htm,78665,0.1906820059747028,0.8262886925570457,-0.6356066865823429
DXPE,1020710,2019-03-08,0001020710-19-000023,dxpe12311810k.htm,42525,0.2351557907113462,0.7054673721340388,-0.4703115814226925
DY,67215,2019-03-04,0000067215-19-000008,dyfy201910k.htm,61134,0.4907252919815488,1.4721758759446464,-0.9814505839630976
EAI,7323,2019-02-26,0000065984-19-000082,etr-12312018x10k.htm,261671,21.63976902293338,1.0318300461266248,20.607938976806754
EAT,703351,2019-08-22,0000703351-19-000037,eat2019062610k.htm,14100,0.0,0.7092198581560284,-0.7092198581560284
ECPG,1084961,2019-02-27,0001084961-19-000020,ecpg-20181231x10k.htm,68957,0.0,0.725089548559247,-0.725089548559247
ECVT,1708035,2019-03-01,0001708035-19-000005,pqform10-k12312018.htm,106745,0.3981451121832404,0.1873624057332896,0.2107827064499508
EEFT,1029199,2019-02-28,0001029199-19-000004,eeft1231201810k.htm,64408,0.0,0.6210408644888834,-0.6210408644888834
EFC,1411342,2019-03-14,0001411342-19-000040,efc-20181231x10xk.htm,108594,0.0,1.519420962484115,-1.519420962484115
EFSC,1025835,2019-02-22,0001025835-19-000033,a20181231-10k.htm,64581,0.0,0.6193772162091018,-0.6193772162091018
EFX,33185,2019-02-21,0000033185-19-000007,efx10k20181231.htm,75917,0.3293070063358668,0.5268912101373869,-0.1975842038015201
EG,1095073,2019-03-01,0001095073-19-000011,group10k2018.htm,85282,0.7035482282310452,0.762177247250299,-0.0586290190192537
EGP,49600,2019-02-14,0000049600-19-000007,egp1231201810k.htm,65120,0.2303439803439803,1.382063882063882,-1.1517199017199016
EHC,785161,2019-02-27,0000785161-19-000011,ehc10k123118.htm,92635,0.0,0.4857775138986344,-0.4857775138986344
EIG,1379041,2019-02-28,0001379041-19-000023,eig-2018x10k.htm,61612,0.0,0.1623060442770889,-0.1623060442770889
EIX,827052,2019-02-28,0000827052-19-000034,eix-sceq4201810k.htm,82405,14.380195376494145,1.9416297554760027,12.438565621018142
ELAN,1739104,2019-02-20,0001739104-19-000006,elanco-20181231document10k.htm,59859,0.0,1.5035333032626672,-1.5035333032626672
ELF,1600033,2019-12-04,0001600033-19-000067,q42018form10-kaxamendment.htm,1412,0.0,0.0,0.0
ELME,104894,2019-02-19,0000104894-19-000023,wre10-kx12312018.htm,53034,0.1885582833653882,0.5656748500961647,-0.3771165667307765
ELS,895417,2019-02-26,0000895417-19-000012,els1231201810-k.htm,58748,1.1064206441070334,0.0,1.1064206441070334
ELV,1156039,2019-02-20,0001156039-19-000004,antm-2018123110kq42018.htm,92592,0.0,0.0,0.0
EME,105634,2019-02-21,0000105634-19-000044,eme-20181231x10k.htm,58119,0.9463342452554244,0.1720607718646226,0.7742734733908017
EMN,915389,2019-02-27,0000915389-19-000009,emn2018123110k.htm,62853,1.193260464894277,1.8296660461712249,-0.6364055812769478
EMR,32604,2019-11-18,0000032604-19-000048,emr-09302019x10xk.htm,38724,0.0,0.2582377853527528,-0.2582377853527528
ENB,895728,2019-02-15,0000895728-19-000033,ei12312018-10kxdocument.htm,96633,31.01942400629185,1.3970382788488405,29.622385727443007
ENOV,1420800,2019-02-21,0001420800-19-000002,cfx10-kx201810k.htm,75283,0.3320802837293944,0.5313284539670311,-0.1992481702376366
ENPH,1463101,2019-03-15,0001463101-19-000033,a2018form10-k.htm,56142,83.18193153076128,0.0,83.18193153076128
ENR,1632790,2019-11-19,0001632790-19-000080,enrfy1910-k.htm,67939,23.88171742298238,0.5151680183694196,23.36654940461296
ENS,1289308,2019-05-29,0001289308-19-000028,ens-10k3312019.htm,62006,10.44253781892075,1.5321097958262104,8.91042802309454
ENSG,1125376,2019-02-06,0001125376-19-000016,ensg1231201810k.htm,109885,0.0,0.2275105792419347,-0.2275105792419347
ENTG,1101302,2019-02-11,0001101302-19-000010,entg-12312018x10k.htm,57210,1.8353434714210803,0.1747946163258171,1.660548855095263
ENVA,1529864,2019-02-27,0001564590-19-004886,enva-10k_20181231.htm,79072,0.1264670174018616,1.9602387697288544,-1.833771752326993
EPAC,6955,2019-10-29,0000006955-19-000033,atu10-k08312019.htm,40925,0.0,0.0,0.0
EPAM,1352010,2019-02-26,0001352010-19-000008,epam-20181231x10k.htm,52366,0.0,0.8593362105182751,-0.8593362105182751
EPC,1096752,2019-11-26,0001096752-19-000041,epc10k93019.htm,59066,0.0,0.4232553414824095,-0.4232553414824095
EPD,1061219,2019-03-01,0001061219-19-000007,form10k.htm,135392,0.4062278421177027,0.9601748995509336,-0.5539470574332309
EPR,1045450,2019-02-28,0001045450-19-000027,epr-12312018x10k.htm,74961,0.0,0.3335067568468937,-0.3335067568468937
EPRT,1728951,2019-02-28,0001564590-19-005137,eprt-10k_20181231.htm,90675,0.4411359250068927,1.764543700027571,-1.3234077750206783
EQH,1333986,2019-03-08,0001333986-19-000010,eqhs-1and10xk.htm,220654,10.072330435886048,1.9940721672845267,8.078258268601521
EQR,906107,2019-02-21,0001564590-19-003683,eqr-10k_20181231.htm,76525,0.3266906239790917,2.7442012414243706,-2.417510617445279
EQT,33213,2019-04-29,0001104659-19-024617,a19-8685_110ka.htm,43953,0.0,1.13757877733033,-1.13757877733033
ES,72741,2019-02-26,0000072741-19-000017,a201810kdocument.htm,122143,36.985336859255135,1.1871331144641937,35.79820374479094
ESE,866706,2019-11-29,0001104659-19-068679,ese-20180930x10k30c48b.htm,44331,5.301030881324581,0.7895152376440865,4.511515643680494
ESI,1590714,2019-02-28,0001590714-19-000040,esi10-k20181231document.htm,64081,0.8582887283282096,0.9363149763580468,-0.0780262480298372
ESNT,1448893,2019-02-19,0001448893-19-000015,a12311810k.htm,71613,0.3490986273441973,1.6058536857833074,-1.25675505843911
ESRT,1541401,2019-02-28,0001628280-19-002205,esrt12-31x1810xk.htm,77773,0.321448317539506,0.9000552891106168,-0.5786069715711109
ESS,920522,2019-02-21,0000920522-19-000009,ess-123118x10k.htm,75105,0.2662938552692896,0.3994407829039345,-0.1331469276346448
ESTA,1688757,2019-03-20,0001688757-19-000013,establishmentlabs10k_2018q4.htm,72910,0.4114661911946235,0.8915100809216843,-0.4800438897270608
ET,1276187,2019-02-22,0001276187-19-000011,et12-31x201810k.htm,161830,0.4325526787369462,0.4325526787369462,0.0
ETN,1551182,2019-02-27,0001551182-19-000045,etn12312018form10-k.htm,42929,0.232942765962403,0.232942765962403,0.0
ETSY,1370637,2019-02-28,0001370637-19-000028,etsy1231201810k.htm,76746,3.4203737002579935,3.6483986136085265,-0.2280249133505329
EVH,1628908,2019-02-28,0001628908-19-000006,evh12311810-k.htm,93262,0.2144496150629409,1.6619845167377925,-1.4475349016748515
EVR,1360901,2019-02-22,0001360901-19-000006,evr1231201810k.htm,81529,0.490622968514271,0.4292950974499871,0.0613278710642838
EVRG,1711269,2019-02-22,0001711269-19-000013,evrg-12312018x10k.htm,79276,17.91210454614259,0.6307079065543165,17.281396639588273
EVTC,1559865,2019-02-26,0001559865-19-000018,evertec10k12312018.htm,62117,0.2414797881417325,0.7244393644251976,-0.4829595762834651
EW,1099800,2019-02-15,0001099800-19-000004,ew10-kq42018.htm,50519,0.0,0.4948633187513609,-0.4948633187513609
EWBC,1069157,2019-02-27,0001069157-19-000016,ewbc10k12312018.htm,91862,7.211904813742353,0.8164420543859268,6.395462759356426
EXAS,1124140,2019-02-21,0001558370-19-000854,exas-20181231x10k.htm,65195,0.1533859958585781,0.3834649896464453,-0.2300789937878671
EXC,1109357,2019-02-08,0001628280-19-001107,exc-20181231x10k.htm,248141,20.88530311395537,0.7455438641739978,20.139759249781378
EXE,895126,2019-02-27,0000895126-19-000070,chk-20181231_10k.htm,68574,8.348645259136115,1.4582786478840375,6.890366611252078
EXEL,939767,2019-02-22,0000939767-19-000042,exel2018123110-k.htm,83029,0.0,0.9635187705500488,-0.9635187705500488
EXLS,1297989,2019-02-28,0001297989-19-000002,exls-12312018x10k.htm,75614,0.0,0.462877244954638,-0.462877244954638
EXP,918646,2019-05-23,0001564590-19-020349,exp-10k_20190331.htm,53575,0.0,0.5599626691553896,-0.5599626691553896
EXPD,746515,2019-02-22,0000746515-19-000004,a201810-k.htm,34683,0.0,0.5766513854049534,-0.5766513854049534
EXPE,1324424,2019-04-29,0001324424-19-000013,a201810-ka.htm,32690,0.0,0.9177118384827164,-0.9177118384827164
EXPI,1495932,2019-03-18,0001495932-19-000028,expi-20181231x10k.htm,37526,0.0,2.265096199968022,-2.265096199968022
EXPO,851520,2019-02-22,0001144204-19-009662,tv512970_10k.htm,31188,3.366679492112351,0.4809542131589072,2.8857252789534433
EXR,1289490,2019-02-26,0001628280-19-001968,q4201810kexrdocument.htm,47438,4.6376322779206545,1.0540073358910578,3.5836249420295965
EXTR,1078271,2019-08-29,0001564590-19-033615,extr-10k_20190630.htm,64533,0.8522771295306278,0.4648784342894333,0.3873986952411944
EYE,1710155,2019-02-27,0001710155-19-000016,nvhi201810-k.htm,78865,0.0,0.5705953211183669,-0.5705953211183669
EZPW,876523,2019-12-05,0000876523-19-000069,a2019-q410xk.htm,75255,0.0,0.9301707527739022,-0.9301707527739022
F,37996,2019-02-21,0000037996-19-000012,f1231201810-k.htm,70247,1.637080587071334,1.2100160860962037,0.4270645009751306
FAF,1472787,2019-02-20,0001564590-19-003456,faf-10k_20181231.htm,60650,0.4122011541632316,0.2473206924979389,0.1648804616652926
FANG,1539838,2019-03-12,0001539838-19-000030,diamondback201810-ka.htm,1042,0.0,0.0,0.0
FAST,815556,2019-02-06,0000815556-19-000015,fast1231201810-k.htm,36484,0.0,1.3704637649380549,-1.3704637649380549
FBIN,1519751,2019-02-25,0001193125-19-049951,d654795d10k.htm,48859,0.0,0.0,0.0
FBK,1649749,2019-03-12,0001628280-19-002811,fbk4q1810kmaster.htm,107744,0.0,0.5104692604692604,-0.5104692604692604
FBNC,811589,2019-03-01,0001174947-19-000284,form10k-21402_fbnc.htm,75209,0.265925620603917,1.263146697868606,-0.997221077264689
FBP,1057706,2019-03-01,0001057706-19-000003,fbp12312018x10k.htm,164111,0.4570077569449945,0.7921467787046572,-0.3351390217596626
FBRT,1562528,2019-03-29,0001562528-19-000004,bsprt-201810k.htm,65724,0.456454263282819,1.0650599476599112,-0.6086056843770921
FCF,712537,2019-03-01,0000712537-19-000008,fcf-20181231x10k.htm,65387,0.2294033982290058,0.7646779940966859,-0.5352745958676801
FCFS,840489,2019-02-05,0000840489-19-000005,fcfs1231201810-k.htm,60850,0.2465078060805259,0.7395234182415776,-0.4930156121610518
FCN,887936,2019-02-27,0000887936-19-000011,fti-123118x10k.htm,60373,0.2484554353767412,2.236098918390671,-1.98764348301393
FCNCA,798941,2019-02-20,0000798941-19-000009,fcnca_10kx12312018.htm,72600,0.0,0.4820936639118457,-0.4820936639118457
FCPT,1650132,2019-02-20,0001650132-19-000029,fcpt201810-k.htm,61549,0.0,0.9748330598385028,-0.9748330598385028
FCX,831259,2019-02-15,0000831259-19-000009,a2018form10-k.htm,114129,0.8323914167301912,0.8762014912949381,-0.0438100745647469
FDP,1047340,2019-02-19,0001047340-19-000023,fdp-122818x10k.htm,71907,0.6605754655318675,0.1390685190593405,0.521506946472527
FDS,1013237,2019-10-30,0001437749-19-020894,fds20190831_10k.htm,56592,0.0,0.8835171048911507,-0.8835171048911507
FDX,1048911,2019-08-15,0001193125-19-222475,d782708d10ka.htm,11880,0.8417508417508418,0.0,0.8417508417508418
FE,1031296,2019-03-06,0001031296-19-000015,fe-12312018x10ka.htm,969,0.0,0.0,0.0
FELE,38725,2019-02-28,0000038725-19-000046,a2018123110-k.htm,39989,1.125309460101528,0.7502063067343518,0.3751031533671759
FFBC,708955,2019-02-22,0000708955-19-000020,q42018form10-k.htm,24508,0.6120450465154235,0.0,0.6120450465154235
FFIN,36029,2019-02-19,0001193125-19-043555,d683596d10k.htm,55506,0.9908838684106224,1.621446330126473,-0.6305624617158505
FFIV,1048695,2019-11-15,0001048695-19-000034,ffiv10k9-30x2019.htm,47104,0.0,0.9553328804347826,-0.9553328804347826
FHB,36377,2019-02-28,0001558370-19-001219,fhb-20181231x10k.htm,101480,0.0,0.9361450532124556,-0.9361450532124556
FHI,1056288,2019-02-22,0001056288-19-000004,fii-10kfy2018.htm,57921,1.0358937173046046,2.071787434609209,-1.0358937173046046
FHN,36966,2019-02-28,0000930413-19-000767,c92653_10k.htm,31012,0.96736747065652,1.2898232942086931,-0.3224558235521733
FIBK,860413,2019-02-27,0000860413-19-000026,fibk-20181231x10k.htm,79403,0.0,0.5037593038046422,-0.5037593038046422
FICO,814547,2019-11-08,0000814547-19-000016,fico10-k2019.htm,55565,0.0,1.169801133807253,-1.169801133807253
FIS,1136893,2019-02-21,0001136893-19-000008,a10-k2018.htm,59807,0.0,1.254033808751484,-1.254033808751484
FIVE,1177609,2019-03-28,0001177609-19-000010,form10k2018_fivebelowform1.htm,46729,0.0,0.0,0.0
FIVN,1288847,2019-02-25,0001288847-19-000021,a12311810k.htm,64578,0.0,0.46455449224194,-0.46455449224194
FIX,1035983,2019-02-21,0001558370-19-000857,fix-20181231x10k.htm,46671,0.2142658181740267,0.3213987272610401,-0.1071329090870133
FIZZ,69891,2019-06-26,0001437749-19-012816,fizz20190427_10k.htm,17949,1.671402306535183,0.8357011532675915,0.8357011532675915
FLEX,866374,2019-05-21,0000866374-19-000006,flex331201910-k.htm,67460,6.411206640972428,3.7058997924696113,2.705306848502816
FLG,910073,2019-03-01,0001193125-19-058546,d681753d10k.htm,76637,0.0,2.805433406840038,-2.805433406840038
FLO,1128928,2019-02-20,0001564590-19-003388,flo-10k_20181229.htm,69696,0.9326216712580347,1.0043617998163452,-0.0717401285583103
FLR,1124198,2019-02-21,0001628280-19-001658,flr12-31x201810k.htm,63636,1.1000062857502044,0.7071468979822741,0.3928593877679301
FLS,30625,2019-02-22,0000030625-19-000010,fls12312018financialstatem.htm,2315,0.0,4.319654427645788,-4.319654427645788
FMC,37785,2019-02-28,0000037785-19-000039,fmc201810k.htm,72637,5.575670801382215,0.8260253039084764,4.749645497473739
FN,1408710,2019-08-20,0001193125-19-225268,d766673d10k.htm,58924,0.0,2.121376688615844,-2.121376688615844
FNB,37808,2019-02-26,0000037808-19-000005,fnb-10xk2018xq4.htm,87498,0.4285812247137077,1.0857391026080596,-0.6571578778943519
FND,1507079,2019-02-25,0001558370-19-000956,fnd-20181227x10k.htm,56255,0.0,0.177761976713181,-0.177761976713181
FNF,1331875,2019-02-19,0001331875-19-000010,fnf12311810-k.htm,61513,0.0,0.3251345244094744,-0.3251345244094744
FOLD,1178879,2019-02-28,0001178879-19-000024,amicus1231201810-k.htm,82182,0.3650434401693802,0.1825217200846901,0.1825217200846901
FOR,1406587,2019-11-21,0001406587-19-000036,for930201910-k.htm,31935,0.7045561296383279,1.2525442304681385,-0.5479881008298105
FORM,1039399,2019-02-26,0001039399-19-000010,form-20181229x10k.htm,43501,0.2298797728787844,0.4597595457575688,-0.2298797728787844
FOXA,1754301,2019-08-09,0001564590-19-031285,fox-10k_20190630.htm,56125,0.267260579064588,0.7126948775055679,-0.4454342984409799
FOXF,1424929,2019-02-26,0001424929-19-000015,foxf2018-12x2810xk.htm,55516,0.0,0.0,0.0
FR,921825,2019-02-20,0000921825-19-000003,fr-20181231x10k.htm,54283,0.2763296059539819,1.7500875043752189,-1.473757898421237
FRHC,924805,2019-06-14,0001654954-19-007343,frhc_10k.htm,35545,0.0,1.9693346462230976,-1.9693346462230976
FRME,712534,2019-09-27,0000712534-19-000238,a10-kaxesppfiling2019.htm,2114,0.0,4.7303689687795645,-4.7303689687795645
FRPT,1611647,2019-04-30,0001564590-19-014373,frpt-10ka_20181231.htm,16058,0.0,0.6227425582264292,-0.6227425582264292
FRT,34903,2019-02-13,0000034903-19-000013,frt-1231201810k.htm,53854,0.0,0.0,0.0
FSLR,1274494,2019-02-22,0001274494-19-000004,fslr10-k12x31x2018.htm,85792,150.85905445729205,0.2331219694143976,150.62593248787766
FSS,277509,2019-02-28,0000277509-19-000008,fss10k20181231.htm,57417,0.0,0.3483288921399585,-0.3483288921399585
FTAI,1590364,2019-02-28,0001590364-19-000002,ftai-20181231.htm,88003,0.227264979602968,1.0226924082133564,-0.7954274286103883
FTDR,1727263,2019-02-28,0001727263-19-000003,ftdr-20181231x10k.htm,55087,0.8168896472852034,1.0891861963802711,-0.2722965490950678
FTNT,1262039,2019-02-27,0001262039-19-000006,ftnt-201810xk.htm,61805,0.0,0.7280964323274816,-0.7280964323274816
FTV,1659166,2019-02-28,0001659166-19-000085,a20181231-10k.htm,66890,0.0,0.9717446554043953,-0.9717446554043953
FUBO,1484769,2019-06-10,0001493152-19-008897,form10-k.htm,37259,0.0,0.5367830591266539,-0.5367830591266539
FULT,700564,2019-03-01,0000700564-19-000012,fult1231201810k.htm,80961,0.0,0.864613826410247,-0.864613826410247
FYBR,20520,2019-03-01,0000020520-19-000005,ftr-20181231x10k.htm,62766,0.9559315553006404,0.7169486664754803,0.2389828888251601
G,1398659,2019-03-01,0001564590-19-005767,g-10k_20181231.htm,84532,0.0,1.5970283442956512,-1.5970283442956512
GABC,714395,2019-03-01,0000714395-19-000010,gabc-123118x10k.htm,56075,0.0,2.407489968791797,-2.407489968791797
GAP,39911,2019-03-19,0000039911-19-000023,fy201810-k.htm,41356,0.3627043234355354,0.6045072057258922,-0.2418028822903569
GATX,40211,2019-02-25,0000040211-19-000020,gatx20181231-10k.htm,54575,0.5497022446174988,0.3664681630783326,0.1832340815391663
GBCI,868671,2019-02-22,0000868671-19-000022,gbci-12312018x10k.htm,64224,0.0,1.0899352267065272,-1.0899352267065272
GBX,923120,2019-10-29,0001193125-19-277713,d759252d10k.htm,55057,0.0,0.0,0.0
GD,40533,2019-02-13,0000040533-19-000010,gd-2018123110k.htm,52142,0.2876759617966322,0.2876759617966322,0.0
GDDY,1609711,2019-02-22,0001609711-19-000012,a201810-kx10kdocument.htm,75921,0.0,1.1854427628719328,-1.1854427628719328
GE,40545,2019-02-26,0000040545-19-000014,ge10-k2018.htm,113139,20.152202158406915,0.3535474062878406,19.798654752119074
GEF,43920,2019-12-18,0000043920-19-000063,gef2019q410-k.htm,75740,0.198045946659625,1.5843675732770004,-1.3863216266173752
GEL,1022321,2019-02-28,0001022321-19-000029,gel1231201810-k.htm,105195,0.2851846570654499,1.2833309567945244,-0.9981462997290744
GEN,849399,2019-07-25,0001104659-19-041857,a19-13070_110ka.htm,29202,0.0,0.6848845969454147,-0.6848845969454147
GEO,923796,2019-02-25,0001193125-19-050054,d663410d10k.htm,102063,0.0,1.0777656937381814,-1.0777656937381814
GFF,50725,2019-11-22,0000050725-19-000077,gff-20190930x10k.htm,73234,0.8875658846983642,0.2048228964688532,0.682742988229511
GGG,42888,2019-02-19,0000042888-19-000011,ggg1228201810-k11.htm,31650,0.4739336492890995,0.0,0.4739336492890995
GH,1576280,2019-03-19,0001628280-19-003139,gh-12312018x10k.htm,94370,0.0,1.006675850376179,-1.006675850376179
GHC,104889,2019-02-25,0000104889-19-000013,d10k.htm,77143,0.3888881687256134,0.3888881687256134,0.0
GIC,945114,2019-03-14,0000945114-19-000013,a123118systemax10-k.htm,40363,3.964026459876619,1.362634095582588,2.6013923642940315
GIII,821002,2019-03-28,0001558370-19-002565,giii-20190131x10k.htm,59068,0.0,1.185074829010632,-1.185074829010632
GILD,882095,2019-04-18,0000882095-19-000008,a2018form10-ka.htm,3532,0.0,2.8312570781426953,-2.8312570781426953
GIS,40704,2019-06-28,0001193125-19-184675,d725716d10k.htm,52927,0.3778789653673928,0.5668184480510893,-0.1889394826836964
GKOS,1192448,2019-02-28,0001558370-19-001235,gkos-20181231x10k.htm,67162,0.6700217384830708,0.8189154581459754,-0.1488937196629046
GL,320335,2019-03-01,0000320335-19-000006,tmk201810-kdocumentxq42018.htm,57042,2.3666771852319344,0.7888923950773115,1.577784790154623
GLP,1323468,2019-03-08,0001558370-19-001709,glp-20181231x10k.htm,122467,11.860337886940972,0.8165464982403423,11.04379138870063
GLPI,1575965,2019-02-13,0001575965-19-000005,glpi-2018123110xk.htm,81684,0.1224229959355565,0.3672689878066696,-0.244845991871113
GM,1467858,2019-02-06,0001467858-19-000033,gm201810k.htm,67399,5.934806154393982,0.964406000089022,4.9704001543049605
GME,1326380,2019-04-02,0001326380-19-000052,a10k-fy18q4.htm,48200,0.0,0.5186721991701245,-0.5186721991701245
GMED,1237831,2019-02-21,0001237831-19-000014,gmed12311810k.htm,55098,0.0,1.0889687465969726,-1.0889687465969726
GNL,1526113,2019-02-28,0001526113-19-000006,gnl1231201810-k.htm,97549,0.1025125834196147,0.5125629170980738,-0.410050333678459
GNRC,1474735,2019-02-26,0001437749-19-003397,gnrc20181231_10k.htm,48197,0.6224453804178683,0.6224453804178683,0.0
GNTX,355811,2019-02-22,0000355811-19-000006,gntx12312018-10k.htm,33851,0.0,0.5908244955835869,-0.5908244955835869
GNW,1276520,2019-04-15,0001193125-19-106567,d699675d10ka.htm,31641,0.0,1.5802281849499067,-1.5802281849499067
GOGO,1537054,2019-02-21,0001193125-19-046812,d680726d10k.htm,87607,1.0273151688791993,1.0273151688791993,0.0
GOLF,1672013,2019-02-28,0001672013-19-000009,golf12311810-kdoc.htm,74331,0.2018000565040158,0.8072002260160632,-0.6054001695120474
GPC,40987,2019-08-09,0000040987-19-000042,gpc-12312018x10ka.htm,1217,0.0,0.0,0.0
GPI,1031203,2019-02-19,0001031203-19-000007,a2018form10-knew.htm,85731,0.1749658816530776,0.8165074477143623,-0.6415415660612848
GPK,1408075,2019-02-13,0001408075-19-000007,gpk1231201810k.htm,44593,0.2242504428946247,0.6727513286838742,-0.4485008857892494
GPN,1123360,2019-02-21,0001123360-19-000008,gpn20181231-10k.htm,59346,0.0,1.011020119300374,-1.011020119300374
GPOR,874499,2019-02-28,0001628280-19-002242,gpor-12312018x10k.htm,85490,2.0762662299684176,0.0,2.0762662299684176
GRBK,1373670,2019-03-08,0001373670-19-000005,a1231201810-k.htm,50301,0.0,0.5964096141229797,-0.5964096141229797
GRC,42682,2019-03-04,0001193125-19-062355,d713244d10k.htm,25563,0.5867855885459453,1.1735711770918906,-0.5867855885459453
GRPN,1490281,2019-02-12,0001490281-19-000014,a201810-k.htm,72623,0.1376974236812029,0.4130922710436087,-0.2753948473624058
GSAT,1366868,2019-02-28,0001366868-19-000020,gsat-20181231x10k.htm,68536,4.012489786389635,0.0,4.012489786389635
GT,42582,2019-02-08,0000950123-19-000989,gt-q4201810k.htm,69613,0.0,0.0,0.0
GTES,1718512,2019-02-14,0001718512-19-000004,gtes-201810xk.htm,66165,0.0,0.3778432706113504,-0.3778432706113504
GTLS,892553,2019-02-22,0000892553-19-000040,gtls-20181231x10xk.htm,68112,0.2202255109231853,0.6606765327695561,-0.4404510218463707
GTY,1052752,2019-02-27,0001564590-19-004983,gty-10k_20181231.htm,66233,0.1509821388129784,0.0,0.1509821388129784
GVA,861459,2019-02-22,0001564590-19-003791,gva-10k_20181231.htm,53393,0.6555166407581517,0.280935703182065,0.3745809375760867
GWRE,1528396,2019-10-01,0001528396-19-000036,gwre-7312019x10ka.htm,20903,0.0,0.9568004592642204,-0.9568004592642204
GWW,277135,2019-02-28,0000277135-19-000010,gww20181231-10k.htm,33927,0.8842514811212309,0.5895009874141539,0.2947504937070769
HAE,313143,2019-05-22,0000313143-19-000022,fy201910-kdocument.htm,55903,0.0,0.7155251059871564,-0.7155251059871564
HAL,45012,2019-02-13,0000045012-19-000044,hal12312018-10k.htm,39867,0.3762510346903454,0.5016680462537939,-0.1254170115634484
HALO,1159036,2019-02-21,0001159036-19-000006,halo2018-10k.htm,50615,0.0,0.5927096710461326,-0.5927096710461326
HAS,46080,2019-02-26,0001193125-19-052025,d678728d10k.htm,66523,0.0,0.6012957924326925,-0.6012957924326925
HASI,1561894,2019-03-26,0001561894-19-000036,hannonarmstrongfy201810-ka.htm,3434,32.032615026208504,2.9120559114735003,29.120559114735
HBI,1359841,2019-02-11,0001359841-19-000025,hbi-20181229x10k.htm,59695,0.1675182176061646,1.9264595024708937,-1.758941284864729
HCA,860730,2019-02-21,0001193125-19-047078,d676301d10k.htm,72523,0.2068309363925927,0.6204928091777782,-0.4136618727851854
HCC,1691303,2019-02-21,0001691303-19-000007,a123118form10-k.htm,79163,0.0,1.0105731212814066,-1.0105731212814066
HCI,1400810,2019-03-08,0001193125-19-069081,d675399d10k.htm,57999,2.413834721288298,0.172416765806307,2.241417955481991
HCSG,731012,2019-03-18,0000731012-19-000040,hcsg-20181231.htm,34511,2.028338790530555,0.5795253687230159,1.4488134218075397
HD,354950,2019-03-28,0000354950-19-000010,hd_10kx02032019.htm,38597,2.7204186853900563,3.2385936730834,-0.518174987693344
HE,354707,2019-02-28,0000354707-19-000043,hei-201810k.htm,115851,43.24520288991894,1.4242432089494264,41.82095968096952
HEI,46619,2019-12-19,0000046619-19-000095,hei1031201910k.htm,45308,2.6485388893793593,0.0,2.6485388893793593
HGV,1674168,2019-02-28,0001564590-19-005480,hgv-10k_20181231.htm,72219,0.0,1.038507871889669,-1.038507871889669
HIG,874766,2019-02-22,0000874766-19-000018,hig1231201810-kdocument.htm,145161,5.4250108500217005,0.2411115933342978,5.183899256687403
HIW,921082,2019-02-05,0000921082-19-000006,hiw1231201810k.htm,56937,0.0,0.7025308674499886,-0.7025308674499886
HL,719413,2019-02-22,0001437749-19-003108,hl20181231_10k.htm,97562,0.0,0.3074967712839015,-0.3074967712839015
HLI,1302215,2019-05-24,0001302215-19-000044,q419hli-03312019x10k.htm,52505,0.0,0.4761451290353299,-0.4761451290353299
HLIO,1024795,2019-02-26,0001564590-19-004297,snhy-10k_20181229.htm,45066,2.551812896640483,1.1094838681045578,1.4423290285359252
HLIT,851310,2019-03-01,0000851310-19-000008,hlit-20181231x10k.htm,62053,0.0,0.7251865340918247,-0.7251865340918247
HLNE,1433642,2019-05-30,0001433642-19-000071,hlne3311910k.htm,67369,0.0,0.3710905609404919,-0.3710905609404919
HLT,1585689,2019-02-13,0001585689-19-000034,q42018hwh10-k.htm,70224,0.0,0.996810207336523,-0.996810207336523
HLX,866829,2019-02-22,0000866829-19-000006,hlx12312018-10k.htm,50830,4.524886877828054,0.7869368483179224,3.737950029510132
HMN,850141,2019-03-01,0001628280-19-002351,a201810k.htm,72943,17.23948836762952,1.7136668357484612,15.52582153188106
HNI,48287,2019-02-26,0000048287-19-000045,a2018form10-k.htm,36637,0.4094221688457025,0.2729481125638016,0.1364740562819008
HOG,793952,2019-02-28,0000793952-19-000008,hog12-31x201810xk.htm,62040,0.0,2.6595744680851063,-2.6595744680851063
HOLX,859737,2019-11-27,0000859737-19-000026,holxq4-2019.htm,90572,0.1656140970719427,3.3674866404628365,-3.2018725433908934
HOMB,1331520,2019-02-26,0001193125-19-052017,d684920d10k.htm,88891,0.0,1.4624652664499218,-1.4624652664499218
HOPE,1128361,2019-03-01,0001128361-19-000006,hope-12x31x201810xk.htm,80166,0.0,0.561335229398997,-0.561335229398997
HOUS,1398987,2019-02-26,0001398987-19-000019,realogy10-k.htm,90089,0.2220026862325034,0.8325100733718878,-0.6105073871393843
HP,46765,2019-11-15,0000046765-19-000019,hp-20190930x10k.htm,64287,0.6222097780266617,1.322195778306656,-0.6999860002799944
HPE,1645590,2019-12-13,0001645590-19-000044,hpe-10312019x10k.htm,90500,0.0,2.0994475138121547,-2.0994475138121547
HPP,1482512,2019-02-19,0001482512-19-000031,hpp-20181231.htm,77841,0.1927005048753227,0.8350355211263987,-0.6423350162510759
HPQ,47217,2019-12-12,0000047217-19-000071,hp-103119x10k.htm,74419,0.3359357153415122,1.7468657197758637,-1.4109300044343516
HQY,1428336,2019-03-28,0001428336-19-000006,hqy-2019x01x3110k.htm,51016,0.2940254037948878,1.470127018974439,-1.1761016151795514
HR,1360604,2019-02-19,0001360604-19-000023,hta2018123110-k.htm,67383,0.0,0.1484053841473368,-0.1484053841473368
HRB,12659,2019-06-14,0001574842-19-000022,hrb2019043010k.htm,45518,0.0,0.219693308141834,-0.219693308141834
HRI,1364479,2019-02-28,0001364479-19-000004,herc2018form10-k.htm,60085,0.0,0.4160772239327619,-0.4160772239327619
HRL,48465,2019-12-06,0000048465-19-000057,hormel201910k.htm,44019,0.0,0.6815238874122538,-0.6815238874122538
HROW,1360214,2019-03-12,0001493152-19-003188,form10-k.htm,63091,0.0,0.8717566689385173,-0.8717566689385173
HSIC,1000228,2019-02-20,0001000228-19-000015,the10k_2018.htm,74904,0.0,0.8677774217665278,-0.8677774217665278
HSII,1066605,2019-02-26,0001066605-19-000003,hsii-123118x10k.htm,41280,0.0,0.3633720930232558,-0.3633720930232558
HST,1070750,2019-02-26,0001564590-19-004191,hst-10k_20181231.htm,76093,0.1971271996110023,1.8398538630360215,-1.6427266634250193
HTGC,1280784,2019-02-21,0001564590-19-003680,htgc-10k_20181231.htm,129937,11.582536152135264,0.9620046637986102,10.620531488336656
HTH,1265131,2019-11-20,0001558370-19-011154,f10-ka.htm,47049,0.8501774745478119,1.2752662118217175,-0.4250887372739059
HTO,766829,2019-02-27,0000766829-19-000063,sjw2018q410k.htm,59327,0.0,2.5283597687393597,-2.5283597687393597
HTZ,1657853,2019-02-25,0001657853-19-000005,hghthc201810-k.htm,100758,0.0,1.7368347922745588,-1.7368347922745588
HUBB,48898,2019-02-15,0001628280-19-001446,hubb-20181231x10k.htm,51971,0.0,1.924150006734525,-1.924150006734525
HUBG,940942,2019-03-01,0001564590-19-005778,hubg-10k_20181231.htm,36948,0.270650644148533,0.4059759662227996,-0.1353253220742665
HUBS,1404655,2019-02-12,0001564590-19-002699,hubs-10k_20181231.htm,54026,0.0,0.4627401621441528,-0.4627401621441528
HUM,49071,2019-02-21,0000049071-19-000023,hum-20181231x10k.htm,75292,0.1328162354566222,0.7968974127397332,-0.6640811772831111
HUN,1307954,2019-02-12,0001558370-19-000573,hun-20181231x10k.htm,82572,1.69548999660902,0.2422128566584314,1.4532771399505886
HURN,1289848,2019-02-27,0001289848-19-000014,hurn2018123110-k.htm,63279,0.4740909306404968,0.9481818612809936,-0.4740909306404968
HWC,750577,2019-03-01,0000750577-19-000004,hwc-20181231x10k.htm,83026,0.4817767928118902,1.083997783826753,-0.6022209910148628
HWKN,46250,2019-05-23,0000046250-19-000017,hwkn10k2019.htm,28559,0.0,0.350152316257572,-0.350152316257572
HWM,4281,2019-02-21,0000004281-19-000031,form10k_4q18.htm,77670,0.0,0.3862495171881035,-0.3862495171881035
HXL,717605,2019-02-06,0001564590-19-002166,hxl-10k_20181231.htm,43808,9.359021183345508,0.9130752373995618,8.445945945945946
IART,917520,2019-02-26,0000917520-19-000013,iart-20181231x10k.htm,73202,0.0,1.024562170432502,-1.024562170432502
IBKR,1381197,2019-02-28,0001140361-19-004097,bp15115x1_10k.htm,69991,5.0363618179480225,0.9286908316783586,4.107670986269663
IBOC,315709,2019-02-27,0001558370-19-001172,iboc-20181231x10k.htm,21612,0.0,2.082176568573015,-2.082176568573015
IBP,1580905,2019-02-28,0001193125-19-057931,d675567d10k.htm,47481,0.0,1.053052800067395,-1.053052800067395
IBRX,1326110,2019-03-13,0001564590-19-007562,nk-10k_20181231.htm,101911,0.0,1.128435595764932,-1.128435595764932
ICFI,1362004,2019-02-27,0001564590-19-004641,icfi-10k_20181231.htm,53358,0.8433599460249634,0.8433599460249634,0.0
ICUI,883984,2019-03-01,0000883984-19-000007,icui1231201810-k.htm,57324,0.0,0.6105645105017096,-0.6105645105017096
IDA,1057877,2019-02-21,0001057877-19-000024,ida12311810k.htm,90330,27.31650614413816,2.214103841470165,25.102402302667997
IDCC,1405495,2019-02-21,0001405495-19-000008,idcc-2018x10k.htm,76551,0.5878433985186347,1.1756867970372693,-0.5878433985186347
IDT,1005731,2019-10-11,0001213900-19-020184,f10k2019_idtcorporation.htm,57560,0.2605976372480889,0.2605976372480889,0.0
IDXX,874716,2019-02-15,0000874716-19-000004,idxx201810k.htm,75741,0.0,1.254274435246432,-1.254274435246432
IEP,813762,2019-03-01,0000813762-19-000006,a10k-fy2018.htm,91357,4.7615398929474475,0.2736517179854855,4.487888174961962
IESC,1048268,2019-12-06,0001048268-19-000007,a201910-k.htm,47845,3.553140349043787,0.3135123837391577,3.2396279653046296
IEX,832101,2019-02-28,0000832101-19-000005,iex-20181231x10k.htm,46336,0.3237223756906077,1.7265193370165746,-1.4027969613259668
IIIV,1728688,2019-11-22,0001728688-19-000108,iiiv-20190930.htm,64704,0.0,1.6227744807121662,-1.6227744807121662
IIPR,1677576,2019-03-14,0001144204-19-013981,tv515308_10k.htm,47175,0.3179650238473768,0.2119766825649178,0.1059883412824589
ILMN,1110803,2019-02-12,0001110803-19-000013,fy2018form10-k.htm,47279,0.0,0.6345311872078513,-0.6345311872078513
IMAX,921582,2019-02-26,0001193125-19-052075,d703352d10k.htm,79134,1.0109434629868324,0.7582075972401243,0.2527358657467081
IMKTA,50493,2019-12-10,0000050493-19-000017,imkt-20190928x10k.htm,30384,0.0,1.810163243812533,-1.810163243812533
IMO,49938,2019-02-27,0001193125-19-054202,d643211d10k.htm,83390,1.3191030099532317,2.878042930807051,-1.5589399208538193
INCY,879169,2019-02-14,0001558370-19-000682,incy-20181231x10k.htm,79080,2.276176024279211,0.1264542235710672,2.149721800708144
INDB,776901,2019-02-28,0000776901-19-000069,indb12-31x201810xk.htm,87526,0.0,1.371021182277266,-1.371021182277266
INOD,903651,2019-03-26,0001144204-19-015946,tv516211_10k.htm,40950,0.0,0.2442002442002442,-0.2442002442002442
INSM,1104506,2019-02-22,0001104506-19-000009,insmed10k2018.htm,65988,0.2273140571012911,1.591198399709038,-1.363884342607747
INSP,1609550,2019-02-26,0001609550-19-000013,insp-20181231.htm,71356,4.4144851168787484,1.1211390773025394,3.2933460395762095
INSW,1679049,2019-03-12,0001144204-19-013398,tv511411_10k.htm,97703,0.1023510025280697,1.381738534128942,-1.279387531600872
INTC,50863,2019-02-01,0000050863-19-000007,a12292018q4-10kdocument.htm,63051,3.013433569649966,1.9032212018841888,1.110212367765777
INVA,1080014,2019-02-19,0001047469-19-000541,a2237693z10-k.htm,46050,0.0,0.8686210640608035,-0.8686210640608035
INVH,1687229,2019-02-28,0001687229-19-000014,a123118ihinc10kdocument.htm,82642,0.5445173156506377,1.5730500229907312,-1.0285327073400934
INVX,1042893,2019-02-27,0001042893-19-000003,a2018123110-kdocument.htm,47593,0.0,0.2101149328682789,-0.2101149328682789
IOSP,1054905,2019-02-20,0001193125-19-044946,d658350d10k.htm,37619,0.0,0.2658231212950902,-0.2658231212950902
IP,51434,2019-02-20,0000051434-19-000007,a10-k123118.htm,57999,1.2931257435473025,3.5345436990292933,-2.241417955481991
IPAR,822663,2019-03-01,0001615774-19-003459,s116268_10k.htm,53228,0.3757420906289923,1.2211617945442248,-0.8454197039152326
IPG,51644,2019-02-25,0000051644-19-000009,ipg12311810k.htm,57350,0.0,1.7436791630340018,-1.7436791630340018
IPGP,1111928,2019-02-27,0001111928-19-000035,ipgp-20181231.htm,57831,3.6312704258961457,0.6916705573135515,2.939599868582594
IQV,1478242,2019-02-19,0001564590-19-003180,iqv-10k_20181231.htm,77669,0.1931272451042243,1.738145205938019,-1.5450179608337946
IR,1699150,2019-02-27,0001140361-19-004014,h10061123x1_10k.htm,70262,0.0,0.7116222139990322,-0.7116222139990322
IRDM,1418819,2019-02-28,0001418819-19-000005,irdm_12312018x10k.htm,67650,1.4781966001478195,1.6999260901699926,-0.2217294900221729
IRM,1020569,2019-02-14,0001020569-19-000018,irm201810k.htm,100120,0.2996404314822213,2.347183379944067,-2.0475429484618455
IRT,1466085,2019-02-22,0001564590-19-003914,irt-10k_20181231.htm,53741,0.0,0.4651941720474126,-0.4651941720474126
IRTC,1388658,2019-03-04,0001564590-19-005924,irtc-10k_20181231.htm,64259,1.167151683032727,1.4005820196392724,-0.2334303366065453
ISRG,1035267,2019-02-04,0001035267-19-000012,isrg-20181231x10k.htm,68458,0.0,1.3146746910514475,-1.3146746910514475
ITGR,1114483,2019-02-22,0001114483-19-000001,itgr-2018122810k.htm,56300,4.7957371225577266,0.4440497335701598,4.351687388987567
ITRI,780571,2019-02-28,0000780571-19-000007,itri10k12312018.htm,60743,0.493884068946216,0.329256045964144,0.164628022982072
ITT,216228,2019-02-22,0000216228-19-000006,itt10-kx12312018.htm,65997,1.5152203888055518,0.4545661166416656,1.0606542721638863
ITW,49826,2019-02-15,0000049826-19-000021,itw-20181231x10k.htm,40552,0.0,0.8630893667390017,-0.8630893667390017
IVT,1307748,2019-03-07,0001307748-19-000025,ivtp1231201810-k.htm,69626,0.0,1.6516818429896878,-1.6516818429896878
J,52988,2019-11-25,0000052988-19-000069,jecfy201910-k1.htm,76468,0.5884814562954438,0.7846419417272584,-0.1961604854318146
JAZZ,1232524,2019-04-26,0001193125-19-122354,d712716d10ka.htm,45420,0.0,0.8806693086745927,-0.8806693086745927
JBGS,1689796,2019-02-26,0001689796-19-000004,jbgs-12311810xk.htm,77222,0.7769806531817358,2.8489290616663645,-2.0719484084846287
JBHT,728535,2019-02-22,0001437749-19-003134,jbht20181231_10k.htm,26780,0.0,0.0,0.0
JBL,898293,2019-10-22,0001193125-19-271646,d782178d10k.htm,54569,0.2748813428869871,2.015796514504572,-1.7409151716175852
JBLU,1158463,2019-02-21,0001158463-19-000018,a201810-k.htm,58344,1.1997806115453176,2.7423556835321543,-1.5425750719868367
JBTM,1433660,2019-02-28,0001433660-19-000006,a123118-jbt10xk.htm,52700,0.0,2.3719165085388996,-2.3719165085388996
JCI,833444,2019-11-21,0000833444-19-000051,jciplc201910-k.htm,79888,0.8136390947326256,0.6884638493891448,0.1251752453434808
JJSF,785956,2019-11-27,0001437749-19-023629,jjsf20190928_10k.htm,33560,0.0,0.4469606674612634,-0.4469606674612634
JKHY,779152,2019-08-26,0000779152-19-000048,jkhy-20190630x10k.htm,37753,0.0,0.2648796122162477,-0.2648796122162477
JLL,1037976,2019-02-26,0001037976-19-000008,jll10kq42018.htm,79960,0.3751875937968985,4.2521260630315165,-3.8769384692346174
JNJ,200406,2019-02-20,0000200406-19-000009,form10-k20181230.htm,63287,0.0,1.1850775040687662,-1.1850775040687662
JOE,745308,2019-02-27,0001558370-19-001206,joe-20181231x10k.htm,62133,0.0,4.3455168750905315,-4.3455168750905315
KAI,886346,2019-02-26,0000886346-19-000019,kai201810k.htm,55534,0.5402096013253143,0.4501746677710952,0.090034933554219
KALU,811596,2019-02-22,0000811596-19-000009,kalu-12312018x10k.htm,59271,0.4217914325724216,0.9279411516593276,-0.506149719086906
KAR,1395942,2019-02-21,0001395942-19-000016,kar-20181231x10k.htm,69552,0.2156659765355417,1.3658845180584311,-1.1502185415228894
KBH,795266,2019-01-24,0000795266-19-000005,kbh-11302018x10k.htm,68248,2.783964365256125,0.8058844215215097,1.9780799437346148
KBR,1357615,2019-02-26,0001357615-19-000030,kbr1231201810-k.htm,81547,0.0,0.7970863428452304,-0.7970863428452304
KDP,1418135,2019-02-28,0001418135-19-000007,kdp-10kx12312018.htm,73929,0.2705298326772984,0.1352649163386492,0.1352649163386492
KEX,56047,2019-02-26,0001140361-19-003795,form10k.htm,65276,0.5361848152460322,0.6893804767448986,-0.1531956614988663
KEY,91576,2019-02-25,0000091576-19-000009,key-123118x10k.htm,117397,0.0851810523267204,0.7666294709404841,-0.6814484186137636
KEYS,1601046,2019-12-18,0001601046-19-000110,keys-10312019x10k.htm,68670,1.893111984855104,1.529051987767584,0.36405999708752
KFY,56679,2019-06-28,0001564590-19-024039,kfy-10k_20190430.htm,62010,0.0,2.3383325270117723,-2.3383325270117723
KHC,1637459,2019-06-07,0001637459-19-000049,form10-k2018.htm,131405,1.217609679996956,0.5707545374985732,0.6468551424983828
KIM,879101,2019-02-15,0001437749-19-002746,kim20181231_10k.htm,68670,0.0,0.509683995922528,-0.509683995922528
KKR,1404912,2019-02-15,0001404912-19-000006,kkr-2018123110xk.htm,178858,0.0559102751903744,0.8386541278556173,-0.7827438526652428
KLAC,319201,2019-08-16,0000319201-19-000031,klac10k2019.htm,77229,1.748048013052092,0.5179401520154346,1.2301078610366574
KLIC,56978,2019-11-15,0000056978-19-000130,a10-k2019.htm,43516,0.4596010662744738,0.2298005331372369,0.2298005331372369
KMB,55785,2019-02-07,0000055785-19-000013,kmb_2018xformx10k.htm,34222,0.0,0.5844193793466191,-0.5844193793466191
KMI,1506307,2019-02-08,0001506307-19-000033,kmi-2018x10k.htm,93667,0.533805929516265,1.5480371955971686,-1.0142312660809036
KMPR,860748,2019-02-20,0000860748-19-000052,kmpr20181231201810k.htm,80223,0.5609363898133952,0.0,0.5609363898133952
KMT,55242,2019-08-13,0000055242-19-000019,kmt630201910k.htm,45243,0.3315430011272462,0.2210286674181641,0.110514333709082
KMX,1170010,2019-04-19,0001170010-19-000040,kmx0228201910-k.htm,46798,0.2136843454848497,0.6410530364545493,-0.4273686909696995
KN,1587523,2019-02-19,0001587523-19-000004,knowles20181231-10xk.htm,55925,0.0,0.5364327223960661,-0.5364327223960661
KNSA,1730430,2019-03-12,0001558370-19-001857,knsa-20181231x10k.htm,102348,0.0,0.5373822644311564,-0.5373822644311564
KNSL,1669162,2019-02-28,0001669162-19-000005,knsl10-k12312018.htm,60791,0.2467470513727361,0.4112450856212268,-0.1644980342484907
KNTK,1692787,2019-04-08,0001193125-19-099516,d722837d10ka.htm,839,0.0,0.0,0.0
KNX,1492691,2019-02-28,0001492691-19-000012,knx-10k12312018.htm,78775,0.0,0.8886067914947635,-0.8886067914947635
KO,21344,2019-02-21,0000021344-19-000014,a2018123110-k.htm,110421,0.3622499343421994,0.6339373850988489,-0.2716874507566495
KR,56873,2019-04-02,0001558370-19-002756,kr-20190202x10k.htm,48008,0.3124479253457757,0.9373437760373272,-0.6248958506915514
KRC,1025996,2019-02-15,0001025996-19-000051,form10-k.htm,102005,1.3234645360521542,1.2744473310131856,0.0490172050389686
KRG,1286043,2019-02-27,0001286043-19-000021,krg-20181231x10k.htm,67303,0.0,0.1485817868445686,-0.1485817868445686
KRP,1657788,2019-03-12,0001558370-19-001822,krp-20181231x10k.htm,92820,0.0,0.8618832148243913,-0.8618832148243913
KRYS,1711279,2019-03-12,0001564590-19-007267,krys-10k_20181231.htm,56063,0.267556142197171,0.1783707614647807,0.0891853807323903
KTOS,1069258,2019-02-28,0001628280-19-002271,ktos20181230form10-k.htm,67794,0.0,0.3687641974216007,-0.3687641974216007
KW,1408100,2019-03-01,0001408100-19-000051,kw2018123110k.htm,73370,0.0,1.6355458634319202,-1.6355458634319202
KWR,81362,2019-07-24,0001144204-19-035667,tv525675_10ka.htm,30710,0.0,0.6512536633018561,-0.6512536633018561
L,60086,2019-02-13,0001193125-19-037854,d685868d10k.htm,87206,0.0,0.114671008875536,-0.114671008875536
LAD,1023128,2019-02-25,0001023128-19-000042,lad2018q4-10k.htm,48364,2.171036307997684,0.2067653626664461,1.964270945331238
LADR,1577670,2019-02-28,0001577670-19-000002,ladr12311810k.htm,137412,0.0,1.0552207958548017,-1.0552207958548017
LAMR,1090425,2019-02-26,0001564590-19-004180,lamr-10ka_20181231.htm,62811,0.1592077820763879,4.5374217891770545,-4.3782140071006665
LASR,1124796,2019-03-15,0001124796-19-000032,nlightq4201810-k.htm,49761,0.9043226623259178,1.1052832539538997,-0.2009605916279817
LAUR,912766,2019-02-28,0001047469-19-000767,a2237646z10-k.htm,145539,0.3779055785734408,1.4772672616961775,-1.0993616831227369
LAZ,1311370,2019-02-26,0001564590-19-004164,laz-10k_20181231.htm,70216,0.0,0.8545060954768144,-0.8545060954768144
LBRDA,1611983,2019-02-08,0001558370-19-000515,lbrd-20181231x10k.htm,54486,1.6518004625041294,0.3670667694453621,1.2847336930587674
LBRT,1694028,2019-02-28,0001694028-19-000015,libertyoilfield1231201810-k.htm,59308,0.5058339515748297,1.3488905375328792,-0.8430565859580496
LCII,763744,2019-02-27,0000763744-19-000018,lcii-20181231.htm,43306,0.2309148847734725,0.92365953909389,-0.6927446543204174
LEA,842162,2019-02-05,0000842162-19-000006,lear-2018123110xk.htm,64488,7.288177645453418,0.1550676094777323,7.133110035975686
LECO,59527,2019-02-27,0000059527-19-000008,leco-20181231x10k.htm,42363,0.0,0.4721100960744046,-0.4721100960744046
LEN,920760,2019-01-28,0001628280-19-000598,len-20181130x10k.htm,84760,1.3272770174610664,0.3539405379896177,0.9733364794714487
LEU,1065059,2019-04-01,0001065059-19-000005,leu-20181231x10k.htm,57711,0.5198315745698393,0.6931087660931191,-0.1732771915232797
LFUS,889331,2019-02-22,0000889331-19-000015,lfus-122918x10k.htm,50815,4.034241857719177,0.5903768572271967,3.443865000491981
LGIH,1580670,2019-02-26,0001580670-19-000022,a12311810k.htm,48015,0.0,0.3124023742580443,-0.3124023742580443
LGND,886163,2019-02-28,0000886163-19-000041,lgnd-20181231.htm,54054,0.0,0.37000037000037,-0.37000037000037
LH,920148,2019-02-28,0000920148-19-000033,lh10-k2018.htm,94326,0.6890995059686619,1.325191357632042,-0.6360918516633802
LHX,202058,2019-08-22,0000202058-19-000090,hrs628201910-k.htm,90620,0.4414036636504083,0.110350915912602,0.3310527477378062
LII,1069202,2019-02-19,0001069202-19-000008,lii-20181231x10k.htm,47086,0.0,0.2123773520791742,-0.2123773520791742
LILA,1712184,2019-02-21,0001712184-19-000039,llaform10-k2018annualr.htm,131909,2.3122000773260356,0.796003305308963,1.5161967720170724
LIN,1707925,2019-03-18,0001628280-19-003050,plc201810-k.htm,68227,0.9527020094683922,0.2931390798364284,0.6595629296319638
LITE,1633978,2019-08-27,0001633978-19-000069,lumentumfy19-10k.htm,70585,2.231352270312389,0.1416731600198342,2.089679110292555
LIVN,1639691,2019-03-18,0001639691-19-000035,livn-20181231x10xk.htm,70685,0.1414727311310744,0.5658909245242979,-0.4244181933932234
LKFN,721994,2019-02-28,0000721994-19-000011,lkfn10k.htm,64042,0.0,1.483401517753974,-1.483401517753974
LKQ,1065696,2019-03-01,0001065696-19-000010,lkq-20181231_10k.htm,81724,0.3059076892956781,1.162449219323577,-0.8565415300278988
LMAT,1158895,2019-03-11,0001437749-19-004574,lmat20181231_10k.htm,52623,0.0,1.0451703627691311,-1.0451703627691311
LMB,1606163,2019-04-15,0001144204-19-019702,tv516315_10k.htm,53354,2.202271619747348,2.623983206507478,-0.4217115867601304
LMT,936468,2019-02-08,0000936468-19-000009,lmtq4201810k.htm,75989,1.3159799444656464,0.3947939833396939,0.9211859611259524
LNC,59558,2019-02-20,0000059558-19-000010,lnc-20181231x10k.htm,124593,14.34671289719326,0.2407839926801666,14.105928904513094
LNG,3570,2019-02-26,0000003570-19-000030,cei2018form10-k.htm,84361,0.8297673095387679,0.0,0.8297673095387679
LNN,836157,2019-10-31,0000950123-19-009834,lnn-10k_20190831.htm,37250,0.0,0.2684563758389262,-0.2684563758389262
LNT,352541,2019-02-22,0000352541-19-000013,lnt1231201810-k.htm,67243,53.425635382121555,1.1897149145635977,52.23592046755796
LNTH,1521036,2019-02-20,0001628280-19-001574,lnth_12312018x10k.htm,67185,0.6697923643670463,1.190741981096971,-0.5209496167299248
LNW,750004,2019-02-28,0000750004-19-000007,sgms1231201810k.htm,94650,0.1584786053882725,0.739566825145272,-0.5810882197569995
LOB,1462120,2019-02-27,0001564590-19-004884,lob-10k_20181231.htm,86476,7.718904667190897,2.4862389564734726,5.232665710717424
LOPE,1434588,2019-02-20,0001558370-19-000782,lope-20181231x10k.htm,57492,0.0,0.0,0.0
LOW,60667,2019-04-02,0000060667-19-000042,form10k_02012019.htm,50111,1.796012851469737,0.9977849174831874,0.7982279339865499
LPG,1596993,2019-05-30,0001596993-19-000010,lpg-20190331x10k.htm,77116,0.68079257222885,1.0373982053011048,-0.3566056330722548
LPLA,1397911,2019-02-26,0001397911-19-000018,lpla2018123110-k.htm,59391,1.2628175986260544,1.6837567981680726,-0.4209391995420181
LPX,60519,2019-02-14,0001504337-19-000008,lpx1231201810k.htm,41497,0.0,0.3614719136323108,-0.3614719136323108
LRCX,707549,2019-08-20,0000707549-19-000124,lrcx10k2019document.htm,59727,0.0,0.3348569323756425,-0.3348569323756425
LRN,1157408,2019-08-07,0001558370-19-007293,lrn-20190630x10k.htm,65547,0.0,0.6102491342090408,-0.6102491342090408
LSTR,853816,2019-02-22,0001193125-19-048217,d671477d10k.htm,38789,0.6445126195570909,0.2578050478228363,0.3867075717342545
LTC,887905,2019-02-28,0001558370-19-001333,ltc-20181231x10k.htm,44895,0.0,1.781935627575454,-1.781935627575454
LULU,1397187,2019-03-27,0001397187-19-000011,lulu-20190203x10k.htm,47757,0.2093933873568272,0.3140900810352409,-0.1046966936784136
LUMN,18926,2019-03-11,0000018926-19-000006,ctl2018123110k.htm,90532,0.6627490831971016,0.6075199929306765,0.0552290902664251
LUV,92380,2019-02-05,0000092380-19-000022,luv-12312018x10k.htm,71745,0.418147606104955,0.7666039445257509,-0.3484563384207959
LVS,1300514,2019-02-22,0001300514-19-000021,lvs-20181231x10k.htm,81434,0.3683964928653879,0.6139941547756466,-0.2455976619102586
LW,1679273,2019-07-25,0001558370-19-006311,lw-20190526x10k.htm,49971,1.1006383702547478,0.0,1.1006383702547478
LXP,910108,2019-03-13,0001444838-19-000010,lxp2018123110k.htm,54279,0.0,1.197516534939848,-1.197516534939848
LYB,1489393,2019-02-21,0001489393-19-000011,a2018q410k.htm,71218,0.8424836417759555,0.6318627313319666,0.2106209104439888
LYV,1335258,2019-06-28,0001335258-19-000086,lyv-20181231x10ka.htm,3230,0.0,0.0,0.0
LZB,57131,2019-06-18,0001047469-19-003700,a2239055z10-k.htm,46328,0.0,0.0,0.0
M,794367,2019-04-03,0000794367-19-000038,m-0202201910xk.htm,46654,0.0,0.321515840013718,-0.321515840013718
MA,1141391,2019-02-13,0001141391-19-000013,ma12312018-10xk.htm,63176,0.0,1.0288717234392808,-1.0288717234392808
MAA,912595,2019-02-21,0000912595-19-000015,maa12312018-10k.htm,63208,0.0,0.9492469307682572,-0.9492469307682572
MAC,912242,2019-02-25,0000912242-19-000004,mac-2018x1231x10k.htm,63236,0.2372066544373458,0.1581377696248972,0.0790688848124486
MAN,871763,2019-02-22,0000871763-19-000050,man-123118x10k.htm,51977,0.0,0.2885891836773958,-0.2885891836773958
MANH,1056696,2019-03-15,0001564590-19-008024,manh-10ka_20181231.htm,4151,0.0,2.409058058299205,-2.409058058299205
MAR,1048286,2019-03-01,0001628280-19-002337,mar-q42018x10k.htm,55084,0.0,0.1815409193232154,-0.1815409193232154
MARA,1507605,2019-03-25,0001493152-19-003868,form10-k.htm,48811,0.2048718526561635,2.86820593718629,-2.6633340845301263
MAS,62996,2019-02-07,0000062996-19-000011,mas_20181231x10k.htm,40642,0.0,0.2460508833226711,-0.2460508833226711
MASI,937556,2019-02-26,0000937556-19-000039,masi-20181229xform10k.htm,78747,0.9524172349422836,0.7619337879538268,0.1904834469884567
MAT,63276,2019-11-12,0001628280-19-013975,mat1231201810-ka.htm,72972,0.0,0.5481554568875733,-0.5481554568875733
MATX,3453,2019-04-08,0001558370-19-002865,matx-20181231x10ka.htm,3946,0.0,0.0,0.0
MBIN,1629019,2019-03-15,0001558370-19-002098,mbin-20181231x10k.htm,63400,0.3154574132492113,0.473186119873817,-0.1577287066246056
MC,1596967,2019-03-08,0001564590-19-007005,mc-10ka_20181231.htm,18269,0.0,0.5473753352673929,-0.5473753352673929
MCD,63908,2019-02-22,0000063908-19-000010,mcd-12312018x10k.htm,40691,0.0,1.47452753680175,-1.47452753680175
MCHP,827054,2019-05-30,0000827054-19-000143,a2019-03x3110k.htm,77420,0.1937483854301214,1.2270731077241024,-1.033324722293981
MCK,927653,2019-05-15,0000927653-19-000009,mck_10kx3312019.htm,75179,0.0,0.5320634751725881,-0.5320634751725881
MCO,1059556,2019-02-25,0001193125-19-048576,d679514d10k.htm,79475,0.0,1.0066058508965083,-1.0066058508965083
MCRI,907242,2019-03-14,0001558370-19-002010,mcri-20181231x10k.htm,40683,0.0,0.7374087456677236,-0.7374087456677236
MCY,64996,2019-02-13,0000064996-19-000004,mcy-20181231x10k.htm,60537,0.0,2.808199943836001,-2.808199943836001
MD,893949,2019-02-14,0001193125-19-040891,d671465d10k.htm,55837,0.0,0.0,0.0
MDB,1441816,2019-04-01,0001441816-19-000067,mdb-013119x10k.htm,65003,0.0,1.8460686429857085,-1.8460686429857085
MDGL,1157601,2019-04-30,0001193125-19-129437,d729391d10ka.htm,16181,1.5450219393115383,1.854026327173846,-0.3090043878623076
MDLZ,1103982,2019-02-08,0001103982-19-000005,mdlz10k123118document.htm,78490,0.191107147407313,0.8918333545674608,-0.7007262071601478
MDT,1613103,2019-06-21,0001613103-19-000028,mdt-2019426x10k.htm,86607,1.154641079820338,0.577320539910169,0.577320539910169
MDU,67716,2019-02-22,0000067716-19-000019,a2018form10-k.htm,78432,7.618064055487555,0.8287433700530396,6.789320685434516
MEDP,1668397,2019-02-26,0001564590-19-004451,medp-10k_20181231.htm,68024,0.6615312242737857,0.5145242855462778,0.1470069387275079
MELI,1099590,2019-02-28,0001562762-19-000047,meli-20181231x10k.htm,78354,0.3190647573831585,0.3190647573831585,0.0
METC,1687187,2019-03-19,0001437749-19-005299,metc20181231_10k.htm,54315,4.142502071251036,1.288778422166989,2.853723649084047
MFA,1055160,2019-02-21,0001055160-19-000005,mfa-12312018x10k.htm,96552,0.4660700969425801,1.916065954097274,-1.4499958571546938
MGEE,1161728,2019-02-22,0001161728-19-000005,f20181231_10k.htm,61461,34.696799596492085,0.976228828037292,33.72057076845479
MGNI,1595974,2019-02-27,0001595974-19-000043,rubiq42018.htm,78273,0.0,0.8304268393954491,-0.8304268393954491
MGRC,752714,2019-02-26,0001564590-19-004446,mgrc-10k_20181231.htm,49360,0.2025931928687196,2.633711507293355,-2.4311183144246353
MGY,1698990,2019-02-27,0001698990-19-000006,magnolia10-k2018.htm,51085,0.6851326221004209,1.7617695996867966,-1.0766369775863758
MHK,851968,2019-02-28,0000851968-19-000020,a4q201810kdocument-classic.htm,45446,0.7701447872199974,1.1002068388857107,-0.3300620516657132
MHO,799292,2019-02-22,0000799292-19-000008,mho-20181231x10k.htm,69553,0.215662875792561,2.0847411326614234,-1.8690782568688624
MIDD,769520,2019-02-27,0000769520-19-000003,midd-2018122918x10kq4.htm,48115,0.0,0.0,0.0
MKL,1096343,2019-02-28,0001096343-19-000074,mkl_12312018x10k.htm,92010,0.6521030322791002,0.5434191935659167,0.1086838387131833
MKSI,1049502,2019-02-26,0001193125-19-051798,d669860d10k.htm,69861,0.5725655229670346,0.4294241422252759,0.1431413807417586
MKTX,1278021,2019-03-18,0001564590-19-008251,mktx-10ka_20181231.htm,1059,0.0,9.442870632672332,-9.442870632672332
MLI,89439,2019-02-27,0000089439-19-000021,mli12291810-k.htm,40926,0.7330303474563847,0.2443434491521282,0.4886868983042565
MLKN,66382,2019-07-30,0000066382-19-000047,hmi10k_06012019.htm,49439,0.0,1.0113473168955682,-1.0113473168955682
MLM,916076,2019-03-18,0000950157-19-000284,form10-ka.htm,1079,0.0,0.0,0.0
MMC,62709,2019-02-21,0000062709-19-000010,mmc1231201810k.htm,72300,0.0,0.5532503457814661,-0.5532503457814661
MMI,1578732,2019-03-01,0001193125-19-059132,d619148d10k.htm,50464,0.0,0.4954026632847178,-0.4954026632847178
MMM,66740,2019-02-07,0001558370-19-000470,mmm-20181231x10k.htm,76996,2.5325990960569382,0.5844459452439088,1.9481531508130292
MMS,1032220,2019-11-26,0001032220-19-000105,mms-20190930.htm,37659,0.0,0.3983111606787222,-0.3983111606787222
MMSI,856982,2019-03-01,0000856982-19-000016,mmsi-12312018x10k.htm,62551,0.0,1.5986954645009672,-1.5986954645009672
MNKD,899460,2019-02-26,0001564590-19-004263,mnkd-10k_20181231.htm,76035,0.3287959492339054,0.0,0.3287959492339054
MNST,865752,2019-02-28,0001104659-19-011581,a19-30117_110k.htm,56041,0.535322353277065,0.3568815688513767,0.1784407844256883
MO,764180,2019-05-29,0000764180-19-000049,a2018form10-ka.htm,1077,0.0,0.0,0.0
MOD,67347,2019-05-23,0001140361-19-009735,form10k.htm,45622,2.191924948489764,0.2191924948489763,1.9727324536407873
MODG,837465,2019-03-01,0000837465-19-000002,ely-20181231x10k.htm,68804,0.1453403871867914,0.8720423231207488,-0.7267019359339573
MOH,1179929,2019-02-19,0001179929-19-000032,moh-12312018x10k.htm,71456,0.0,1.8892745185848632,-1.8892745185848632
MOS,1285785,2019-03-13,0001618034-19-000004,mos-20181231x10k.htm,92425,0.4868812550716797,0.595077089532053,-0.1081958344603732
MPC,1510295,2019-02-28,0001510295-19-000014,mpc-20181231x10k.htm,92759,5.821537532746149,1.239771881973717,4.581765650772432
MPLX,1552000,2019-02-28,0001552000-19-000006,mplx-20181231x10k.htm,127207,2.3583607820324355,0.7468142476436046,1.6115465343888309
MPW,1287865,2019-08-06,0001564590-19-029464,mpw-10ka_20181231.htm,5455,0.0,1.833180568285976,-1.833180568285976
MRC,1439095,2019-02-15,0001439095-19-000012,mrc-20181231x10k.htm,51884,1.445532341376918,0.2891064682753835,1.1564258731015342
MRCY,1049521,2019-08-15,0001049521-19-000033,mrcy201910-k.htm,60893,0.0,0.8211124431379634,-0.8211124431379634
MRK,310158,2019-02-27,0000310158-19-000014,mrk1231201810k.htm,89544,0.0,0.1116769409452336,-0.1116769409452336
MSA,66570,2019-02-22,0000066570-19-000010,a2018-10xkxmsa.htm,53328,0.0,0.0,0.0
MSEX,66004,2019-03-08,0001174947-19-000334,form10k-21523_msx.htm,35987,0.5557562453108067,0.5557562453108067,0.0
MSGS,1636519,2019-08-20,0001636519-19-000019,tmsgc06302019-10k.htm,99455,0.4524659393695641,0.3519179528429943,0.1005479865265698
MSI,68505,2019-02-15,0000068505-19-000006,msi201810-k.htm,68159,0.2200736513153068,0.1467157675435379,0.0733578837717689
MSM,1003078,2019-10-24,0001003078-19-000232,msm-20190831x10k.htm,37005,0.2702337521956492,0.0,0.2702337521956492
MSTR,1050446,2019-02-20,0001564590-19-003468,mstr-10k_20181231.htm,47747,0.0,0.5235931053259891,-0.5235931053259891
MTCH,891103,2019-03-01,0000891103-19-000006,iac-20181231x10k.htm,82738,0.0,0.2417268969518238,-0.2417268969518238
MTD,1037646,2019-02-08,0001037646-19-000010,mtd_10kx12312018.htm,44125,0.0,0.3399433427762039,-0.3399433427762039
MTDR,1520006,2019-03-01,0001520006-19-000048,a20181231mtdr10-k.htm,104296,4.027000076704764,0.4794047710362814,3.547595305668482
MTG,876437,2019-02-22,0000876437-19-000006,mtg-123118x10k.htm,83388,1.7988199740969923,1.55897731088406,0.2398426632129323
MTH,833079,2019-02-15,0000833079-19-000035,mth2018123110k.htm,46630,0.6433626420759168,1.2867252841518335,-0.6433626420759168
MTN,812011,2019-09-26,0000812011-19-000077,mtn2019073110-kforq4.htm,67025,0.8205893323386796,1.6411786646773592,-0.8205893323386796
MTRN,1104657,2019-02-14,0001104657-19-000007,mtrn_2018123110k.htm,43353,0.576661361382142,1.6146518118699975,-1.0379904504878557
MTSI,1493594,2019-11-26,0001493594-19-000064,mtsi10-k2019.htm,62803,0.7165262805916914,0.2388420935305638,0.4776841870611276
MTX,891014,2019-02-15,0000891014-19-000010,form10k.htm,53114,0.0,0.188274277968144,-0.188274277968144
MTZ,15615,2019-02-28,0000015615-19-000011,mtz12311810-k.htm,78423,17.533121660737283,0.573811254351402,16.95931040638588
MU,723125,2019-10-17,0000723125-19-000094,a2019q4.htm,53567,0.2800231485802826,0.5600462971605653,-0.2800231485802826
MUR,717423,2019-02-28,0000717423-19-000020,mur-20181231x10ka.htm,1051,0.0,9.514747859181732,-9.514747859181732
MUSA,1573516,2019-02-19,0001573516-19-000012,musa_12312018x10-kxdoc.htm,45663,3.5039309725598407,0.5474892144624751,2.9564417580973656
MVST,1760689,2019-04-01,0001213900-19-005497,f10k2018_tuscanholdings.htm,16312,0.0,6.130456105934281,-6.130456105934281
MWA,1350593,2019-11-20,0001350593-19-000064,mwa9302019-10xk.htm,48281,0.0,1.1391644746380565,-1.1391644746380565
MXL,1288469,2019-02-05,0001288469-19-000006,a12311810-k.htm,73787,0.6098635260953826,0.6098635260953826,0.0
MYRG,700923,2019-03-06,0001144204-19-012547,v511680_10k.htm,59744,5.272495982860203,0.7532137118371719,4.519282271023031
MZTI,57515,2019-08-27,0000057515-19-000021,lanc-2019630x10k.htm,34380,0.0,0.0,0.0
NAVI,1593538,2019-02-26,0001564590-19-004187,navi-10k_20181231.htm,97807,0.0,0.2044843416115411,-0.2044843416115411
NBHC,1475841,2019-03-01,0001558370-19-001401,nbhc-20181231x10k.htm,72870,0.0,1.7839989021545215,-1.7839989021545215
NBIX,914475,2019-02-08,0001564590-19-002328,nbix-10k_20181231.htm,54143,0.0,0.2770441238941322,-0.2770441238941322
NBTB,790359,2019-03-01,0001140361-19-004221,form10k.htm,66418,0.3764039868710289,3.0112318949682315,-2.6348279080972024
NCLH,1513761,2019-02-27,0001144204-19-010508,tv513897_10k.htm,56730,0.0,1.1457782478406486,-1.1457782478406486
NDAQ,1120193,2019-02-22,0001120193-19-000002,ndaq1231201810-k.htm,79950,1.3133208255159474,0.7504690431519699,0.5628517823639775
NDSN,72331,2019-12-13,0001564590-19-045927,ndsn-10k_20191031.htm,44765,0.6701664246621244,1.3403328493242488,-0.6701664246621244
NEE,753308,2019-02-15,0000753308-19-000039,nee-12312018x10k.htm,83157,62.9231453756148,1.1424173551234411,61.78072802049136
NEM,1164727,2019-02-21,0001558370-19-000806,nem-20181231x10k.htm,109052,0.5043465502695962,1.5130396508087884,-1.0086931005391924
NEO,1077183,2019-05-08,0001077183-19-000064,neo1231201810-kanoxbrl.htm,61717,0.0,0.5671046875253172,-0.5671046875253172
NEOG,711377,2019-07-30,0001193125-19-206929,d761557d10k.htm,34313,0.0,1.020021566170256,-1.020021566170256
NEU,1282637,2019-02-19,0001282637-19-000006,neu-2018123110k.htm,39733,0.3775199456371278,0.3775199456371278,0.0
NEXT,1612720,2019-04-10,0001558370-19-002922,next-20181231x10ka.htm,14907,1.3416515730864695,2.0124773596297043,-0.6708257865432348
NFG,70145,2019-11-15,0000070145-19-000030,nfg-2019930x10k.htm,73092,1.5049526623980736,0.6840693919991243,0.8208832703989493
NG,1173420,2019-06-25,0001171843-19-004167,f10ka_062519.htm,5524,0.0,1.8102824040550325,-1.8102824040550325
NGVT,1653477,2019-02-20,0001653477-19-000011,a201810-kdoc.htm,67962,2.4278273152644125,0.0,2.4278273152644125
NHC,1047335,2019-02-20,0001437749-19-002958,nhc20181231_10k.htm,47044,0.0,1.381685230847717,-1.381685230847717
NHI,877860,2019-02-26,0000877860-19-000020,a10-kaslcitem1a2018.htm,964,0.0,10.37344398340249,-10.37344398340249
NI,1111711,2019-02-20,0001111711-19-000008,ni-20181231x10k.htm,68409,13.26579835986493,0.3654489906298879,12.90034936923504
NIC,1174850,2019-03-08,0001174850-19-000013,ncbs-12312018x10k.htm,56100,0.0,0.8021390374331551,-0.8021390374331551
NJR,356309,2019-11-22,0000356309-19-000133,njr10k2019.htm,86182,30.98094729757954,0.754217818105869,30.226729479473672
NKE,320187,2019-07-23,0000320187-19-000051,nke-531201910k.htm,54198,0.0,0.184508653455847,-0.184508653455847
NLY,1043219,2019-02-15,0001628280-19-001442,a2018nly10-k.htm,90586,0.0,2.0422581855915927,-2.0422581855915927
NMIH,1547903,2019-02-14,0001547903-19-000017,nmih201810kq4.htm,73811,1.4564224844535367,1.287071032772893,0.1693514516806438
NMRK,1690680,2019-04-29,0001193125-19-125438,d729265d10ka.htm,60281,0.0,0.8294487483618387,-0.8294487483618387
NNI,1258602,2019-02-27,0001258602-19-000022,wfx-20181231.htm,95292,0.472232716282584,0.8919951307559921,-0.419762414473408
NNN,751364,2019-02-12,0000751364-19-000024,nnn-20181231x10k.htm,94047,0.0,0.159494720724744,-0.159494720724744
NOC,1133421,2019-01-31,0001133421-19-000007,noc-12312018x10k.htm,61693,0.1620929440941435,0.0,0.1620929440941435
NOG,1104485,2019-03-18,0001104485-19-000059,nog-20181231.htm,79904,3.566780136163396,0.1877252703243892,3.3790548658390067
NOV,1021860,2019-02-14,0001564590-19-002967,nov-10k_20181231.htm,44979,0.6669779230307477,0.2223259743435825,0.4446519486871651
NOVT,1076930,2019-02-27,0001564590-19-004717,novt-10k_20181231.htm,59970,0.5002501250625313,0.416875104218776,0.0833750208437552
NPKI,71829,2019-02-22,0000071829-19-000021,a2018q410k.htm,47147,4.7192822448936305,1.0605128640210406,3.65876938087259
NPO,1164863,2019-08-02,0001164863-19-000035,npo-10kax12312018.htm,53104,0.0,0.3766194636938837,-0.3766194636938837
NRG,1013871,2019-02-28,0001013871-19-000007,nrg201810-k.htm,109847,25.35344615692736,0.2731071399309949,25.08033901699637
NSA,1618563,2019-04-04,0001618563-19-000045,nsa201810-kxa.htm,1043,0.0,0.0,0.0
NSIT,932696,2019-02-22,0001564590-19-003901,nsit-10k_20181231.htm,52735,0.0,1.0429506020669383,-1.0429506020669383
NSP,1000753,2019-02-11,0001000753-19-000007,a12312018-documentx10k.htm,42771,0.0,0.7014098337658694,-0.7014098337658694
NSSC,69633,2019-10-28,0001104659-19-056944,tm1921259d1_10ka.htm,4946,0.0,0.0,0.0
NTAP,1002047,2019-06-18,0001564590-19-022779,ntap-10k_20190426.htm,55847,0.0,0.4476516196035597,-0.4476516196035597
NTCT,1078075,2019-05-28,0001628280-19-007252,ntct-2019331x10k.htm,59384,0.1683955274147918,0.2525932911221877,-0.0841977637073959
NTLA,1652130,2019-02-27,0001564590-19-004680,ntla-10k_20181231.htm,86740,0.0,0.3458611943739912,-0.3458611943739912
NTNX,1618732,2019-09-24,0001618732-19-000114,ntnx-07312019x10kxq419.htm,72519,0.0,1.034211723824101,-1.034211723824101
NUE,73309,2019-02-28,0001193125-19-057744,d691427d10k.htm,14198,0.0,1.0564868291308636,-1.0564868291308636
NVAX,1000694,2019-04-30,0001144204-19-022376,tv519971_10ka.htm,19308,0.5179200331468822,3.107520198881293,-2.589600165734411
NVCR,1645113,2019-02-28,0001564590-19-005146,nvcr-10k_20181231.htm,64373,1.47577400462927,1.7087909527286285,-0.2330169480993584
NVR,906163,2019-02-13,0000906163-19-000029,nvr201810-k.htm,39359,0.0,1.3973932264539242,-1.3973932264539242
NVRI,45876,2019-02-21,0000045876-19-000007,hsc-201810kx2018.htm,62785,0.0,0.7167317034323485,-0.7167317034323485
NVT,1720635,2019-03-01,0001720635-19-000013,nvent201810-ka.htm,46784,0.0,1.6031121751025992,-1.6031121751025992
NWBI,1471265,2019-03-01,0001471265-19-000005,nwbi-12312018x10k.htm,71423,0.0,0.7700600646850455,-0.7700600646850455
NWL,814453,2019-03-04,0001193125-19-061714,d660135d10k.htm,59841,0.0,0.6684380274393811,-0.6684380274393811
NWN,1733998,2019-03-01,0001733998-19-000004,form10-k2018.htm,86160,5.687093779015784,1.1606313834726092,4.5264623955431755
NXRT,1620393,2019-02-19,0001564590-19-003281,nxrt-10k_20181231.htm,75983,0.0,0.5264335443454456,-0.5264335443454456
NYT,71691,2019-02-26,0000071691-19-000003,a201810-k_q4project.htm,59852,1.1695515605159394,0.0,1.1695515605159394
O,726728,2019-03-01,0000726728-19-000041,realtyincome10k201810ka.htm,148095,0.2700968972618927,0.2700968972618927,0.0
OBK,1516912,2019-02-28,0001516912-19-000018,a12312018obnkannualreport.htm,71928,0.0,1.6683350016683351,-1.6683350016683351
OCFC,1004702,2019-03-18,0001004702-19-000076,ocfc-12312018x10k.htm,66662,0.0,1.4250997569829889,-1.4250997569829889
OCUL,1393434,2019-03-07,0001558370-19-001659,ocul-20181231x10k.htm,122796,0.1221538160852145,1.302974038242288,-1.1808202221570736
ODFL,878927,2019-02-27,0001564590-19-004755,odfl-10k_20181231.htm,31707,1.419244961680386,0.946163307786924,0.473081653893462
OFG,1030469,2019-03-08,0001562762-19-000078,ofg10k12312018.htm,87840,0.1138433515482695,1.536885245901639,-1.4230418943533698
OGE,1021635,2019-02-21,0001021635-19-000015,a2018ogeenergy10-k.htm,80918,19.216985096023137,1.0504461306507824,18.166538965372354
OGS,1587732,2019-02-20,0001587732-19-000013,onegas10-k2018.htm,53942,1.9465351674020244,0.4634607541433391,1.4830744132586853
OHI,888491,2019-02-26,0000888491-19-000006,ohi-20181231x10k.htm,90775,0.9639217846323328,0.7160561828697328,0.2478656017625998
OI,812074,2019-02-14,0001558370-19-000652,oi-20181231x10k.htm,51179,0.0,0.1953926415131206,-0.1953926415131206
OII,73756,2019-02-28,0000073756-19-000011,oii_10kx12312018.htm,42571,1.05705762138545,0.5872542341030279,0.4698033872824223
OKE,1039684,2019-02-26,0001039684-19-000016,oke10-k2018.htm,75213,0.897451238482709,0.2659114780689508,0.6315397604137583
OKTA,1660134,2019-03-14,0001660134-19-000006,okta-1312019_10k.htm,62696,0.478499425800689,0.478499425800689,0.0
OLED,1005284,2019-02-21,0001564590-19-003665,oled-10k_20181231.htm,50954,2.1588099069749185,0.3925108921772579,1.7662990147976607
OLLI,1639300,2019-03-29,0001140361-19-006044,brhc10000484x1_10k.htm,42363,0.0,0.7081651441116068,-0.7081651441116068
OLN,74303,2019-02-25,0000074303-19-000018,oln-2018x1231x10xk.htm,67380,1.1130899376669634,0.0,1.1130899376669634
OMC,29989,2019-02-12,0000029989-19-000007,a2018q410-k.htm,42106,0.0,0.7124875314681993,-0.7124875314681993
OMCL,926326,2019-02-27,0000926326-19-000007,omcl201810-k.htm,59552,0.1679204728640516,0.1679204728640516,0.0
OMF,1584207,2019-02-15,0001584207-19-000005,omh-20181231x10kdocument.htm,76047,0.0,0.525990505871369,-0.525990505871369
ON,1097864,2019-02-20,0001193125-19-045025,d664850d10k.htm,80464,1.3049313978922252,1.056373036388944,0.2485583615032809
ONTO,704532,2019-02-25,0001564590-19-004083,nano-10k_20181229.htm,44945,1.2237178774057182,0.8899766381132496,0.3337412392924685
OPCH,1014739,2019-03-15,0001014739-19-000012,bios-20181231x10k.htm,50099,0.0,0.5988143475917683,-0.5988143475917683
OPK,944809,2019-03-01,0000944809-19-000017,opk-12312018x10k.htm,109184,0.0,0.9158851113716296,-0.9158851113716296
ORA,1296445,2019-03-01,0001437749-19-003760,ora20181231_10k.htm,126700,89.50276243093923,1.3812154696132597,88.12154696132596
ORC,1518621,2019-02-22,0001275477-19-000023,orc10k20181231.htm,62139,0.4827885868778062,1.770224818551956,-1.28743623167415
ORCL,1341439,2019-06-21,0001564590-19-023119,orcl-10k_20190531.htm,68856,0.0,0.6535378180550714,-0.6535378180550714
ORI,74260,2019-02-28,0000074260-19-000016,ori201810-k.htm,63165,0.6332620913480567,0.3166310456740283,0.3166310456740283
ORLY,898173,2019-02-27,0000898173-19-000060,orly-20181231x10xk.htm,49524,3.3317179549309426,0.0,3.3317179549309426
OSIS,1039065,2019-08-27,0001047469-19-004853,a2239525z10-k.htm,67918,0.3680909331841338,1.6932182926470154,-1.3251273594628816
OSW,1758488,2019-05-06,0001193125-19-137441,d742290d10k.htm,52973,0.2831631208351424,2.7372435014063767,-2.4540803805712343
OTEX,1002638,2019-08-01,0001002638-19-000014,a10-kq4x19.htm,102144,0.7832080200501254,1.958020050125313,-1.174812030075188
OTTR,1466593,2019-02-22,0001437749-19-003150,ottr20181231_10k.htm,83465,38.33942371053735,0.7188641945725753,37.62055951596478
OUT,1579877,2019-02-27,0001579877-19-000032,a20181231-10xkxoutfront.htm,65844,0.0,0.7593706336188567,-0.7593706336188567
OXY,797468,2019-02-21,0000797468-19-000004,oxy10k12-31x2018.htm,59560,0.5036937541974479,0.8394895903290799,-0.3357958361316319
PAA,1070423,2019-02-27,0001070423-19-000004,paa201810-k.htm,113449,0.0,1.101816675334291,-1.101816675334291
PAG,1019849,2019-02-22,0001558370-19-000917,pag-20181231x10k.htm,64034,1.1712527719648935,0.3123340725239716,0.858918699440922
PAGP,1581990,2019-02-27,0001581990-19-000004,pagp201810-k.htm,116208,0.0,0.9896048464821698,-0.9896048464821698
PAHC,1069899,2019-08-27,0001144204-19-041832,tv527742-10k.htm,83325,0.18001800180018,0.9000900090009001,-0.7200720072007201
PANW,1327567,2019-09-09,0001327567-19-000032,panw-7312019x10k.htm,66079,0.0,0.4540020278757245,-0.4540020278757245
PAR,708821,2019-03-18,0000708821-19-000017,par12311810-k.htm,36279,0.4134623335814107,1.2403870007442324,-0.8269246671628215
PARR,821483,2019-03-11,0000821483-19-000014,a2018123110-k20181231.htm,88784,7.771670571274104,0.3378987204901784,7.433771850783925
PATK,76605,2019-02-28,0000076605-19-000040,patk12-31x1810xk.htm,50030,0.0,0.3997601439136518,-0.3997601439136518
PAYC,1590955,2019-02-14,0001564590-19-002998,payc-10k_20181231.htm,46891,0.0,0.2132605404022093,-0.2132605404022093
PAYX,723531,2019-07-24,0000723531-19-000032,payx-20190531x10k.htm,48715,0.0,1.0263779123473262,-1.0263779123473262
PB,1068851,2019-02-27,0001564590-19-005001,pb-10k_20181231.htm,67546,0.0,0.6662126550795013,-0.6662126550795013
PBF,1534504,2019-02-21,0001534504-19-000012,pbf-2018123110k.htm,110754,5.01110569369955,0.541741156075627,4.469364537623923
PBH,1295947,2019-05-13,0001295947-19-000015,pbh10kmarch312019.htm,55132,0.0,0.1813828629471087,-0.1813828629471087
PBI,78814,2019-02-20,0000078814-19-000004,pbi2018123110k.htm,45556,0.0,0.0,0.0
PCG,1004980,2019-04-30,0000950157-19-000501,form10ka.htm,41534,2.889199210285549,1.2038330042856455,1.6853662059999035
PCH,1338749,2019-02-27,0001564590-19-004862,pch-10k_20181231.htm,48426,1.5487548011398835,1.85850576136786,-0.3097509602279767
PCRX,1396814,2019-02-28,0001396814-19-000008,pcrx-12312018x10k.htm,64147,0.0,0.9353516142609944,-0.9353516142609944
PCTY,1591698,2019-08-09,0001558370-19-007859,pcty-20190630x10k.htm,50081,0.0,0.1996765240310696,-0.1996765240310696
PDFS,1120914,2019-03-08,0001437749-19-004374,pdfs20181231_10k.htm,40886,0.0,1.4674949860587976,-1.4674949860587976
PDM,1042776,2019-02-20,0001042776-19-000036,pdm12311810-k.htm,59421,1.0938893657124584,1.1780347015364938,-0.0841453358240352
PEB,1474098,2019-03-01,0001474098-19-000026,peb-20181231x10k.htm,57251,0.0,0.6986777523536707,-0.6986777523536707
PECO,1476204,2019-03-13,0001476204-19-000026,peco201810k.htm,66266,3.772673769353817,0.9808951800319924,2.7917785893218245
PEG,788784,2019-02-28,0000788784-19-000005,pseg201810k.htm,108842,25.702394296319437,0.735010382021646,24.967383914297788
PEN,1321732,2019-02-26,0001321732-19-000031,pen-123118x10k.htm,69500,0.0,1.079136690647482,-1.079136690647482
PENG,1616533,2019-11-06,0001564590-19-041109,sgh-10k_20190830.htm,77618,0.773016568321781,1.095106805122523,-0.3220902368007421
PENN,921738,2019-02-28,0000921738-19-000011,penn1231201810k.htm,88800,0.1689189189189189,0.3378378378378378,-0.1689189189189189
PEP,77476,2019-02-15,0000077476-19-000017,pepsico201810-k.htm,71654,0.2093393250900159,1.604934825690122,-1.3955955006001062
PFGC,1618673,2019-08-16,0001564590-19-032384,pfgc-10k_20190629.htm,52695,0.1897713255527089,0.1897713255527089,0.0
PFS,1178970,2019-03-01,0001628280-19-002379,pfs-20181231.htm,71937,0.4170315692897952,1.1815894463210863,-0.7645578770312913
PFSI,1745916,2019-03-05,0001558370-19-001499,pfsi-20181231x10k.htm,80761,13.094191503324623,2.7859981921967285,10.308193311127896
PGRE,1605607,2019-02-13,0001564590-19-002868,pgre-10k_20181231.htm,64155,0.0,0.3896812407450705,-0.3896812407450705
PH,76334,2019-08-23,0000076334-19-000096,ph630201910-k.htm,39900,1.2531328320802004,0.0,1.2531328320802004
PHM,822416,2019-01-31,0000822416-19-000008,a201810-k.htm,49277,0.2029344318850579,0.5073360797126448,-0.3044016478275869
PI,1114995,2019-04-29,0001564590-19-013775,pi-10ka_20181231.htm,14543,0.0,1.375232070411882,-1.375232070411882
PII,931015,2019-02-14,0001628280-19-001394,pii-12312018x10xk.htm,46825,10.14415376401495,0.9610250934329952,9.183128670581954
PINC,1577916,2019-08-23,0001577916-19-000019,pinc-20190630x10k.htm,90762,2.2311099358762476,0.1101782684383332,2.1209316674379144
PIPR,1230245,2019-02-26,0001230245-19-000025,pjcq4201810k.htm,68866,0.0,1.0890715302181049,-1.0890715302181049
PJT,1626115,2019-02-28,0001564590-19-005523,pjt-10k_20181231.htm,53642,0.0,0.8388948957906118,-0.8388948957906118
PK,1617406,2019-02-28,0001564590-19-005443,pk-10k_20181231.htm,66981,0.1492960690345023,0.6718323106552604,-0.5225362416207582
PKG,75677,2019-02-28,0001564590-19-005284,pkg-10k_20181231.htm,47082,0.6371861858034918,0.6371861858034918,0.0
PLAB,810136,2019-12-23,0001140361-19-023041,form10k.htm,39790,1.0052777079668258,1.130937421462679,-0.1256597134958532
PLD,1045609,2019-02-13,0001564590-19-002872,pld-10k_20181231.htm,61802,0.4854211837804602,2.750720041422608,-2.2652988576421476
PLNT,1637207,2019-03-01,0001637207-19-000009,plnt10-k12312018document.htm,75460,0.0,2.1203286509408956,-2.1203286509408956
PLPC,80035,2019-03-08,0001564590-19-007041,plpc-10k_20181231.htm,40013,9.684352585409744,0.0,9.684352585409744
PLSE,1625101,2019-03-14,0001625101-19-000008,plse-20181231x10k.htm,49693,0.0,1.2074135190067012,-1.2074135190067012
PLUG,1093691,2019-03-13,0001558370-19-001929,plug-20181231x10k.htm,57900,6.217616580310881,0.1727115716753022,6.0449050086355784
PLUS,1022408,2019-05-23,0001022408-19-000012,form10k.htm,52846,0.3784581614502517,1.4192181054384438,-1.040759943988192
PLXS,785786,2019-11-15,0000785786-19-000059,plxsf1910-k.htm,45908,0.0,2.2871830617757256,-2.2871830617757256
PLYM,1515816,2019-03-08,0001171520-19-000138,eps8427.htm,38345,0.7823705828660843,0.2607901942886947,0.5215803885773895
PM,1413329,2019-02-07,0001413329-19-000007,pm123118form10kwrapinclfsm.htm,65276,0.2297934922482995,0.8425761382437649,-0.6127826459954654
PMT,1464423,2019-02-26,0001564590-19-004522,pmt-10k_20181231.htm,102924,20.840620263495396,4.129260425168085,16.71135983832731
PNFP,1115055,2019-02-28,0001115055-19-000011,pnfp1231201810k.htm,97802,0.1022473978037259,0.8691028813316701,-0.7668554835279442
PNR,77360,2019-02-19,0000077360-19-000006,a2018pnr-10k.htm,52069,0.0,0.8642378382530872,-0.8642378382530872
PNW,764622,2019-02-22,0000764622-19-000019,pnw2018123110-k.htm,103857,42.438160162531176,1.0591486370682766,41.37901152546289
PODD,1145197,2019-02-28,0001145197-19-000005,podd-2018x12x31_10xkamended.htm,5530,0.0,1.8083182640144664,-1.8083182640144664
POOL,945841,2019-02-27,0000945841-19-000013,pool-12312018x10k.htm,41379,0.0,0.483336958360521,-0.483336958360521
POR,784977,2019-02-15,0000784977-19-000010,a201810-k.htm,64004,42.34110368101994,0.781201174926567,41.55990250609337
POWI,833640,2019-02-13,0000833640-19-000046,powi-2018123110k.htm,45394,3.744988324448165,0.6608802925496762,3.084108031898489
POWL,80420,2019-12-05,0000080420-19-000039,powl10-k2019.htm,31722,0.0,0.0,0.0
PPC,802481,2019-02-14,0000802481-19-000015,ppc-2018x12x30x10k.htm,72554,0.0,0.4134851283182181,-0.4134851283182181
PPL,922224,2019-02-14,0000922224-19-000015,ppl-1231201810k.htm,145195,7.35218154895141,1.8595681669478976,5.492613382003513
PR,1658566,2019-02-25,0001658566-19-000028,cdev1231201810-k.htm,70510,2.1273578215855906,0.6382073464756772,1.4891504751099136
PRA,1127703,2019-02-21,0001706397-19-000002,pra-20181231x10k.htm,121782,0.0,1.1085382076168893,-1.1085382076168893
PRDO,1046568,2019-02-20,0001564590-19-003457,ceco-10k_20181231.htm,73670,0.3054160445228722,1.0180534817429074,-0.7126374372200353
PRGO,1585364,2019-02-27,0001585364-19-000016,cy18q410k.htm,87637,0.2282141104784509,1.026963497153029,-0.7987493866745781
PRGS,876167,2019-01-28,0000876167-19-000026,a201810-kmaster.htm,47676,0.0,0.0,0.0
PRI,1475922,2019-02-26,0001564590-19-004515,pri-10k_20181231.htm,85168,11.125070448994927,0.9393199323689648,10.185750516625962
PRIM,1361538,2019-02-28,0001558370-19-001230,prim-20181231x10k.htm,56728,10.13608799887181,0.7051191651389085,9.4309688337329
PRK,805676,2019-02-26,0000805676-19-000040,prk-20181231x10k.htm,30037,0.0,2.330459100442787,-2.330459100442787
PRKS,1564902,2019-03-01,0001564590-19-005656,seas-10k_20181231.htm,76252,0.5245764045533232,1.0491528091066464,-0.5245764045533232
PRLB,1443669,2019-02-22,0001437749-19-003141,prlb20181231_10k.htm,42535,0.0,0.4702010109321735,-0.4702010109321735
PRO,1392972,2019-02-15,0001392972-19-000067,pro-20181231x10k.htm,47836,0.0,0.5226189480725814,-0.5226189480725814
PRSU,884219,2019-02-27,0001564590-19-004984,vvi-10k_20181231.htm,46976,1.596559945504087,0.6386239782016349,0.9579359673024525
PSA,1393311,2019-02-27,0001393311-19-000004,psa-20181231x10k.htm,46401,0.3232688950669167,0.96980668520075,-0.6465377901338334
PSMT,1041803,2019-10-29,0001041803-19-000042,psmt-20190831x10k.htm,62268,0.3211922656902422,0.1605961328451211,0.1605961328451211
PSTG,1474432,2019-03-26,0001628280-19-003437,a10k2019.htm,49301,0.0,1.115596032534837,-1.115596032534837
PSX,1534701,2019-02-22,0001534701-19-000063,psx-20181231_10k.htm,64711,3.708797576918916,1.236265858972972,2.472531717945944
PTC,857005,2019-11-18,0000857005-19-000040,ptc9-30x1910xk.htm,58488,0.0,1.367801942278758,-1.367801942278758
PTCT,1070081,2019-03-01,0001070081-19-000018,ptct1231201810-k.htm,143144,0.5239479125915163,0.2095791650366065,0.3143687475549097
PTEN,889900,2019-02-13,0001564590-19-002863,pten-10k_20181231.htm,57796,0.1730223544881999,0.8651117724409995,-0.6920894179527995
PTGX,1377121,2019-03-12,0001558370-19-001853,ptgx-20181231x10k.htm,80736,0.0,0.3096512088783194,-0.3096512088783194
PVH,78239,2019-03-29,0000078239-19-000011,pvh10k2018.htm,78330,0.5744925315970892,0.9574875526618152,-0.3829950210647261
PWR,1050915,2019-02-28,0001050915-19-000014,pwr-123118x10k.htm,91975,6.469149225332971,0.978526773579777,5.490622451753193
PYPL,1633917,2019-02-07,0001633917-19-000043,pypl201810-k.htm,77920,0.6416837782340862,0.2566735112936344,0.3850102669404517
PZZA,901491,2019-05-07,0001558370-19-004247,pzza-20181230x10ka.htm,61779,0.0,1.6996066624581168,-1.6996066624581168
QCOM,804328,2019-11-06,0001728949-19-000072,qcom10-k2019.htm,76133,0.5910708891019663,0.3940472594013108,0.1970236297006554
QCRH,906465,2019-03-15,0001558370-19-002174,qcrh-20181231x10k.htm,81894,0.0,1.282145212103451,-1.282145212103451
QLYS,1107843,2019-02-27,0001628280-19-002099,qlys-2018x1231x10k.htm,54982,1.273143938016078,0.2728165581463024,1.0003273798697756
QRVO,1604778,2019-05-17,0001604778-19-000031,qorvo2019033010-k.htm,54562,0.8247498258861479,0.2749166086287159,0.5498332172574318
QSR,1618756,2019-02-22,0001618756-19-000005,qsr_20181231x10krounding.htm,65342,0.0,0.382602307857121,-0.382602307857121
QTWO,1410384,2019-02-19,0001410384-19-000015,a181231qtwo10k.htm,76538,0.0,1.175886487757715,-1.175886487757715
QUBT,1758009,2019-06-07,0001213900-19-010269,f10k2018a3_quantumcomputing.htm,29668,0.0,2.359444519347445,-2.359444519347445
QURE,1590560,2019-04-29,0001104659-19-024560,a19-8908_110ka.htm,24096,0.0,3.735059760956175,-3.735059760956175
QXO,1236275,2019-03-28,0001185185-19-000423,silversun20181231_10k.htm,35864,0.0,3.0671425384786977,-3.0671425384786977
R,85961,2019-02-21,0000085961-19-000033,a201810-k.htm,71438,0.0,0.4199445673171141,-0.4199445673171141
RAMP,733269,2019-05-29,0000733269-19-000022,ramp-20190331.htm,49075,0.0,0.5094243504839532,-0.5094243504839532
RARE,1515673,2019-02-20,0001564590-19-003324,rare-10k_20181231.htm,75435,0.1325644594684165,1.1267979054815405,-0.994233446013124
RBC,1324948,2019-05-23,0001615774-19-008334,s118374_10k.htm,44801,0.948639539295998,0.8928372134550568,0.055802325840941
RCL,884887,2019-02-22,0000884887-19-000017,rcl-20181231x10k.htm,68296,0.2196321892936629,0.6588965678809887,-0.4392643785873258
RCUS,1724521,2019-03-05,0001564590-19-006274,rcus-10k_20181231.htm,81574,0.0,1.348468874886606,-1.348468874886606
RDN,890926,2019-02-28,0000890926-19-000009,rdn10k12312018.htm,140912,0.1774156920631316,1.774156920631316,-1.5967412285681843
RDNT,790526,2019-03-18,0001628280-19-003087,radnet10k2018document.htm,62336,0.1604209445585215,0.8021047227926079,-0.6416837782340863
REG,910606,2019-02-21,0000910606-19-000006,reg10-k123118.htm,73027,0.205403480904323,1.7801635011708,-1.5747600202664769
REGN,872589,2019-02-07,0001532176-19-000009,regn-123118x10k.htm,85720,0.1166588894073728,0.6999533364442371,-0.5832944470368642
RES,742278,2019-02-28,0001144204-19-011175,tv514318_10k.htm,40270,0.0,0.2483238142537869,-0.2483238142537869
REVG,1687221,2019-12-18,0001564590-19-046328,revg-10k_20191031.htm,56063,0.1783707614647807,2.2296345183097586,-2.0512637568449783
REX,744187,2019-03-29,0000930413-19-001085,c93307_10k.htm,36644,15.96441436524397,0.0,15.96441436524397
REXR,1571283,2019-02-28,0001571283-19-000007,rexr-20181231x10xka.htm,3696,0.0,2.705627705627706,-2.705627705627706
REZI,1740332,2019-03-18,0001564590-19-008280,rezi-10k_20181231.htm,65032,1.729917579038012,0.8457374830852503,0.8841800959527617
RF,1281761,2019-02-22,0001281761-19-000019,rf-20181231x10k.htm,109657,0.091193448662648,0.2735803459879442,-0.1823868973252961
RGA,898174,2019-02-27,0000898174-19-000011,a201810-k.htm,110592,6.60083912037037,2.215350115740741,4.38548900462963
RGEN,730272,2019-03-01,0001193125-19-060645,d682580d10k.htm,47275,0.0,0.6345848757271285,-0.6345848757271285
RGLD,85535,2019-08-08,0001558370-19-007532,rgld-20190630x10k.htm,48712,0.205288224667433,0.3079323370011496,-0.1026441123337165
RH,1528849,2019-07-30,0001193125-19-205786,d503938d10ka.htm,31450,0.0,0.6359300476947536,-0.6359300476947536
RHI,315213,2019-02-15,0001628280-19-001488,rhi10k123118.htm,28995,0.0,0.0,0.0
RHP,1040829,2019-02-26,0001558370-19-001107,rhp-20181231x10k.htm,69299,0.2164533398750342,1.0822666993751713,-0.865813359500137
RIG,1451505,2019-02-19,0001451505-19-000025,rig-20181231x10k.htm,74442,0.0,1.3433276913570298,-1.3433276913570298
RIOT,1167419,2019-04-23,0001079973-19-000239,riot_10ka-123118.htm,26840,0.3725782414307004,0.3725782414307004,0.0
RITM,1556593,2019-02-19,0001556593-19-000006,nrz-20181231x10xk.htm,139696,0.1073760164929561,0.751632115450693,-0.6442560989577368
RJF,720005,2019-11-26,0000720005-19-000086,rjf-20190930x10k.htm,96840,0.1548946716232961,1.0326311441553075,-0.8777364725320115
RL,1037038,2019-05-16,0001037038-19-000005,rl-20190330x10k.htm,77793,0.0,1.0926432969547388,-1.0926432969547388
RLI,84246,2019-02-22,0000084246-19-000013,rli-20181231x10k.htm,68059,2.2407029195257055,0.4407940169558765,1.7999089025698292
RLJ,1511337,2019-03-01,0001511337-19-000040,rlj-12312018x10k.htm,68841,0.2178934065455179,0.3631556775758632,-0.1452622710303452
RMBS,917273,2019-02-22,0000917273-19-000006,rmbs-20181231x10xk.htm,64938,0.0,0.3849825987865348,-0.3849825987865348
RMD,943819,2019-08-08,0000943819-19-000017,rmd-20190630x10k.htm,57229,0.1747365845987174,0.5242097537961523,-0.3494731691974349
RNG,1384905,2019-02-27,0001564590-19-004630,rng-10k_20181231.htm,64200,0.7009345794392523,0.7009345794392523,0.0
RNR,913144,2019-02-07,0000913144-19-000010,rnr10-k2018.htm,126769,0.118325458116732,1.0649291230505882,-0.946603664933856
RNST,715072,2019-02-27,0000715072-19-000041,rnst1231201810k.htm,86128,0.0,0.638584432472599,-0.638584432472599
ROAD,1718227,2019-12-13,0001718227-19-000098,road-20190930.htm,51270,0.4876145894285156,1.1702750146284375,-0.682660425199922
ROCK,912562,2019-02-27,0000912562-19-000009,rock-20181231x10k.htm,42512,36.460293564170115,0.0,36.460293564170115
ROG,84748,2019-02-21,0000084748-19-000006,rog-20181231x10k.htm,49243,3.553804601669273,0.2030745486668156,3.3507300530024575
ROK,1024478,2019-11-12,0001024478-19-000044,fy2019form10k.htm,49384,0.3037421027053296,0.3037421027053296,0.0
ROKU,1428439,2019-03-01,0001564590-19-005829,roku-10k_20181231.htm,61763,0.1619092336835969,0.3238184673671939,-0.1619092336835969
ROL,84839,2019-03-01,0001171200-19-000087,i19083_rol-10k.htm,34780,0.0,0.2875215641173088,-0.2875215641173088
ROP,882835,2019-02-25,0000882835-19-000010,a201810-kdoc.htm,33192,0.0,1.8076644974692695,-1.8076644974692695
ROST,745732,2019-04-02,0000745732-19-000009,rost-20190202x10k.htm,31338,0.3191014104282341,0.4786521156423511,-0.159550705214117
RPD,1560327,2019-02-28,0001560327-19-000046,rapid7201810-k.htm,65030,0.0,1.0764262648008611,-1.0764262648008611
RPM,110621,2019-07-24,0001564590-19-025795,rpm-10k_20190531.htm,16911,1.7739932588256164,4.434983147064041,-2.660989888238425
RRC,315852,2019-02-25,0001564590-19-004113,rrc-10k_20181231.htm,82831,4.255653076746628,0.9658219748644832,3.2898311018821453
RRR,1653653,2019-02-26,0001653653-19-000005,rrr10-kx12x31x2018.htm,75453,0.0,1.2590619325938002,-1.2590619325938002
RRX,82811,2019-02-26,0000082811-19-000018,rbc-20181229x10k.htm,45724,2.1870352550083108,0.4374070510016621,1.7496282040066486
RS,861884,2019-02-27,0001558370-19-001202,rs-20181231x10k.htm,44851,0.0,0.3344407036632405,-0.3344407036632405
RTX,101829,2019-04-05,0000101829-19-000009,a2018-12x31form10xka.htm,1388,0.0,7.204610951008646,-7.204610951008646
RUSHA,1012019,2019-02-25,0001437749-19-003282,rusha20181231_10k.htm,42162,0.7115411982353779,0.3557705991176889,0.3557705991176889
RVTY,31791,2019-02-26,0000031791-19-000003,pki1230201810k.htm,81955,0.6100909035446281,1.5862363492160332,-0.976145445671405
RYN,52827,2019-02-22,0000052827-19-000006,q4rayonier201810k.htm,57268,1.047705524900468,0.6984703499336453,0.3492351749668226
RYTM,1649904,2019-03-08,0001558370-19-001698,rytm-20181231x10k.htm,109245,0.0,0.7780676461165271,-0.7780676461165271
SAFE,1095651,2019-02-26,0001095651-19-000006,star-12312018x10k.htm,76381,0.0,0.9164582815097996,-0.9164582815097996
SAFT,1172052,2019-02-28,0001172052-19-000005,c052-20181231x10k.htm,53884,0.0,0.2783757701729641,-0.2783757701729641
SAH,1043509,2019-02-21,0001628280-19-001674,sah-20181231.htm,76227,0.2623742243561992,0.2623742243561992,0.0
SAIA,1177702,2019-02-25,0001564590-19-004105,saia-10k_20181231.htm,35683,0.0,0.0,0.0
SAIC,1571123,2019-03-29,0001571123-19-000004,saic2019-02x0110xk.htm,47621,0.6299741710589866,0.419982780705991,0.2099913903529955
SAM,949870,2019-02-20,0001193125-19-045425,d681882d10k.htm,41329,0.0,0.7258825522030535,-0.7258825522030535
SANM,897723,2019-12-09,0000897723-19-000041,sanmina10-kasep282019.htm,3457,0.0,0.0,0.0
SATS,1415404,2019-02-27,0001415404-19-000007,sats_123118x10kadocument.htm,86250,16.28985507246377,0.5217391304347826,15.768115942028986
SBAC,1034054,2019-02-28,0001034054-19-000002,sbac-20181231x10k.htm,63185,0.6330616443776212,0.1582654110944053,0.4747962332832159
SBCF,730708,2019-02-26,0001628280-19-001975,sbcf2018123110k.htm,72554,0.6202276924773272,0.8958844446894726,-0.2756567522121454
SBH,1368458,2019-11-25,0001564590-19-044262,sbh-10k_20190930.htm,46412,0.0,0.7541153150047402,-0.7541153150047402
SBRA,1492298,2019-02-25,0001492298-19-000006,sbra10k2018.htm,79412,0.2518511056263537,1.2592555281317686,-1.0074044225054148
SBUX,829224,2019-11-15,0000829224-19-000051,sbux-9292019x10xk.htm,54345,0.1840095684975618,0.3680191369951237,-0.1840095684975618
SCCO,1001838,2019-03-01,0001047469-19-000845,a2237832z10-k.htm,87382,2.9182211439426884,0.8583003364537318,2.059920807488957
SCI,89089,2019-02-20,0000089089-19-000005,sci-12312018x10k.htm,49133,0.6105875887896118,0.4070583925264079,0.2035291962632039
SCL,94049,2019-02-27,0001564590-19-004767,scl-10k_20181231.htm,52985,0.283098990280268,0.283098990280268,0.0
SCS,1050825,2019-04-12,0001050825-19-000077,scs-02222019x10k.htm,46345,0.0,0.755205523788974,-0.755205523788974
SCSC,918965,2019-10-24,0001193125-19-273026,d818588d10ka.htm,20987,0.0,1.90594177347882,-1.90594177347882
SEB,88121,2019-02-20,0000088121-19-000011,seb-20181231x10k.htm,13938,0.7174630506528914,0.0,0.7174630506528914
SEDG,1419612,2019-02-28,0001178913-19-000721,zk1922755.htm,66758,130.32145960034754,0.7489739057491238,129.5724856945984
SEE,1012100,2019-02-19,0001628280-19-001538,q4201810-kdocument.htm,78631,0.6994696748101894,1.08099858834302,-0.3815289135328306
SEI,1697500,2019-07-26,0001697500-19-000042,soi-20181231x10ka.htm,63148,0.4750744283271046,1.662760499144866,-1.1876860708177617
SEIC,350894,2019-02-25,0000350894-19-000012,seic-123118form10xk.htm,52841,0.2838704793626161,2.7440813005052895,-2.4602108211426734
SEM,1320414,2019-02-21,0001628280-19-001659,sem-12311810k.htm,88199,0.0,0.2834499257361194,-0.2834499257361194
SF,720672,2019-02-20,0001564590-19-003474,sf-10k_20181231.htm,89164,0.0,0.5046879906688798,-0.5046879906688798
SFBS,1430723,2019-02-28,0001171843-19-001375,f10k_022719p.htm,66835,0.2244333059025959,1.3465998354155757,-1.1221665295129797
SFM,1575515,2019-02-21,0001564590-19-003562,sfm-10k_20181230.htm,51890,0.0,0.5781460782424359,-0.5781460782424359
SGI,1206264,2019-02-25,0001206264-19-000047,tpx-20181231x10k.htm,64834,0.4627201776845482,0.3084801184563654,0.1542400592281827
SGRY,1638833,2019-03-15,0001638833-19-000006,a201810-kfiling.htm,75785,0.0,1.71537903279013,-1.71537903279013
SHAK,1620533,2019-02-25,0001620533-19-000010,shak-20181226_10k.htm,67103,0.0,1.1921970701757,-1.1921970701757
SHO,1295810,2019-02-14,0001558370-19-000674,sho-20181231x10k.htm,66147,0.0,0.2267676538618531,-0.2267676538618531
SHOO,913241,2019-02-28,0001628280-19-002264,shoo-20181231x10k.htm,47020,0.0,0.0,0.0
SHW,89800,2019-02-22,0000089800-19-000004,shw-12312018x10k.htm,17886,0.0,0.0,0.0
SIG,832988,2019-04-03,0000832988-19-000003,fy19q410k.htm,79658,0.8787566848276381,0.0,0.8787566848276381
SIGI,230557,2019-02-15,0000230557-19-000012,sigi-12312018x10k.htm,83342,0.4799500851911401,0.7199251277867103,-0.23997504259557
SILA,1567925,2019-03-22,0001567925-19-000013,a201810kreitii12312018.htm,102251,2.6405609725088266,1.1246833771796854,1.515877595329141
SITE,1650729,2019-02-27,0001650729-19-000004,site_12302018x10kdocument.htm,60566,0.1651091371396493,0.1651091371396493,0.0
SJM,91419,2019-06-17,0000091419-19-000005,sjm43019-10k.htm,46460,0.3228583727938011,1.2914334911752046,-0.9685751183814032
SKT,899715,2019-02-21,0000899715-19-000060,skt10k2018123118.htm,63410,0.6308153288124901,0.0,0.6308153288124901
SKY,90896,2019-05-23,0001564590-19-020324,sky-10k_20190330.htm,44150,0.2265005662514156,0.0,0.2265005662514156
SKYW,793733,2019-02-21,0001558370-19-000861,skyw-20181231x10ka.htm,42535,0.2351005054660867,0.7053015163982602,-0.4702010109321735
SLAB,1038074,2019-05-03,0001047469-19-002853,a2238673z10-ka.htm,33353,0.0,0.5996462087368453,-0.5996462087368453
SLB,87347,2019-01-23,0001564590-19-000928,slb-10k_20181231.htm,32653,0.3062505742198266,0.4593758613297399,-0.1531252871099133
SLG,1040971,2019-02-27,0001040971-19-000007,a18q4slg10kdoc.htm,87120,0.0,1.033057851239669,-1.033057851239669
SLGN,849869,2019-02-28,0000849869-19-000009,slgn-2018x1231x10k.htm,51818,0.7719325330966074,0.0,0.7719325330966074
SLM,1032033,2019-02-28,0001628280-19-002283,a2018form10-k.htm,89821,0.0,2.6719809398692957,-2.6719809398692957
SLNO,1484565,2019-03-20,0001564590-19-008508,slno-10k_20181231.htm,65068,0.0,0.9221122517981188,-0.9221122517981188
SM,893538,2019-02-21,0000893538-19-000012,sm-20181231x10k.htm,80832,3.8969714964370543,0.9897070467141726,2.907264449722882
SMCI,1375365,2019-12-19,0001375365-19-000079,smci-2019630x10k.htm,96379,0.0,0.1556355637638904,-0.1556355637638904
SMPL,1702744,2019-10-30,0001702744-19-000048,smpl_10kx2019.htm,51095,0.2935707994911439,2.1528525296017222,-1.8592817301105784
SMTC,88941,2019-03-21,0001628280-19-003241,smtc-01272019x10k.htm,58191,0.5155436407691911,0.8592394012819853,-0.3436957605127941
SNA,91440,2019-02-14,0000091440-19-000003,sna_fy18x10-kdocument.htm,67270,0.2973093503790694,0.0,0.2973093503790694
SNAP,1564408,2019-02-06,0001564590-19-002053,snap-10k_20181231.htm,82351,0.1214314337409381,1.275030054279851,-1.1535986205389126
SNDR,1692063,2019-02-26,0001692063-19-000043,a201810k.htm,50540,0.0,0.593589236248516,-0.593589236248516
SNDX,1395937,2019-03-18,0001564590-19-008313,sndx-10ka_20181231.htm,4093,0.0,0.0,0.0
SNEX,913760,2019-12-12,0000913760-19-000141,intl0930201910-k.htm,86982,1.8394610379158909,0.4598652594789726,1.379595778436918
SNPS,883241,2019-12-20,0000883241-19-000019,snps10311910-k.htm,53023,0.0,0.1885974011278124,-0.1885974011278124
SNV,18349,2019-02-28,0000018349-19-000021,snv-12312018x10k.htm,82681,0.0,0.4837870853037578,-0.4837870853037578
SONO,1314727,2019-11-26,0001314727-19-000038,sono-20190928x10k.htm,41805,0.8372204281784476,0.0,0.8372204281784476
SPB,109177,2019-11-15,0000109177-19-000050,spb-20190930x10k.htm,99938,1.4508995577257902,0.3001861153915428,1.150713442334247
SPG,1063761,2019-02-22,0001558370-19-000875,spg-20181231x10k.htm,75358,0.0,2.123198598688925,-2.123198598688925
SPGI,64040,2019-02-13,0000064040-19-000059,spgi-20181231x10k.htm,63601,0.0,1.0219965094888446,-1.0219965094888446
SPH,1005210,2019-11-27,0001564590-19-044639,sph-10k_20190928.htm,76603,1.5665182825737896,0.4569011657506886,1.109617116823101
SPNT,1576018,2019-02-28,0001576018-19-000028,tpre-20181231x10k.htm,100082,0.0,1.1990168062189006,-1.1990168062189006
SPR,1364885,2019-02-08,0001628280-19-001118,spr-20181231x10k.htm,70521,0.5672069312687001,0.7799095304944627,-0.2127025992257625
SPSC,1092699,2019-03-15,0001564590-19-008020,spsc-10ka_20181231.htm,39218,0.0,0.6374623897190066,-0.6374623897190066
SPXC,88205,2019-02-15,0000088205-19-000008,spx-20181231x10kwxbrl.htm,72952,2.8786051102094525,0.2056146507292466,2.672990459480206
SR,1126956,2019-11-26,0001564590-19-044464,sr-10k_20190930.htm,78778,0.0,0.8885729518393461,-0.8885729518393461
SRCE,34782,2019-02-22,0000034782-19-000039,sce-20181231x10k.htm,54161,4.569708831077713,1.6617123022100777,2.9079965288676357
SRE,1032208,2019-02-26,0000086521-19-000014,sre20181231form10k.htm,190108,28.312853746291584,0.8942285437751173,27.418625202516463
SRPT,873303,2019-02-28,0001564590-19-005170,srpt-10k_20181231.htm,80689,0.5576968359999505,1.2393263022221122,-0.6816294662221617
SRRK,1727196,2019-03-19,0001558370-19-002252,srrk-20181231x10k.htm,95861,0.0,1.3039713752203712,-1.3039713752203712
SSB,764038,2019-02-22,0001558370-19-000905,ssb-20181231x10k.htm,104265,0.1918189229367477,1.0550040761521124,-0.8631851532153647
SSD,920371,2019-02-27,0000920371-19-000027,ssd10k2018.htm,54325,1.1044638748274276,0.2761159687068569,0.8283479061205707
SSNC,1402436,2019-03-01,0001564590-19-005753,ssnc-10k_20181231.htm,59062,0.2539704039822559,0.6772544106193492,-0.4232840066370932
ST,1477294,2019-02-06,0001477294-19-000011,st1231201810-k.htm,76676,5.2819656737440654,0.5216756220981793,4.760290051645886
STAA,718937,2019-02-21,0001564590-19-003674,staa-10k_20181228.htm,49752,0.3014954172696575,0.2009969448464383,0.1004984724232191
STAG,1479094,2019-02-13,0001479094-19-000006,stag-123118x10k.htm,66686,0.224934768917014,0.1499565126113427,0.0749782563056713
STBA,719220,2019-02-21,0000719220-19-000017,stba-20181231x10k.htm,71120,0.0,0.9139482564679416,-0.9139482564679416
STC,94344,2019-02-28,0000094344-19-000004,stewart201810-k.htm,40610,0.7387343018960847,0.8618566855454322,-0.1231223836493474
STE,1757898,2019-05-30,0001757898-19-000005,ste3312019.htm,59418,2.776936281934767,0.5048975058063213,2.272038776128446
STEL,1473844,2019-02-28,0001558370-19-001353,cbtx-20181231x10k.htm,70629,0.0,0.6371320562375228,-0.6371320562375228
STGW,876883,2019-03-19,0001144204-19-014725,tv516552_10ka.htm,1021,0.0,9.79431929480901,-9.79431929480901
STLD,1022671,2019-02-27,0001144204-19-010579,stld-20181231x10k.htm,48113,0.0,0.0,0.0
STRA,1013934,2019-03-01,0001558370-19-001422,stra-20181231x10k.htm,67847,0.0,0.2210856780697746,-0.2210856780697746
STRL,874238,2019-03-05,0000874238-19-000044,strl_123118x10kdocument.htm,46207,0.4328348518622719,0.2164174259311359,0.2164174259311359
STWD,1465128,2019-02-28,0001558370-19-001256,stwd-20181231x10k.htm,107133,0.9800901682954832,1.0734320890855291,-0.093341920790046
STX,1137789,2019-08-02,0001193125-19-212028,d733907d10k.htm,57082,0.0,1.1387127290564452,-1.1387127290564452
STZ,16918,2019-04-23,0000016918-19-000024,stz228201910k.htm,66341,0.2261045205830482,0.0,0.2261045205830482
SUI,912593,2019-02-21,0000912593-19-000034,sui2018123110-k.htm,69191,0.7226373372259398,0.4335824023355639,0.2890549348903759
SUN,1552275,2019-02-22,0001552275-19-000011,sun-12312018x10k.htm,74698,1.8742134996920936,0.5354895713405982,1.3387239283514951
SUPN,1356576,2019-03-01,0001047469-19-000828,a2237838z10-k.htm,67640,0.0,0.8870490833826139,-0.8870490833826139
SWKS,4127,2019-11-14,0000004127-19-000049,fy1910k92719.htm,37047,0.6748184738305396,1.0797095581288634,-0.4048910842983237
SWX,1692115,2019-02-28,0001692115-19-000013,swx12311810k.htm,17599,1.7046423092221148,0.0,1.7046423092221148
SXI,310354,2019-08-27,0001437749-19-017513,sxi20190630_10k.htm,43206,0.0,0.3471740036106097,-0.3471740036106097
SXT,310142,2019-02-25,0001140361-19-003714,form10ka.htm,36739,0.0,0.9526661041400148,-0.9526661041400148
SYK,310764,2019-02-07,0000310764-19-000014,syk10k123118.htm,34258,0.0,0.4378539319283087,-0.4378539319283087
SYNA,817720,2019-08-23,0001564590-19-032908,syna-10k_20190629.htm,52058,0.5762803027392523,0.7683737369856698,-0.1920934342464174
SYRE,1636282,2019-03-07,0001564590-19-006771,agle-10k_20181231.htm,72082,0.0,0.3468272245498183,-0.3468272245498183
SYY,96021,2019-08-26,0000096021-19-000093,syy2019q410-k.htm,65552,0.2288259702221137,0.1525506468147425,0.0762753234073712
TALO,1724965,2019-03-13,0001564590-19-007586,talo-10k_20181231.htm,78129,1.5359213608263258,0.5119737869421086,1.0239475738842172
TAP,24545,2019-02-12,0000024545-19-000007,tap2018123110-k.htm,103064,0.0,0.5821625397811069,-0.5821625397811069
TBBK,1295401,2019-03-15,0001295401-19-000040,tbbk-20181231x10k.htm,82322,0.6681081606374967,1.2754792157624937,-0.6073710551249969
TCBI,1077428,2019-02-14,0001077428-19-000009,a12312018-10k.htm,56647,0.0,0.0,0.0
TCBK,356171,2019-03-01,0001193125-19-061167,d701182d10k.htm,63766,0.0,1.411410469529216,-1.411410469529216
TDC,816761,2019-03-01,0000816761-19-000012,tdc-123118x10ka.htm,49095,0.3055300947143293,0.8147469192382116,-0.5092168245238823
TDG,1260221,2019-11-19,0001260221-19-000043,tdg2019-09x3010xk.htm,75979,0.2632306295160505,0.3290382868950631,-0.0658076573790126
TDS,1051512,2019-02-22,0001051512-19-000008,tds1231201810-k.htm,40529,0.3701053566581954,0.7402107133163908,-0.3701053566581954
TDW,98222,2019-02-28,0001564590-19-005545,tdw-10k_20181231.htm,100737,0.1489025879269782,0.4963419597565939,-0.3474393718296157
TDY,1094285,2019-02-25,0001094285-19-000064,tdy-2018x10k.htm,67141,0.6702313042701181,0.8936417390268241,-0.223410434756706
TECH,842023,2019-11-06,0001437749-19-021760,tech20191030_10ka.htm,21372,0.0,0.0,0.0
TEL,1385157,2019-11-12,0001558370-19-010758,tel-20190927x10kd12dc3.htm,63613,0.7074025749453728,1.1790042915756214,-0.4716017166302485
TENB,1660280,2019-03-01,0001660280-19-000012,q42018tenablefinancial.htm,53674,0.0,0.7452397808995044,-0.7452397808995044
TER,97210,2019-03-01,0001193125-19-059974,d652525d10k.htm,55539,0.1800536559894848,1.260375591926394,-1.0803219359369092
TEVA,818686,2019-02-19,0001193125-19-043564,d613675d10k.htm,96012,0.0,0.9373828271466068,-0.9373828271466068
TEX,97216,2019-02-25,0000097216-19-000024,tex201810-k.htm,61819,0.687490900855724,1.1323379543506042,-0.4448470534948802
TFIN,1539638,2019-02-12,0001564590-19-002702,tbk-10k_20181231.htm,84653,0.2657909347571852,1.240357695533531,-0.9745667607763456
TFSL,1381668,2019-11-26,0001381668-19-000087,tfslfy19septmaster10k.htm,84210,0.1187507421921387,0.3562522265764161,-0.2375014843842774
TFX,96943,2019-02-21,0000096943-19-000021,tfx-20181231x10k.htm,69509,0.0,1.0070638334604152,-1.0070638334604152
TGLS,1534675,2019-03-08,0001493152-19-003046,form10-k.htm,53109,4.18949707205935,0.9414600161931124,3.2480370558662375
TGNA,39899,2019-03-01,0000039899-19-000011,tgna-20181231x10k.htm,52190,0.287411381490707,0.287411381490707,0.0
TGT,27419,2019-03-13,0000027419-19-000006,tgt-20190202x10k.htm,31309,0.0,0.3193969785045834,-0.3193969785045834
TGTX,1001316,2019-03-01,0001654954-19-002189,v030119_10k.htm,79056,0.0,0.0,0.0
THC,70318,2019-02-25,0000070318-19-000017,thc-2018123110xk.htm,112348,0.9345960764766618,3.0708156798518886,-2.1362196033752268
THG,944695,2019-02-22,0001564590-19-003788,thg-10k_20181231.htm,94465,1.958397290001588,0.4234372518922352,1.5349600381093529
THO,730263,2019-09-30,0001193125-19-258022,d789706d10k.htm,48085,0.0,1.0398253093480294,-1.0398253093480294
THRM,903129,2019-02-26,0001564590-19-004505,thrm-10k_20181231.htm,59715,14.98785899690195,0.669848446788914,14.318010550113035
TILE,715787,2019-02-28,0001437749-19-003613,tile20181230_10k.htm,49508,0.6059626726993617,1.1109315666154964,-0.5049688939161348
TJX,109198,2019-04-03,0001628280-19-003834,tjx-10kx20190202.htm,44807,0.0,0.3347691208962885,-0.3347691208962885
TKR,98362,2019-02-15,0000098362-19-000038,tkr10k123118.htm,59184,3.463773992971073,0.8448229251148959,2.618951067856177
TLRY,1731348,2019-03-25,0001564590-19-009157,tlry-10k_20181231.htm,54371,0.2758823637600927,1.5633333946405252,-1.2874510308804326
TMHC,1562476,2019-02-20,0001628280-19-001592,tmhc-123118x10k.htm,69647,0.0,1.3640214223153904,-1.3640214223153904
TMO,97745,2019-02-27,0000097745-19-000007,a201810k.htm,56802,0.0,0.4401253476990246,-0.4401253476990246
TMP,1005817,2019-03-01,0001005817-19-000003,tmp-20181231x10k.htm,82490,0.1212268153715601,0.4849072614862407,-0.3636804461146805
TNC,97134,2019-02-28,0000097134-19-000006,form10-k12312018.htm,43842,0.0,0.0,0.0
TNET,937098,2019-02-14,0000937098-19-000030,tnet-123118x10k.htm,41537,0.0,0.2407492115463322,-0.2407492115463322
TNL,1361658,2019-02-26,0001361658-19-000009,wynd-20181231x10k.htm,81991,0.1829469088070641,2.012415996877706,-1.829469088070642
TOL,794170,2019-12-26,0000794170-19-000067,tol-20191031x10k.htm,73185,0.0,0.1366400218624035,-0.1366400218624035
TPB,1290677,2019-03-07,0001140361-19-004508,h10061332x1_10k.htm,56254,1.7332100828385535,1.1554733885590358,0.5777366942795179
TPC,77543,2019-02-27,0000077543-19-000009,tpc-20181231x10k.htm,41759,0.0,0.2394693359515314,-0.2394693359515314
TPH,1561680,2019-02-26,0001561680-19-000022,tph1231201810-k.htm,66582,0.0,0.1501907422426481,-0.1501907422426481
TPR,1116132,2019-08-15,0001116132-19-000016,tpr6302018-10k1.htm,57154,0.0,0.3499317633061553,-0.3499317633061553
TR,98677,2019-03-01,0001558370-19-001395,tr-20181231x10k.htm,26762,2.241984903968313,1.3078245273148494,0.934160376653464
TREX,1069878,2019-02-14,0001193125-19-041150,d671149d10k.htm,38817,0.0,1.0304763376870958,-1.0304763376870958
TRGP,1389170,2019-03-01,0001564590-19-005727,trgp-10k_20181231.htm,138243,0.3978501623952026,1.121214094022844,-0.7233639316276412
TRIP,1526520,2019-02-22,0001564590-19-003889,trip-10k_20181231.htm,73835,0.3047335274598767,0.5417484932620031,-0.2370149658021264
TRMB,864749,2019-02-22,0000864749-19-000006,trmb201810k.htm,54359,0.2759432660644971,0.7358487095053257,-0.4599054434408285
TRMK,36146,2019-02-19,0001564590-19-003267,trmk-10k_20181231.htm,93123,0.0,1.5570804205190985,-1.5570804205190985
TRN,99780,2019-02-21,0000099780-19-000019,trn1231201810k-q4.htm,58233,0.0,2.232411175793794,-2.232411175793794
TRNO,1476150,2019-02-06,0001628280-19-001026,trnoq410-k2018.htm,59804,0.0,1.0032773727509867,-1.0032773727509867
TROW,1113169,2019-02-13,0001113169-19-000011,a201810k.htm,45277,0.0,0.883450758663339,-0.883450758663339
TRS,842633,2019-02-28,0000842633-19-000010,trs201810-k.htm,51623,0.1937121050694457,0.5811363152083373,-0.3874242101388915
TRU,1552033,2019-02-14,0001552033-19-000010,transunion-20181231x10k.htm,72368,0.0,0.276365244306876,-0.276365244306876
TRV,86312,2019-02-14,0000086312-19-000009,trv-12312018x10k.htm,131210,2.4388385031628688,0.7621370322383965,1.6767014709244723
TSCO,916365,2019-02-21,0000916365-19-000035,a2018q4form10-k.htm,44493,0.6742633672712561,0.0,0.6742633672712561
TSLA,1318605,2019-02-19,0001564590-19-003165,tsla-10k_20181231.htm,93317,107.80458008722955,0.4286464416987258,107.37593364553082
TSN,100493,2019-11-12,0000100493-19-000118,tsn201910kq4.htm,70601,0.2832821064857438,1.0623078993215394,-0.7790257928357955
TTC,737758,2019-12-20,0000737758-19-000028,ttc-10312019x10k.htm,78091,6.530842222535248,2.112919542584933,4.417922679950315
TTD,1671933,2019-02-22,0001564590-19-003906,ttd-10k_20181231.htm,52114,0.0,0.5756610507733047,-0.5756610507733047
TTEK,831641,2019-11-29,0000831641-19-000193,tt10-kfy19document.htm,63121,3.010091728584782,1.4258329240664755,1.584258804518306
TTMI,1116942,2019-02-26,0001564590-19-004520,ttmi-10k_20181231.htm,62969,0.8337435881147867,1.0322539662373549,-0.1985103781225682
TTWO,946581,2019-05-14,0001628280-19-006691,ttwo10k03312019.htm,59827,0.0,1.33718889464623,-1.33718889464623
TVTX,1438533,2019-02-26,0001438533-19-000003,rtrx-20181231x10k.htm,65765,0.0,1.3685090853797612,-1.3685090853797612
TWLO,1447669,2019-03-01,0001047469-19-000807,a2237834z10-k.htm,78311,0.1915439721111976,0.6384799070373255,-0.4469359349261279
TWO,1465740,2019-04-04,0001465740-19-000033,two1231201810kadocument.htm,103647,0.2894439781180352,0.9648132603934508,-0.6753692822754156
TXN,97476,2019-02-22,0001564590-19-003839,txn-10k_20181231.htm,31809,0.943129303027445,0.3143764343424817,0.6287528686849634
TXNM,1108426,2019-03-01,0001108426-19-000020,pnm1231201810-k.htm,141400,58.345120226308346,1.2376237623762376,57.10749646393211
TXRH,1289460,2019-02-22,0001558370-19-000899,txrh-20181225x10k.htm,47440,0.0,0.6323777403035413,-0.6323777403035413
TXT,217346,2019-02-14,0001104659-19-008151,a19-30052_110k.htm,46891,0.0,0.0,0.0
TYL,860731,2019-02-20,0000860731-19-000009,tyl12312018-10k.htm,41328,0.2419667053813395,0.8468834688346883,-0.6049167634533488
UAA,1336917,2019-02-25,0001336917-19-000011,ua-20181231.htm,55586,0.0,0.0,0.0
UAL,100517,2019-02-28,0000100517-19-000009,ual_201810k.htm,65086,0.0,0.768214362535722,-0.768214362535722
UAN,1425292,2019-02-21,0001425292-19-000009,uan2018form10-k.htm,61927,0.7266620375603534,1.0496229431427326,-0.3229609055823793
UBSI,729986,2019-03-01,0001193125-19-060795,d609374d10k.htm,79139,0.2527198979011612,1.3267794639810964,-1.0740595660799352
UCB,857855,2019-02-27,0000857855-19-000021,ucbi1231201810-k.htm,83659,0.1792992983420791,0.4781314622455444,-0.2988321639034653
UCTT,1275014,2019-03-22,0001564590-19-009033,uctt-10k_20181228.htm,46257,0.0,1.4051927275871758,-1.4051927275871758
UDR,74208,2019-02-19,0000074208-19-000028,c208-20181231x10k.htm,89905,0.0,0.7229853734497524,-0.7229853734497524
UE,1611547,2019-02-13,0001611547-19-000007,ue-12312018x10k.htm,58735,0.4256405890865753,0.0,0.4256405890865753
UEC,1334933,2019-10-15,0001437749-19-020004,uec20190731_10k.htm,88797,0.2815410430532563,1.069855963602374,-0.7883149205491177
UELMO,100826,2019-02-26,0001002910-19-000094,aee201810-k.htm,104859,30.016498345397153,0.4291477126426916,29.58735063275446
UFPT,914156,2019-03-15,0001171843-19-001752,f10k_031519p.htm,29996,0.5000666755567409,1.3335111348179758,-0.8334444592612349
UGI,884614,2019-11-26,0000884614-19-000059,ugi-9302019x10k.htm,103449,2.609981730127889,1.1599918800568396,1.4499898500710495
UHAL,4457,2019-05-29,0000004457-19-000024,march201910k.htm,55219,2.0373422191636936,0.7243883445915356,1.3129538745721585
UHS,352915,2019-02-27,0001564590-19-004919,uhs-10k_20181231.htm,89652,0.2230848168473653,1.6731361263552402,-1.4500513095078749
ULTA,1403568,2019-04-02,0001558370-19-002739,ulta-20190202x10k.htm,38065,0.0,0.394062787337449,-0.394062787337449
UNF,717954,2019-10-30,0001564590-19-038460,unf-10k_20190831.htm,50375,0.0,0.4962779156327543,-0.4962779156327543
UNFI,1020859,2019-10-01,0001020859-19-000116,f1910-k.htm,82907,0.7840110002774193,0.3618512308972704,0.4221597693801488
UNM,5513,2019-02-19,0000005513-19-000004,unm12312018-10xk.htm,107229,3.543817437446959,1.4455044810638913,2.098312956383068
UPBD,933036,2019-03-06,0000933036-19-000009,rac2018-form10xka.htm,964,0.0,0.0,0.0
UPS,1090727,2019-02-21,0001090727-19-000006,ups-12312018x10k.htm,76985,0.0,0.3896863025264662,-0.3896863025264662
UPWK,1627475,2019-03-07,0001627475-19-000007,upwk-12312018x10k.htm,71507,0.1398464485994378,0.9789251401960648,-0.8390786915966268
URBN,912615,2019-04-01,0001564590-19-010433,urbn-10k_20190131.htm,43149,0.3476326218452339,0.0,0.3476326218452339
URI,1067701,2019-01-23,0001067701-19-000007,uri-2018123110k.htm,69392,0.0,0.144108830989163,-0.144108830989163
USAC,1522727,2019-02-19,0001558370-19-000738,usac-20181231x10k.htm,89211,0.1120938000919169,0.2241876001838338,-0.1120938000919169
USFD,1665918,2019-02-14,0001665918-19-000012,usfd12291810k.htm,52027,0.6727276221961673,0.1922078920560478,0.4805197301401195
USLM,82020,2019-03-01,0001558370-19-001435,ulsm-20181231x10k.htm,30352,0.9884027411702688,0.0,0.9884027411702688
USPH,885978,2019-03-18,0001140361-19-005059,brhc10000168x1_10k.htm,50129,0.0,0.6981986474894771,-0.6981986474894771
UTI,1261654,2019-12-06,0001261654-19-000060,a10-k2019.htm,79548,1.697088550309247,0.0,1.697088550309247
UTZ,1739566,2019-03-28,0001144204-19-016423,tv516820_10k.htm,63601,0.2358453483435795,7.468436030880017,-7.232590682536438
UUUU,1385849,2019-03-14,0001385849-19-000038,efr-20181231x10kaamendment2.htm,18288,0.8202099737532809,0.5468066491688539,0.2734033245844269
UVV,102037,2019-05-24,0000102037-19-000022,uvv-20190331x10k.htm,59226,0.0,0.5065342923715935,-0.5065342923715935
V,1403161,2019-11-14,0001403161-19-000050,v093019form10k.htm,65751,0.0,1.140667062097915,-1.140667062097915
VAC,1524358,2019-03-01,0001524358-19-000008,a2018q410-kdocument.htm,99731,0.4512137650279251,1.4539110206455366,-1.0026972556176117
VAL,314808,2019-02-28,0000314808-19-000021,esv-20181231x10k.htm,83409,0.3596734165377837,0.5395101248066755,-0.1798367082688918
VBTX,1501570,2019-02-27,0001501570-19-000084,a201810k-report.htm,78826,0.0,0.6343084768984852,-0.6343084768984852
VC,1111335,2019-02-21,0001111335-19-000003,visteon201810-k.htm,52597,1.8537178926554747,0.1901249120672281,1.6635929805882466
VCEL,887359,2019-02-26,0001628280-19-002007,vcel12-31x201810k.htm,55661,0.0,1.5271015612367724,-1.5271015612367724
VCTR,1570827,2019-03-15,0001558370-19-002082,vctr-20181231x10k.htm,69613,0.7900823122117995,0.933733641704854,-0.1436513294930544
VCYT,1384101,2019-02-25,0001384101-19-000010,vcyt-12312018x10k.htm,63117,0.0,1.1882694044393745,-1.1882694044393745
VECO,103145,2019-05-01,0001558370-19-003746,veco-20181231x10ka.htm,1056,0.0,0.0,0.0
VFC,103379,2019-05-24,0000103379-19-000006,vfc330201910-k.htm,78552,0.5728689275893676,0.1909563091964558,0.3819126183929117
VIAV,912093,2019-08-27,0000912093-19-000023,viavq4fy1910-k.htm,72765,0.0,0.481000481000481,-0.481000481000481
VICI,1705696,2019-02-14,0001705696-19-000064,vici201810-k.htm,73919,0.0,1.4204737618203709,-1.4204737618203709
VICR,751978,2019-02-28,0001193125-19-057343,d678844d10k.htm,46721,1.2842190877763746,0.2140365146293957,1.0701825731469787
VIRT,1592386,2019-03-01,0001592386-19-000003,virtufinancial12-31x1810k.htm,86566,0.0,1.443984936349144,-1.443984936349144
VKTX,1607678,2019-03-13,0001564590-19-007584,vktx-10k_20181231.htm,68743,0.8000814628398527,0.1454693568799732,0.6546121059598795
VLO,1035002,2019-02-28,0001035002-19-000008,vloform10-kx12312018.htm,59613,4.1098418130273595,0.5032459362890644,3.6065958767382953
VLY,714310,2019-02-28,0000714310-19-000096,vly-12312018x10k.htm,93369,7.0419518255523785,1.071019289057396,5.970932536494982
VMC,1396009,2019-02-26,0001396009-19-000021,vmc-20181231x10k.htm,56367,0.3548175350825838,1.0644526052477514,-0.7096350701651676
VMI,102729,2019-02-27,0000102729-19-000003,a10-k12292018.htm,52252,19.185868483503025,0.5741407027482202,18.611727780754805
VNO,899689,2019-02-11,0000899689-19-000010,vno-12312018x10k.htm,82308,0.4252320552072702,0.1214948729163629,0.3037371822909073
VOYA,1535929,2019-02-22,0001535929-19-000018,q42018voyafinancialinc.htm,172776,12.18340510256054,0.98393295365097,11.199472148909573
VRDN,1590750,2019-03-14,0001590750-19-000013,mgen-12312018x10k.htm,85492,2.456370186684134,0.6433350488934637,1.8130351377906704
VRE,924901,2019-02-20,0001104659-19-009587,a19-30121_110k.htm,87189,0.172040050923855,0.2293867345651401,-0.057346683641285
VRNS,1361113,2019-02-12,0001628280-19-001223,vrns-12312018x10k.htm,54632,0.0,0.4576072631424805,-0.4576072631424805
VRNT,1166388,2019-03-28,0001166388-19-000013,vrnt-20190131xform10xk.htm,81028,0.0,0.6787777064718369,-0.6787777064718369
VRRM,1682745,2019-04-30,0001564590-19-014327,vrrm-10ka_20181231.htm,14045,0.0,4.983980064079743,-4.983980064079743
VRSK,1442145,2019-02-19,0001442145-19-000012,vrsk10k12312018.htm,60942,2.215221029831643,0.4102261166354894,1.8049949131961536
VRSN,1014473,2019-02-15,0001014473-19-000005,vrsn-20181231x10k.htm,39838,0.3765249259500979,0.5020332346001305,-0.1255083086500326
VRT,1674101,2019-03-13,0001193125-19-072362,d666662d10k.htm,64526,0.1549762886278399,4.726776803149118,-4.571800514521279
VRTS,883237,2019-02-27,0000883237-19-000026,vrts1231201810-k.htm,49488,0.3031037827352085,2.7279340446168767,-2.4248302618816684
VSAT,797721,2019-05-29,0001564590-19-020649,vsat-10k_20190331.htm,79901,0.1877323187444462,0.5006195166518567,-0.3128871979074104
VSEC,102752,2019-03-07,0000102752-19-000013,vsec-2018x10k.htm,31271,0.4796776566147549,0.0,0.4796776566147549
VSH,103730,2019-02-15,0000103730-19-000008,vishayintertech_10k.htm,70150,1.496792587312901,0.6414825374198148,0.8553100498930863
VST,1692819,2019-07-19,0001193125-19-198162,d740310d10ka.htm,1149,0.0,8.703220191470844,-8.703220191470844
VTOL,1525221,2019-03-08,0001525221-19-000011,a201810-k.htm,58919,1.0183472224579506,0.6788981483053005,0.3394490741526502
VTR,740260,2019-02-08,0000740260-19-000037,a4q18doc10k.htm,123251,0.0811352443387883,1.2981639094206132,-1.217028665081825
VVV,1674910,2019-11-22,0001674910-19-000209,vvv-20190930.htm,65900,0.0,0.1517450682852807,-0.1517450682852807
VVX,1601548,2019-02-26,0001601548-19-000016,vec-1231201810xk.htm,49569,0.0,0.3026084851419234,-0.3026084851419234
VYX,70866,2019-02-28,0000070866-19-000007,ncr-20181231x10k.htm,80148,0.0,0.1871537655337625,-0.1871537655337625
WAB,943452,2019-02-27,0001628280-19-002095,wab1231201810k.htm,57204,0.2622194252150199,0.2622194252150199,0.0
WABC,311094,2019-02-28,0001171843-19-001381,f10k_022819p.htm,49786,0.0,0.9038685574257824,-0.9038685574257824
WAFD,936528,2019-11-20,0000936528-19-000052,wafd930201910k.htm,26096,0.0,0.5748007357449418,-0.5748007357449418
WAL,1212545,2019-03-01,0001212545-19-000066,wal1231201810-k.htm,80308,0.1867808935597948,0.3735617871195896,-0.1867808935597948
WAT,1000697,2019-03-01,0001193125-19-060858,d612944d10ka.htm,54889,0.1821858660205141,1.639672794184627,-1.457486928164113
WBD,1437107,2019-03-01,0001437107-19-000013,disca-2018123110k.htm,93080,4.458530296519124,0.1074344649763644,4.351095831542759
WBS,801337,2019-03-01,0000801337-19-000011,wbs-10k2018.htm,82102,0.0,0.5480987064870527,-0.5480987064870527
WCC,929008,2019-02-27,0000929008-19-000006,wcc-form10k2018.htm,42806,0.9344484418072232,0.5840302761295145,0.3504181656777087
WCN,1318220,2019-02-14,0001144204-19-007493,tv510568_10k.htm,100312,6.778849988037324,0.2990669112369407,6.479783076800383
WD,1497770,2019-03-01,0001558370-19-001390,wd-20181231x10k.htm,70860,0.3528083545018346,0.2116850127011008,0.1411233418007338
WDAY,1327811,2019-03-18,0001327811-19-000038,wday-01312019x10k.htm,49478,0.0,0.6063300860988723,-0.6063300860988723
WDC,106040,2019-08-27,0000106040-19-000058,wdc-2019q410xkdoc.htm,65440,0.0,2.215770171149144,-2.215770171149144
WDFC,105132,2019-10-22,0000105132-19-000050,wdfc-20190831x10k.htm,46807,0.2136432584869784,1.068216292434892,-0.8545730339479137
WEC,783325,2019-02-26,0000107815-19-000128,a2018wec10k.htm,87527,42.75823460189427,0.6855027591486056,42.07273184274567
WELL,766704,2019-02-25,0000766704-19-000014,a201810-k.htm,102487,1.609960287646238,0.439080078448974,1.170880209197264
WEN,30697,2019-02-27,0000030697-19-000004,twc10k2018.htm,67415,0.0,1.0383445820663058,-1.0383445820663058
WERN,793074,2019-03-01,0000793074-19-000014,wern-20181231x10k.htm,33263,0.0,0.0,0.0
WES,1423902,2019-02-20,0001423902-19-000026,wgp201810-k.htm,114578,0.3054687636369984,0.1745535792211419,0.1309151844158564
WEX,1309108,2019-03-20,0001309108-19-000043,a10-ka.htm,22134,0.0,1.5812776723592663,-1.5812776723592663
WFRD,1603923,2019-02-15,0001603923-19-000025,wft201810-k12x31x2018.htm,64126,0.0,0.2339144808657954,-0.2339144808657954
WGO,107687,2019-10-23,0000107687-19-000024,a201910-k.htm,40594,0.0,0.2463418239148642,-0.2463418239148642
WH,1722684,2019-02-14,0001722684-19-000008,wh-20181231x10k.htm,53048,0.0,0.7540340823405218,-0.7540340823405218
WHD,1699136,2019-03-15,0001558370-19-002063,whd-20181231x10k.htm,62367,0.4810236182596565,1.0422178395625892,-0.5611942213029327
WHR,106640,2019-02-12,0000106640-19-000016,whr-1231201810xk.htm,53043,0.0,0.7541051599645571,-0.7541051599645571
WINA,908315,2019-03-08,0000908315-19-000008,c315-20181229x10k.htm,27118,0.0,0.0,0.0
WING,1636222,2019-02-27,0001636222-19-000039,a10-k2018.htm,49871,0.0,0.4010346694471737,-0.4010346694471737
WK,1445305,2019-02-20,0001445305-19-000032,wk-20181231.htm,54337,0.0,0.828164970462116,-0.828164970462116
WKC,789460,2019-03-01,0001628280-19-002382,a2018q410-k.htm,56041,2.7658321585981693,0.2676611766385325,2.4981709819596367
WLFC,1018164,2019-03-14,0001558370-19-002025,wlfc-20181231x10k.htm,48607,0.0,1.234390108420598,-1.234390108420598
WLK,1262823,2019-02-20,0001262823-19-000012,a12311810-kwlk.htm,61634,0.243372164714281,1.2168608235714056,-0.9734886588571244
WLY,107140,2019-07-01,0000107140-19-000026,form10k.htm,56313,0.0,0.3551577788432511,-0.3551577788432511
WM,823768,2019-02-14,0001558370-19-000662,wm-20181231x10k.htm,70855,6.527415143603133,1.905299555430104,4.622115588173029
WMB,107263,2019-02-21,0000107263-19-000007,wmb_20181231x10k.htm,82469,1.091319162351914,0.4850307388230729,0.6062884235288412
WMG,1319161,2019-11-27,0001319161-19-000010,wmg-20190930x10k.htm,99951,0.150073536032656,1.0004902402177067,-0.8504167041850507
WMK,105418,2019-03-14,0000105418-19-000010,wmk-20181229x10k.htm,24636,0.0,1.6236402013313849,-1.6236402013313849
WMS,1604028,2019-05-30,0001564590-19-020937,wms-10k_20190331.htm,66905,0.0,0.8220611314550481,-0.8220611314550481
WOR,108516,2019-08-30,0001564590-19-033699,wor-10ka_20190531.htm,8570,0.0,1.166861143523921,-1.166861143523921
WPC,1025378,2019-02-25,0001025378-19-000008,wpc201810-k.htm,97465,0.769507002513723,0.4617042015082337,0.3078028010054892
WRB,11544,2019-02-22,0000011544-19-000016,wrb1231201810-k.htm,65086,0.2304643087607166,0.1536428725071444,0.0768214362535722
WRLD,108385,2019-05-24,0000108385-19-000011,wrld10-kq4fy19.htm,53156,0.0,0.282188276017759,-0.282188276017759
WSBC,203596,2019-03-01,0001193125-19-061126,d624339d10k.htm,86819,0.1727732408804524,1.3245948467501352,-1.1518216058696829
WSC,1647088,2019-03-15,0001628280-19-002990,wsc-20181231.htm,83002,0.5722753668586299,1.7469458567263438,-1.174670489867714
WSFS,828944,2019-02-28,0000828944-19-000013,wsfs-1231201810k.htm,74911,0.1334917435356623,0.6007128459104805,-0.4672211023748181
WSM,719955,2019-04-04,0001193125-19-097973,d683578d10k.htm,42199,0.0,1.066375980473471,-1.066375980473471
WSO,105016,2019-02-28,0001193125-19-057858,d669461d10k.htm,12459,0.0,0.0,0.0
WST,105770,2019-02-28,0000105770-19-000012,wst10k12312018.htm,43526,0.0,0.344621605477186,-0.344621605477186
WT,880631,2019-04-30,0001193125-19-129465,d742003d10ka.htm,1000,0.0,10.0,-10.0
WTFC,1015328,2019-02-28,0001015328-19-000055,wtfc-201810xk.htm,116382,0.3436957605127941,0.4725816707050919,-0.1288859101922977
WTM,776867,2019-02-27,0000776867-19-000008,wtm10-k2018.htm,77941,0.1924532659319228,1.8603815706752544,-1.667928304743331
WTRG,78128,2019-02-26,0000078128-19-000002,wtr-20181231x10k.htm,66020,0.0,0.4544077552256892,-0.4544077552256892
WTS,795403,2019-02-22,0001558370-19-000893,wts-20181231x10k.htm,48782,0.0,0.0,0.0
WTTR,1693256,2019-03-01,0001558370-19-001424,wttr-20181231x10k.htm,84375,0.6518518518518519,0.7703703703703704,-0.1185185185185185
WU,1365135,2019-02-21,0001558370-19-000848,wu-20181231x10k.htm,88469,0.0,0.6782036645604674,-0.6782036645604674
WULF,1083301,2019-03-01,0001437749-19-003743,ikon20181231_10k.htm,19442,0.0,1.0287007509515482,-1.0287007509515482
WVE,1631574,2019-04-29,0001193125-19-125660,d713104d10ka.htm,21866,0.0,2.28665508094759,-2.28665508094759
WWD,108312,2019-11-25,0000108312-19-000017,wwd-20190930x10k.htm,93392,11.564159671063903,0.2676888812746274,11.296470789789277
WWW,110471,2019-02-26,0000110471-19-000009,wolverineform10-k2018.htm,48990,0.3061849357011635,0.612369871402327,-0.3061849357011635
WY,106535,2019-02-15,0000106535-19-000014,wy-123118x10k.htm,63328,4.342470944921677,0.7895401718039413,3.552930773117736
WYNN,1174922,2019-02-28,0001174922-19-000021,wrl-20181231x10k.htm,75021,0.1999440156756108,1.399608109729276,-1.1996640940536651
XEL,72903,2019-02-22,0000072903-19-000010,xcel1231201810-k.htm,66863,58.029104287872215,0.4486786414010738,57.58042564647114
XENE,1582313,2019-03-06,0001564590-19-006514,xene-10k_20181231.htm,66604,0.0,0.5254939643264669,-0.5254939643264669
XHR,1616000,2019-02-26,0001616000-19-000026,xeniadecember31201810-k.htm,79486,0.1258083184460156,0.691945751453086,-0.5661374330070704
XIFR,1603145,2019-02-19,0001603145-19-000014,nep1231201810k.htm,60006,114.07192614071926,0.41662500416625,113.655301136553
XPO,1166003,2019-02-14,0001166003-19-000021,xpo201810-k.htm,60090,0.0,1.164919287735064,-1.164919287735064
XYL,1524472,2019-02-22,0001524472-19-000009,xyl1231201810k.htm,65140,0.0,0.6908197727970525,-0.6908197727970525
YELP,1345016,2019-03-01,0001628280-19-002312,yelp_10-kx12312018.htm,63491,0.236253957253784,0.3150052763383786,-0.0787513190845946
YETI,1670592,2019-03-20,0001558370-19-002297,yeti-20181229x10k.htm,47886,0.3132439543916802,1.252975817566721,-0.9397318631750406
YEXT,1614178,2019-03-15,0001614178-19-000075,form10-kfy19.htm,52561,0.0,0.8561480945948516,-0.8561480945948516
YUM,1041061,2019-02-21,0001041061-19-000010,yum10k12312018.htm,66365,0.0,1.6575001883522942,-1.6575001883522942
ZBH,1136869,2019-02-26,0001564590-19-004283,zbh-10k_20181231.htm,56678,0.7057412047002364,0.1764353011750591,0.5293059035251773
ZBRA,877212,2019-02-14,0000877212-19-000011,a10k12312018zebra.htm,43281,1.2707654629052008,0.9241930639310552,0.3465723989741457
ZD,1084048,2019-03-01,0001084048-19-000002,jcom2018123110-k.htm,72416,0.0,0.6904551480335837,-0.6904551480335837
ZS,1713683,2019-09-18,0001713683-19-000030,zs-20190731.htm,67807,0.8111256949872432,1.4747739908858968,-0.6636482958986535
ZWS,1439288,2019-05-14,0001439288-19-000021,form10-k33119.htm,64500,0.0,1.550387596899225,-1.550387596899225
