ticker,cik,filing_date,accession,doc,tokens,substantive_full15,boilerplate_full15,tls_full15
STEL,1473844,2024-02-29,0001473844-24-000010,stel-20231231.htm,77617,0.0,0.7730265276936754,-0.7730265276936754
STEP,1796022,2024-05-24,0001796022-24-000041,step-20240331.htm,98722,0.1519418164137679,9.622981706205303,-9.471039889791536
STGW,876883,2024-03-11,0000876883-24-000007,stgw-20231231.htm,83257,0.4804400831161344,0.3002750519475839,0.1801650311685504
STLD,1022671,2024-02-29,0001558370-24-002152,stld-20231231x10k.htm,50194,2.8887914890225925,0.2988404988644061,2.5899509901581865
STOK,1623526,2024-03-25,0000950170-24-035912,stok-20231231.htm,85141,1.996687847218144,0.4110827920743238,1.5856050551438203
STRA,1013934,2024-02-29,0001013934-24-000004,stra-20231231.htm,85837,0.524249449538078,0.4659995107005137,0.0582499388375642
STRL,874238,2024-02-27,0000874238-24-000032,strl-20231231.htm,44020,6.076783280327124,0.0,6.076783280327124
STT,93751,2024-02-15,0000093751-24-000498,stt-20231231.htm,138353,0.2891155233352366,4.661987813780691,-4.3728722904454544
A,1090872,2024-12-20,0001090872-24-000049,a-20241031.htm,77512,0.7095675508308391,2.3222210754463823,-1.6126535246155431
AA,1675149,2024-02-21,0000950170-24-018069,aa-20231231.htm,94183,6.795281526390113,0.5839695061741503,6.211312020215963
AAL,6201,2024-02-21,0000006201-24-000010,aal-20231231.htm,126165,5.112352871240042,0.6340902786034162,4.478262592636627
AAOI,1158114,2024-02-23,0001437749-24-005367,aaoi20231231_10k.htm,54549,0.8249463784853984,0.0,0.8249463784853984
AAON,824142,2024-02-28,0000824142-24-000030,aaon-20231231.htm,40282,6.702745643215332,3.4754977409264685,3.2272479022888634
AAP,1158449,2024-05-30,0001158449-24-000128,aap-20231230.htm,24683,0.0,0.4051371389215249,-0.4051371389215249
AAPL,320193,2024-11-01,0000320193-24-000123,aapl-20240928.htm,31879,0.0,0.0,0.0
AAT,1500217,2024-02-14,0001500217-24-000008,aat-20231231.htm,76890,0.0,0.1300559240473403,-0.1300559240473403
AB,825313,2024-02-09,0000825313-24-000020,ab-20231231.htm,96618,0.5692521062327931,5.278519530522263,-4.70926742428947
ABBV,1551152,2024-02-20,0001551152-24-000011,abbv-20231231.htm,66079,3.556349218359842,0.9836710603974032,2.572678157962439
ABCB,351569,2024-02-28,0000351569-24-000006,abcb-20231231.htm,71160,0.0,1.5458122540753232,-1.5458122540753232
ABG,1144980,2024-02-29,0001144980-24-000076,abg-20231231.htm,79072,1.897005261027924,0.5058680696074463,1.3911371914204775
ABM,771497,2024-12-19,0000771497-24-000029,abm-20241031.htm,46261,7.403644538596225,0.0,7.403644538596225
ABR,1253986,2024-02-20,0001628280-24-005456,abr-20231231.htm,82743,1.2689895217722345,4.048680855178081,-2.779691333405847
ABT,1800,2024-02-16,0001628280-24-005348,abt-20231231.htm,52569,1.1413570735604637,1.2364701630238353,-0.0951130894633719
ACA,1739445,2024-02-23,0001739445-24-000012,aca-20231231.htm,49709,25.246937174354745,2.5146351767285604,22.732301997626188
ACAD,1070494,2024-02-28,0000950170-24-021473,acad-20231231.htm,76286,2.523398788768582,0.3932569540938049,2.1301418346747765
ACEL,1698991,2024-02-28,0001698991-24-000007,acel-20231231.htm,54136,0.0,0.0,0.0
ACGL,947484,2024-02-23,0000947484-24-000020,acgl-20231231.htm,132619,0.5655298260430255,3.807900828689706,-3.2423710026466797
ACHC,1520697,2024-02-28,0000950170-24-022057,achc-20231231.htm,59778,0.1672856234735187,1.4219277995249089,-1.2546421760513902
ACI,1646972,2024-04-22,0001646972-24-000060,aci-20240224.htm,56914,0.7906666198123484,2.8991109393119445,-2.108444319499596
ACIW,935036,2024-02-29,0000935036-24-000007,aciw-20231231.htm,50460,0.2972651605231867,0.4954419342053112,-0.1981767736821244
ACLS,1113232,2024-02-28,0001558370-24-001969,acls-20231231x10ka.htm,20937,0.0,0.9552466924583274,-0.9552466924583274
ACM,868857,2024-11-19,0001410578-24-002030,acm-20240930x10k.htm,62902,1.192330927474484,1.9077294839591743,-0.7153985564846904
ACMR,1680062,2024-02-28,0001680062-24-000008,acmr-20231231.htm,85760,0.0,1.515858208955224,-1.515858208955224
AD,821130,2024-02-16,0000821130-24-000007,usm-20231231.htm,49472,0.0,1.718143596377749,-1.718143596377749
ADBE,796343,2024-01-17,0000796343-24-000006,adbe-20231201.htm,56758,0.0,1.6737728602135382,-1.6737728602135382
ADC,917251,2024-02-13,0001558370-24-001056,adc-20231231x10k.htm,145259,0.0,0.9637957028480164,-0.9637957028480164
ADI,6281,2024-11-26,0000006281-24-000204,adi-20241102.htm,58813,5.058405454576369,6.801217417917807,-1.7428119633414385
ADMA,1368514,2024-02-28,0001140361-24-010147,ef20015264_10k.htm,78528,0.5730440097799511,3.6929502852485734,-3.1199062754686224
ADNT,1670541,2024-11-18,0001670541-24-000109,adnt-20240930.htm,64047,2.732368416943807,3.122706762221494,-0.3903383452776867
ADP,8670,2024-08-07,0000008670-24-000024,adp-20240630.htm,50803,0.2952581540460209,3.838356002598271,-3.54309784855225
ADSK,769397,2024-06-10,0000769397-24-000090,adsk-20240131.htm,91108,1.7012776046011326,3.2927953637441276,-1.591517759142995
ADT,1703056,2024-02-28,0001703056-24-000020,adt-20231231.htm,94409,38.71452933512695,3.8661568282684913,34.84837250685845
ADUS,1468328,2024-02-27,0000950170-24-021284,adus-20231231.htm,60163,0.1662151156026129,0.4986453468078387,-0.3324302312052258
AEE,1002910,2024-02-29,0001002910-24-000056,aee-20231231.htm,125774,42.15895177063622,1.6696614562628207,40.489290314373406
AEIS,927003,2024-02-20,0000927003-24-000003,aeis-20231231x10k.htm,47780,3.6626203432398494,2.4068647969861865,1.2557555462536625
AEO,919012,2024-03-15,0000950170-24-032294,aeo-20240203.htm,48279,0.4142587874645291,2.4855527247871745,-2.0712939373226456
AEP,4904,2024-02-26,0000004904-24-000020,aep-20231231.htm,191993,18.581406613782793,1.5885995843598464,16.99280702942295
AES,874761,2024-02-26,0000874761-24-000011,aes-20231231.htm,135931,86.03629782757429,0.5149671524523471,85.52133067512194
AFG,1042046,2024-02-23,0001042046-24-000009,afg-20231231.htm,76767,1.1723787564969324,1.107246603358214,0.0651321531387184
AFL,4977,2024-02-22,0000004977-24-000053,afl-20231231.htm,116575,5.532918721852885,0.7720351704911002,4.760883551361784
AGCO,880266,2024-02-27,0000880266-24-000013,agco-20231231.htm,69932,0.643482239890179,1.2154664531258936,-0.5719842132357147
AGIO,1439222,2024-02-15,0001439222-24-000035,agio-20231231.htm,85726,7.348995637262907,0.6999043464059911,6.649091290856916
AGM,845877,2024-02-23,0000845877-24-000028,agm-20231231.htm,92869,11.037052191797049,1.2383034166406444,9.798748775156405
AGNC,1423689,2024-02-22,0001423689-24-000005,agnc-20231231.htm,55975,0.0,1.6971862438588654,-1.6971862438588654
AGO,1273813,2024-02-28,0001273813-24-000007,ago-20231231.htm,150053,4.715000699752754,2.8656541355387763,1.849346564213978
AGX,100591,2024-04-11,0001558370-24-004979,agx-20240131x10k.htm,57549,55.04005282454952,4.9523015169681495,50.08775130758137
AGYS,78749,2024-05-22,0000950170-24-063222,agys-20240331.htm,40608,0.2462568951930654,0.4925137903861308,-0.2462568951930654
AHCO,1725255,2024-02-27,0001628280-24-007254,ahco-20231231.htm,77676,0.3218497347958185,1.8023585148565835,-1.4805087800607653
AHR,1632970,2024-03-22,0001632970-24-000039,ahr-20231231.htm,125141,0.0,2.3573409194428683,-2.3573409194428683
AILIH,18654,2024-02-29,0001002910-24-000056,aee-20231231.htm,125774,42.15895177063622,1.6696614562628207,40.489290314373406
AIN,819793,2024-02-26,0000819793-24-000012,ain-20231231.htm,63467,0.4726865930325996,2.4422140640017647,-1.9695274709691653
AIR,1750,2024-07-19,0001104659-24-080890,air-20240531x10k.htm,56973,0.1755217383672968,1.0531304302037807,-0.8776086918364839
AIT,109563,2024-09-10,0000109563-24-000092,ait-20240630.htm,22449,0.0,0.4454541404962359,-0.4454541404962359
AIV,922864,2024-02-26,0000950170-24-020232,aiv-20231231.htm,77281,0.0,3.946636301290097,-3.946636301290097
AIZ,1267238,2024-02-15,0001267238-24-000008,aiz-20231231.htm,98683,2.2293606801576766,1.976024239230668,0.2533364409270087
AJG,354190,2024-02-09,0000950170-24-013370,ajg-20231231.htm,89433,2.8512965012914693,3.6340053447832457,-0.7827088434917759
AKAM,1086222,2024-02-28,0001086222-24-000040,akam-20231231.htm,57522,0.9126942734953584,0.5215395848544905,0.3911546886408679
AKR,899629,2024-02-16,0000950170-24-016567,akr-20231231.htm,78874,1.458021654791186,8.87491442046809,-7.416892765676903
AL,1487712,2024-02-15,0001628280-24-005037,al-20231231.htm,62708,0.3189385724309498,1.3554889328315367,-1.0365503604005868
ALB,915913,2024-03-28,0000915913-24-000094,alb-20231231.htm,1497,0.0,0.0,0.0
ALE,66756,2024-02-20,0000066756-24-000007,ale-20231231.htm,72903,106.3056389997668,0.480089982579592,105.8255490171872
ALEX,1545654,2024-02-29,0001545654-24-000008,alex-20231231.htm,63525,2.5974025974025974,2.8335301062573786,-0.2361275088547815
ALG,897077,2024-02-22,0000897077-24-000009,alg-20231231.htm,40647,0.3690309247914975,1.1070927743744925,-0.738061849582995
ALGN,1097149,2024-02-28,0001097149-24-000011,algn-20231231.htm,59026,0.2541253007149392,3.981296377867381,-3.7271710771524416
ALGT,1362468,2024-03-08,0001362468-24-000009,algt-20231231.htm,6493,0.0,0.0,0.0
ALK,766421,2024-02-14,0000766421-24-000012,alk-20231231.htm,51388,11.189382735268936,2.5297734879738463,8.659609247295089
ALKS,1520262,2024-02-21,0000950170-24-017883,alks-20231231.htm,82369,1.456858769682769,1.153346525998859,0.3035122436839102
ALL,899051,2024-02-21,0000899051-24-000013,all-20231231.htm,123719,6.809786694040527,2.263193203954122,4.546593490086406
ALLE,1579241,2024-02-20,0001579241-24-000006,alle-20231231.htm,51269,0.0,3.998517622734986,-3.998517622734986
ALNY,1178670,2024-02-15,0001178670-24-000008,alny-20231231.htm,104676,3.0809354579846384,0.6687301769268983,2.4122052810577403
ALRM,1459200,2024-02-22,0001459200-24-000008,alrm-20231231.htm,93474,3.4234118578428228,0.1069816205575882,3.3164302372852346
ALX,3499,2024-02-12,0000003499-24-000007,alx-20231231.htm,33703,2.9670949173664063,4.450642376049609,-1.4835474586832031
AM,1623925,2024-02-14,0001558370-24-001161,am-20231231x10k.htm,72064,7.70148756660746,7.70148756660746,0.0
AMAT,6951,2024-12-13,0000006951-24-000044,amat-20241027.htm,45983,1.7397733945153644,1.7397733945153644,0.0
AMBA,1280263,2024-03-29,0000950170-24-038555,amba-20240131.htm,65984,1.2881910766246365,0.6819835111542192,0.6062075654704171
AMC,1411579,2024-02-28,0001411579-24-000021,amc-20231231x10k.htm,97443,0.0,0.1026240981907371,-0.1026240981907371
AMD,2488,2024-01-31,0000002488-24-000012,amd-20231230.htm,62023,1.9347661351434144,0.8867678119407316,1.0479983232026828
AME,1037868,2024-02-22,0001037868-24-000009,ame-20231231.htm,41509,2.1682044857741696,3.6136741429569494,-1.4454696571827796
AMG,1004434,2024-02-16,0001004434-24-000010,amg-20231231.htm,50108,1.3470902849844335,2.1952582421968545,-0.8481679572124211
AMGN,318154,2024-02-14,0000318154-24-000011,amgn-20231231.htm,96126,2.8608284959324224,3.79709964005576,-0.9362711441233382
AMH,1562401,2024-02-23,0001562401-24-000021,amh-20231231.htm,67116,0.372489421300435,1.191966148161392,-0.8194767268609571
AMKR,1047127,2024-02-16,0001047127-24-000019,amkr-20231231.htm,52117,2.494387627837366,1.9187597137210508,0.5756279141163152
AMPH,1297184,2024-02-29,0001297184-24-000009,amph-20231231x10k.htm,103538,0.7726631768046515,0.338040139852035,0.4346230369526164
AMR,1704715,2024-02-26,0001704715-24-000028,amr-20231231.htm,84983,5.883529647105892,3.941964863560947,1.9415647835449443
AMRC,1488139,2024-03-11,0001488139-24-000017,amrc-20231231.htm,2396,0.0,0.0,0.0
AMRX,1723128,2024-03-14,0001723128-24-000014,amrx-20231231.htm,96640,1.6297599337748343,3.725165562913907,-2.095405629139073
AMSC,880807,2024-05-29,0001437749-24-018602,amsc20240331_10k.htm,48878,85.46789966856254,4.910184541102336,80.5577151274602
AMT,1053507,2024-02-27,0001053507-24-000011,amt-20231231.htm,88634,2.989823318365413,0.4512940857910057,2.5385292325744073
AMWD,794619,2024-06-26,0000794619-24-000057,amwd-20240430.htm,34034,0.0,2.2036786742669094,-2.2036786742669094
AN,350698,2024-02-16,0000350698-24-000021,an-20231231.htm,58963,2.3743703678578094,2.713566134694639,-0.3391957668368299
ANDE,821026,2024-02-21,0000821026-24-000071,ande-20231231.htm,42934,2.7949876554711883,1.281036008757628,1.5139516467135603
ANF,1018840,2024-04-01,0001018840-24-000019,anf-20240203.htm,54694,0.4570885289062786,4.936556112187809,-4.47946758328153
ANIP,1023024,2024-02-29,0001023024-24-000026,anip-20231231.htm,74458,2.518198178839077,2.417470251685514,0.100727927153563
AON,315293,2024-04-17,0001193125-24-099218,d718867d10ka.htm,36761,0.0,0.5440548407279454,-0.5440548407279454
AORT,784199,2024-02-23,0000784199-24-000033,aort-20231231.htm,66793,1.0105849415357897,2.6948931774287725,-1.6843082358929828
AOS,91142,2024-02-13,0000091142-24-000041,aos-20231231.htm,36463,3.5652579326989,3.016756712283685,0.5485012204152154
APAM,1517302,2024-02-22,0001517302-24-000015,apam-20231231.htm,68430,0.0,2.922694724536022,-2.922694724536022
APD,2969,2024-11-21,0000002969-24-000056,apd-20240930.htm,69851,9.520264563141543,3.7222087013786487,5.798055861762895
APH,820313,2024-02-07,0001558370-24-000866,aph-20231231x10k.htm,74492,2.215002953337271,6.108038447081565,-3.8930354937442946
APLE,1418121,2024-02-22,0000950170-24-018793,aple-20231231.htm,62587,0.1597775895952833,3.594995765893876,-3.4352181762985925
APOG,6845,2024-05-06,0000006845-24-000135,apog-20240302.htm,1248,0.0,0.0,0.0
APPF,1433195,2024-02-01,0001433195-24-000023,appf-20231231.htm,38435,0.390269285807207,1.6911669051645637,-1.3008976193573565
APPN,1441683,2024-02-15,0001441683-24-000016,appn-20231231.htm,55844,0.0,0.5372108015185159,-0.5372108015185159
APTV,1521332,2024-03-28,0001521332-24-000026,aptv-20231231.htm,3121,0.0,0.0,0.0
AR,1433270,2024-02-14,0001558370-24-001162,ar-20231231x10k.htm,98342,10.066909357141403,5.5418844440828945,4.52502491305851
ARCB,894405,2024-02-23,0001558370-24-001622,arcb-20231231x10k.htm,85926,0.9310336801433792,1.8620673602867583,-0.9310336801433792
ARDX,1437402,2024-02-22,0001628280-24-006393,ardx-20231231.htm,82165,2.920951743443072,0.182559483965192,2.73839225947788
ARES,1176948,2024-02-27,0001628280-24-007014,ares-20231231.htm,151666,1.8791291390291829,8.736302137591814,-6.857172998562631
ARI,1467760,2024-02-06,0001467760-24-000010,ari-20231231.htm,71455,0.0,3.9185501364495137,-3.9185501364495137
ARLO,1736946,2024-02-29,0001736946-24-000012,arlo-20231231.htm,60614,2.722143399214703,4.124459695779853,-1.40231629656515
ARLP,1086600,2024-02-23,0001558370-24-001616,arlp-20231231x10k.htm,127123,5.447479999685345,1.9272672923074503,3.520212707377894
ARMK,1584509,2024-11-19,0001584509-24-000212,cik0-20240927.htm,73970,0.405569825604975,6.083547384074625,-5.67797755846965
AROC,1389050,2024-02-26,0001389050-24-000015,aroc-20231231x10ka.htm,1103,0.0,0.0,0.0
ARR,1428205,2024-03-15,0001428205-24-000061,arr-20231231.htm,61467,0.1626889225112662,2.6843672214358927,-2.521678298924626
ARW,7536,2024-02-13,0001558370-24-001018,arw-20231231x10k.htm,49582,0.8067443830422331,1.613488766084466,-0.8067443830422331
ARWR,879407,2024-11-26,0001628280-24-049277,arwr-20240930.htm,76274,1.442169022209403,0.7210845111047015,0.7210845111047015
ASGN,890564,2024-02-23,0000890564-24-000006,asgn-20231231.htm,30578,0.0,3.4338413238275884,-3.4338413238275884
ASH,1674862,2024-11-18,0000950170-24-128009,ash-20240930.htm,74147,2.461326823742026,3.4391141920778994,-0.9777873683358732
ASTE,792987,2024-02-28,0000792987-24-000015,aste-20231231.htm,52324,0.860025991896644,3.1534286369543616,-2.2934026450577174
ASTH,1083446,2024-02-29,0001628280-24-008024,asth-20231231.htm,86406,0.1735990556211374,2.6039858343170614,-2.430386778695924
ATEC,1350653,2024-02-27,0000950170-24-021302,atec-20231231.htm,54676,0.1828956031896993,0.0,0.1828956031896993
ATEN,1580808,2024-03-07,0001580808-24-000056,aten-20231231.htm,2401,0.0,0.0,0.0
ATGE,730464,2024-08-06,0001558370-24-011099,atge-20240630x10k.htm,71936,2.5717304270462633,0.4865435943060498,2.0851868327402134
ATI,1018963,2024-02-23,0001628280-24-006606,ati-20231231.htm,72846,0.5491035883919502,0.6177415369409439,-0.0686379485489937
ATKR,1666138,2024-11-21,0001666138-24-000164,atkr-20240930.htm,54932,11.01361683536008,0.3640865069540522,10.649530328406028
ATLC,1464343,2024-03-04,0001437749-24-006440,atlc20231231c_10k.htm,64470,0.0,15.821312238250348,-15.821312238250348
ATO,731802,2024-11-18,0000731802-24-000030,ato-20240930.htm,50465,0.5944714158327554,1.0898642623600516,-0.4953928465272961
ATR,896622,2024-02-09,0000896622-24-000010,atr-20231231.htm,57397,0.7840131017300556,1.6551387703190064,-0.8711256685889507
ATRC,1323885,2024-02-16,0001323885-24-000016,atrc-20231231.htm,50722,0.0,0.5914593273135917,-0.5914593273135917
ATRO,8063,2024-03-05,0000008063-24-000014,atro-20231231.htm,48281,0.9320436610675008,1.2427248814233345,-0.3106812203558335
ATUS,1702780,2024-08-01,0001628280-24-034231,atus-20231231.htm,27667,0.0,0.0,0.0
AVA,104918,2024-02-21,0000950170-24-017421,ava-20231231.htm,77770,19.223350906519222,1.8644721615018645,17.358878745017357
AVAV,1368622,2024-06-27,0001558370-24-009515,avav-20240430x10k.htm,88263,5.494941255112561,1.8694130043166448,3.625528250795917
AVB,915912,2024-02-23,0000915912-24-000004,avb-20231231.htm,69488,0.1439097398111904,1.5110522680174996,-1.367142528206309
AVDL,1012477,2024-04-26,0001104659-24-052940,tm2412013d1_10ka.htm,16911,1.182662172550411,1.7739932588256164,-0.5913310862752055
AVGO,1730168,2024-12-20,0001730168-24-000139,avgo-20241103.htm,59612,1.7613903240958195,2.264644702408911,-0.5032543783130914
AVNT,1122976,2024-02-20,0001122976-24-000019,avnt-20231231.htm,37985,1.5795708832433857,1.0530472554955903,0.5265236277477952
AVT,8858,2024-08-14,0000008858-24-000030,avt-20240629x10k.htm,37758,0.9269558769002596,0.6621113406430424,0.264844536257217
AVY,8818,2024-02-21,0000008818-24-000003,avy-20231230.htm,52203,0.6225695841235178,1.1493592322280328,-0.5267896481045151
AWI,7431,2024-02-20,0000950170-24-016792,awi-20231231.htm,49073,1.0188902247671836,5.400118191266073,-4.381227966498889
AWK,1410636,2024-02-14,0001410636-24-000050,awk-20231231.htm,102453,2.1717275238402,3.220989136482094,-1.0492616126418943
AWR,1056903,2024-02-21,0001628280-24-005922,awr-20231231.htm,79031,9.521580139438957,1.3285925775961331,8.192987561842822
AX,1299709,2024-08-22,0001299709-24-000113,ax-20240630.htm,73208,0.8195825592831385,0.6146869194623539,0.2048956398207846
AXON,1069183,2024-02-27,0001069183-24-000006,axon-20231231x10k.htm,68378,1.279651349849367,2.9980403053613736,-1.7183889555120069
AXP,4962,2024-02-09,0000004962-24-000013,axp-20231231.htm,96092,0.1561004037797111,4.943179453024185,-4.787079049244474
AXS,1214816,2024-02-27,0001214816-24-000024,axs-20231231.htm,128434,1.0900540355357615,2.9197875951850754,-1.8297335596493136
AXSM,1579428,2024-02-23,0000950170-24-019118,axsm-20231231.htm,98773,1.3161491500713758,1.3161491500713758,0.0
AXTA,1616862,2024-02-15,0001616862-24-000015,axta-20231231.htm,68728,2.037015481317658,3.5647770923059015,-1.5277616109882437
AYI,1144215,2024-10-28,0001144215-24-000085,ayi-20240831.htm,49094,0.8147635148898033,4.277508453171467,-3.4627449382816637
AZO,866787,2024-10-28,0001558370-24-013758,azo-20240831x10k.htm,48084,1.351801014890608,4.055403044671824,-2.703602029781216
AZTA,933974,2024-11-27,0001437749-24-036289,azta20240930_10k.htm,58799,0.5102127587203864,2.2959574142417387,-1.7857446555213523
AZZ,8947,2024-04-22,0000008947-24-000044,azz-20240229.htm,51543,0.0,1.3580893622800378,-1.3580893622800378
BA,12927,2024-01-31,0000012927-24-000010,ba-20231231.htm,61880,0.0,1.535229476405947,-1.535229476405947
BAH,1443646,2024-05-24,0001443646-24-000075,bah-20240331.htm,83465,0.5391481459294315,4.073563769244593,-3.5344156233151622
BALL,9389,2024-02-20,0001558370-24-001349,ball-20231231x10k.htm,61505,0.8942362409560198,6.340947890415413,-5.4467116494593935
BANC,1169770,2024-02-29,0001628280-24-007933,banc-20231231.htm,118616,0.6322924394685372,0.8430565859580496,-0.2107641464895124
BANF,760498,2024-02-27,0000950170-24-020908,banf-20231231.htm,65041,0.0,0.9224950415891514,-0.9224950415891514
BANR,946673,2024-02-23,0000946673-24-000008,banr-20231231.htm,91268,0.109567427795065,1.533943989130911,-1.424376561335846
BAX,10456,2024-02-08,0001628280-24-003932,bax-20231231.htm,88130,0.2836718484057642,1.758765460115738,-1.475093611709974
BBSI,902791,2024-03-01,0000950170-24-024024,bbsi-20231231.htm,32647,0.6126137164211106,0.918920574631666,-0.3063068582105553
BBWI,701985,2024-03-22,0000701985-24-000010,bbwi-20240203.htm,46865,0.2133788541555532,1.9204096873999787,-1.7070308332444255
BBY,764478,2024-03-15,0000764478-24-000010,bby-20240203x10k.htm,45629,0.3287383023954064,2.9586447215586578,-2.6299064191632513
BC,14930,2024-02-16,0000014930-24-000054,bcorp-20231231.htm,56922,4.743332981975335,1.3175924949931486,3.4257404869821864
BCC,1328581,2024-02-20,0001328581-24-000018,bcc-20231231.htm,51452,1.166135427194278,1.846381093057607,-0.6802456658633289
BCPC,9326,2024-02-16,0001628280-24-005397,bcpc-20231231.htm,41872,1.0747038593809706,4.53763851738632,-3.4629346580053495
BCRX,882796,2024-02-27,0001628280-24-007205,bcrx-20231231.htm,81562,2.0230009072852555,0.1839091733895686,1.8390917338956867
BDC,913142,2024-02-13,0000913142-24-000007,bdc-20231231.htm,48709,1.5397565131700506,6.87757909215956,-5.337822578989509
BDX,10795,2024-11-27,0000010795-24-000084,bdx-20240930.htm,65820,0.4557885141294439,1.2914007900334246,-0.8356122759039806
BE,1664703,2024-02-15,0001628280-24-005035,be-20231231.htm,93565,55.790092449099554,3.740715010954951,52.0493774381446
BELFA,729580,2024-03-11,0001437749-24-007265,belfb20231231_10k.htm,48638,0.4112011184670422,12.747234672478308,-12.336033554011266
BFAM,1437578,2024-02-27,0001437578-24-000007,bfam-20231231.htm,61262,0.0,0.4896999771473344,-0.4896999771473344
BFC,1746109,2024-02-29,0001558370-24-002199,bfc-20231231x10k.htm,79362,0.3780146669690784,2.331090446309317,-1.9530757793402385
BFH,1101215,2024-02-20,0001101215-24-000041,bfh-20231231.htm,85008,0.6469979296066253,5.1171654432524,-4.470167513645775
BFS,907254,2024-02-29,0000907254-24-000020,bfs-20231231.htm,50570,0.0,0.4943642475776152,-0.4943642475776152
BGC,1094831,2024-04-26,0001193125-24-118052,d826847d10ka.htm,81473,0.1227400488505394,6.259742491377512,-6.137002442526972
BHC,885590,2024-02-22,0000885590-24-000011,bhc-20231231.htm,152763,1.1128349142135203,1.4401393007469088,-0.3273043865333883
BHE,863436,2024-02-27,0000950170-24-020565,bhe-20231231.htm,47595,2.206114087614245,12.816472318520852,-10.61035823090661
BHF,1685040,2024-02-22,0001685040-24-000007,bhf-20231231.htm,125990,5.278196682276372,1.6667989522978015,3.61139772997857
BIIB,875045,2024-02-14,0000875045-24-000009,biib-20231231.htm,109274,3.980818859014953,2.3793400076870985,1.6014788513278548
BIO,12208,2024-02-16,0000012208-24-000013,bio-20231231.htm,45123,1.9391441171907895,1.4405070584845865,0.498637058706203
BJ,1531152,2024-03-18,0001531152-24-000026,bj-20240203.htm,49707,1.1064839962178366,0.3017683626048645,0.804715633612972
BKD,1332349,2024-02-21,0001332349-24-000041,bkd-20231231.htm,66151,0.0,1.360523650436123,-1.360523650436123
BKE,885245,2024-04-03,0000885245-24-000051,bke-20240203.htm,25697,0.0,0.3891504844923532,-0.3891504844923532
BKH,1130464,2024-02-14,0000950170-24-015090,bkh-20231231.htm,61891,43.827050782827875,0.8078719038309286,43.01917887899695
BKNG,1075531,2024-02-22,0001075531-24-000014,bkng-20231231.htm,68593,1.093406032685551,4.227836659717464,-3.1344306270319127
BKR,1701605,2024-02-05,0001701605-24-000033,bkr-20231231.htm,58833,9.475974368126732,7.64876854826373,1.827205819863002
BKU,1504008,2024-02-20,0001504008-24-000006,bku-20231231.htm,74419,0.0,2.7546728658004005,-2.7546728658004005
BL,1666134,2024-02-23,0001666134-24-000003,bl-20231231.htm,65879,0.227690159231318,2.8840753502633616,-2.6563851910320433
BLBD,1589526,2024-11-25,0001589526-24-000119,blbd-20240928.htm,60830,7.603156337333552,0.9863554167351636,6.616800920598389
BLD,1633931,2024-02-28,0001558370-24-001999,bld-20231231x10k.htm,41930,0.4769854519437157,2.3849272597185784,-1.9079418077748629
BLDR,1316835,2024-02-22,0000950170-24-018584,bldr-20231231.htm,44859,0.0,2.2292070710448293,-2.2292070710448293
BLKB,1280058,2024-02-21,0001280058-24-000013,blkb-20231231.htm,66161,1.133598343434954,4.60996659663548,-3.476368253200526
BMI,9092,2024-02-16,0000950170-24-016245,bmi-20231231.htm,28762,1.2168833878033516,3.476809679438148,-2.259926291634796
BMRN,1048477,2024-02-26,0001048477-24-000016,bmrn-20231231.htm,80125,2.995319812792512,0.0,2.995319812792512
BMY,14272,2024-02-13,0000014272-24-000044,bmy-20231231.htm,85845,3.2034480750189296,1.2813792300075717,1.9220688450113577
BNL,1424182,2024-02-22,0000950170-24-018725,bnl-20231231.htm,67422,0.444958618848447,0.296639079232298,0.148319539616149
BOH,46195,2024-02-29,0000950170-24-023196,boh-20231231.htm,74058,0.7426611574711712,1.4853223149423425,-0.7426611574711712
BOKF,875357,2024-02-21,0000875357-24-000008,bokf-20231231.htm,82155,0.0,2.069259326882113,-2.069259326882113
BOOT,1610250,2024-05-15,0001558370-24-008176,boot-20240330x10k.htm,51333,0.2922096896733095,0.8766290690199287,-0.5844193793466191
BOX,1372612,2024-03-11,0000950170-24-029241,box-20240131.htm,61639,0.7300572689368743,0.4055873716315968,0.3244698973052775
BPOP,763901,2024-02-29,0001193125-24-053017,d52551d10k.htm,145848,0.0,1.8169601228676429,-1.8169601228676429
BRBR,1772016,2024-11-19,0001772016-24-000108,brbr-20240930.htm,49802,0.0,1.5059636159190397,-1.5059636159190397
BRC,746598,2024-09-06,0000746598-24-000065,brc-20240731.htm,54273,0.3685073609345347,2.1189173253735745,-1.7504099644390396
BRKR,1109354,2024-02-29,0000950170-24-023038,brkr-20231231.htm,73196,2.185911798458932,0.5464779496147331,1.6394338488441993
BRO,79282,2024-02-22,0000950170-24-018890,bro-20231231.htm,58500,1.3675213675213675,4.3589743589743595,-2.9914529914529915
BRX,1581068,2024-02-12,0001581068-24-000007,brx-20231231.htm,54886,1.0931749444302736,2.4596436249681157,-1.366468680537842
BTU,1064728,2024-02-23,0001064728-24-000021,btu-20231231.htm,96769,7.5437381806156925,0.620033275119098,6.923704905496595
BURL,1579298,2024-03-15,0000950170-24-032207,burl-20240203.htm,53312,0.1875750300120048,3.094987995198079,-2.907412965186074
BV,1734713,2024-11-13,0000950170-24-126338,bv-20240930.htm,60230,1.245226631246887,2.490453262493774,-1.245226631246887
BWA,908255,2024-02-08,0000908255-24-000007,bwa-20231231.htm,67246,15.01948071260744,0.3717693245694911,14.647711388037951
BWXT,1486957,2024-02-27,0001486957-24-000011,bwxt-20231231.htm,58994,1.0170525816184697,1.4408244906261654,-0.4237719090076957
BX,1393818,2024-02-23,0001193125-24-044485,d734131d10k.htm,158663,0.28361999962184,5.0736466599018035,-4.790026660279964
BXMT,1061630,2024-02-14,0001061630-24-000029,bxmt-20231231.htm,102545,0.7313862206836023,8.43532107855088,-7.703934857867277
BXP,1037540,2024-02-27,0001656423-24-000007,bxp-20231231.htm,127615,2.3508208282725382,1.6455745797907768,0.7052462484817615
BY,1702750,2024-03-04,0000950170-24-024969,by-20231231.htm,89192,0.1681765180733698,1.3454121445869585,-1.1772356265135886
BYD,906553,2024-02-26,0001437749-24-005525,bgc20231231_10k.htm,68559,0.2917195408334427,3.500634490001312,-3.2089149491678697
CABO,1632127,2024-10-02,0001632127-24-000123,cabo-20231231.htm,74716,0.1338401413351892,0.6692007066759463,-0.535360565340757
CACC,885550,2024-02-12,0000885550-24-000030,cacc-20231231.htm,63392,0.0,1.0253659767794043,-1.0253659767794043
CACI,16058,2024-08-08,0000016058-24-000132,caci-20240630.htm,39900,0.9398496240601504,0.2506265664160401,0.6892230576441103
CAG,23217,2024-07-11,0001558370-24-009764,tmb-20240526x10k.htm,60871,0.1642818419280117,0.3285636838560234,-0.1642818419280117
CAH,721371,2024-08-14,0000721371-24-000056,cah-20240630.htm,63798,0.3134894510799711,0.4702341766199567,-0.1567447255399855
CAKE,887596,2024-02-26,0001104659-24-027565,cake-20240102x10k.htm,62523,0.7997057082993458,8.316939366313196,-7.517233658013851
CALM,16160,2024-07-23,0001562762-24-000177,calm2024060110K.htm,39784,0.2513573295797305,0.6283933239493265,-0.3770359943695958
CALX,1406666,2024-02-23,0001406666-24-000012,calx-20231231.htm,43489,1.5521166271930833,1.264687622157327,0.2874290050357562
CAR,723612,2024-02-16,0000723612-24-000007,car-20231231.htm,60128,3.534127195316658,4.2409526343799895,-0.7068254390633316
CASH,907471,2024-11-26,0000907471-24-000159,cash-20240930.htm,82109,1.522366610237611,5.054257145988869,-3.5318905357512573
CASY,726958,2024-06-24,0000726958-24-000046,casy-20240430.htm,32937,5.237271154021314,1.669854570847375,3.567416583173938
CAT,18230,2024-02-16,0000018230-24-000009,cat-20231231.htm,72456,2.346251518162747,2.139229325383681,0.2070221927790659
CATY,861842,2024-02-29,0001437749-24-005948,caty20231231_10k.htm,84610,0.4136626876255762,5.2003309301501,-4.786668242524524
CBL,910612,2024-09-26,0000950170-24-109566,cbl-20231231.htm,4992,0.0,2.003205128205128,-2.003205128205128
CBOE,1374310,2024-02-16,0001558370-24-001277,cboe-20231231x10k.htm,114800,0.9146341463414634,3.1358885017421603,-2.221254355400697
CBRE,1138118,2024-02-20,0001138118-24-000006,cbre-20231231.htm,69471,0.4318348663471089,4.894128485267234,-4.462293618920125
CBRL,1067294,2024-09-27,0001558370-24-013061,tmb-20240802x10k.htm,47823,0.8364176233193233,3.0320138845325473,-2.1955962612132236
CBT,16040,2024-11-20,0000950170-24-129210,cbt-20240930.htm,55213,7.33522902215058,1.4489341278322134,5.886294894318367
CBU,723188,2024-02-29,0001410578-24-000095,cbu-20231231x10k.htm,102259,0.0,1.320177197117124,-1.320177197117124
CBZ,944148,2024-02-23,0001628280-24-006641,cbz-20231231.htm,46186,0.3247737409604642,1.623868704802321,-1.2990949638418567
CC,1627223,2024-03-27,0000950170-24-037171,cc-20231231.htm,113206,0.8833454057205449,1.3250181085808173,-0.4416727028602724
CCB,1437958,2024-03-15,0001437958-24-000052,ck1437958-20231231.htm,102694,0.5355716984439208,0.9250783882213176,-0.3895066897773969
CCI,1051470,2024-02-23,0001051470-24-000062,cci-20231231.htm,62865,0.7953551260637874,2.8632784538296345,-2.0679233277658473
CCK,1219601,2024-02-27,0001219601-24-000009,cck-20231231.htm,59774,1.338374544116171,3.2622879512831666,-1.9239134071669957
CCL,815097,2024-01-26,0000815097-24-000011,ccl-20231130.htm,59107,5.2024294922767185,6.344426210093559,-1.1419967178168406
CCOI,1158324,2024-02-29,0001410578-24-000091,ccoi-20231231x10k.htm,61568,1.827247920997921,2.6799636174636174,-0.8527156964656964
CCS,1576940,2024-02-05,0001576940-24-000005,ccs-20231231x10k.htm,71556,25.504499972049864,4.4720219129073735,21.03247805914249
CDE,215466,2024-02-21,0000215466-24-000008,cde-20231231.htm,64992,0.8462580009847366,2.461841457410143,-1.615583456425406
CDNS,813672,2024-02-14,0000813672-24-000034,cdns-20231231.htm,60006,1.1665500116655,3.4163250341632505,-2.24977502249775
CDP,860546,2024-02-22,0000860546-24-000013,ofc-20231231.htm,60580,0.0,1.2380323539121822,-1.2380323539121822
CDW,1402057,2024-02-26,0001402057-24-000015,cdw-20231231.htm,46261,0.0,0.2161648040466051,-0.2161648040466051
CE,1306830,2024-02-23,0001306830-24-000029,ce-20231231.htm,67700,5.649926144756278,1.6248153618906942,4.025110782865584
CECO,3197,2024-03-05,0000950170-24-025511,ceco-20231231.htm,49978,4.301892832846453,2.2009684261074876,2.100924406738965
CELH,1341766,2024-02-29,0001341766-24-000015,celh-20231231.htm,47498,0.0,0.6316055412859489,-0.6316055412859489
CENT,887733,2024-11-27,0000887733-24-000029,cent-20240928.htm,54880,0.0,0.8199708454810495,-0.8199708454810495
CENX,949157,2024-03-15,0000949157-24-000028,cenx-20231231.htm,60889,19.092118445039333,0.6569331077862997,18.435185337253035
CF,1324404,2024-02-22,0001324404-24-000008,cf-20231231.htm,83576,13.131760313965732,1.2563415334545804,11.875418780511152
CFG,759944,2024-02-16,0000759944-24-000039,cfg-20231231.htm,92182,1.3017725803302165,2.495064112299582,-1.1932915319693649
CFR,39263,2024-02-06,0000039263-24-000013,cfr-20231231.htm,89141,0.9815909626322344,1.2340000673090945,-0.2524091046768602
CG,1527166,2024-02-22,0001527166-24-000019,cg-20231231.htm,172195,3.2230901013385984,11.004965300966926,-7.781875199628328
CGNX,851205,2024-02-15,0000851205-24-000027,cgnx-20231231.htm,46705,4.282196766941441,0.0,4.282196766941441
CHCO,726854,2024-02-28,0000726854-24-000040,chco-20231231.htm,58456,0.0,0.5987409333515806,-0.5987409333515806
CHDN,20212,2024-02-21,0000020212-24-000055,chdn-20231231.htm,59130,0.0,1.4375105699306612,-1.4375105699306612
CHE,19584,2024-02-29,0001562762-24-000045,che-20231231x10k.htm,46902,0.0,1.3858684064645432,-1.3858684064645432
CHEF,1517175,2024-02-27,0001517175-24-000005,chef-20231229.htm,49110,0.2036245163917735,1.7308083893300752,-1.5271838729383018
CHH,1046311,2024-02-20,0001046311-24-000010,chh-20231231.htm,77226,0.3884702043353275,0.776940408670655,-0.3884702043353275
CHRD,1486159,2024-02-26,0001486159-24-000007,chrd-20231231.htm,96190,7.251273521156045,6.757459195342551,0.4938143258134941
CHRW,1043277,2024-02-16,0001043277-24-000011,chrw-20231231.htm,44055,0.0,2.950856883441153,-2.950856883441153
CHTR,1091667,2024-02-02,0001091667-24-000028,chtr-20231231.htm,65696,0.0,0.913297613248904,-0.913297613248904
CI,1739940,2024-02-29,0001739940-24-000005,ci-20231231.htm,101539,1.083327588414304,2.166655176828608,-1.083327588414304
CIM,1409493,2024-02-29,0001628280-24-007962,cim-20231231.htm,90586,0.1655885015344534,4.194908705539487,-4.029320204005034
CINF,20286,2024-02-26,0000020286-24-000014,cinf-20231231.htm,99210,1.915129523233545,0.8063703255720189,1.108759197661526
CIVI,1509589,2024-02-27,0001509589-24-000012,civi-20231231.htm,80352,8.991686579052171,6.409299084030267,2.5823874950219037
CL,21665,2024-02-15,0000021665-24-000003,cl-20231231.htm,56357,4.2585659279237715,3.814965310431712,0.4436006174920595
CLDX,744218,2024-02-26,0001410578-24-000076,cldx-20231231x10k.htm,66352,0.452134072823728,0.226067036411864,0.226067036411864
CLF,764065,2024-02-08,0000764065-24-000038,clf-20231231.htm,78355,9.0613234637228,0.7657456448216451,8.295577818901156
CLH,822818,2024-02-21,0000822818-24-000008,clh-20231231.htm,64017,1.87450208538357,3.436587156536545,-1.5620850711529748
CLSK,827876,2024-12-03,0000950170-24-132565,clsk-20240930.htm,73372,5.519816823856512,0.9540424139998912,4.565774409856622
CLX,21076,2024-08-08,0000021076-24-000030,clx-20240630.htm,26659,1.5004313740200308,11.815897070407743,-10.315465696387712
CMA,28412,2024-02-28,0000028412-24-000185,cma-20231231.htm,89273,0.0,0.8961276085714606,-0.8961276085714606
CMC,22444,2024-10-17,0000022444-24-000140,cmc-20240831.htm,60060,4.0792540792540795,4.5787545787545785,-0.4995004995004994
CMCSA,1166691,2024-01-31,0001166691-24-000011,cmcsa-20231231.htm,63034,0.1586445410413427,0.1586445410413427,0.0
CME,1156375,2024-02-28,0001156375-24-000010,cme-20231231.htm,56831,0.2639404550333444,3.1672854604001337,-2.903345005366789
CMG,1058090,2024-02-08,0001562762-24-000023,cmg-20231231x10k.htm,37473,0.5337176100125424,3.602593867584661,-3.0688762575721187
CMI,26172,2024-02-12,0000026172-24-000012,cmi-20231231.htm,75029,6.130962694424822,4.131735728851511,1.9992269655733117
CMPR,1262976,2024-08-09,0001262976-24-000064,cmpr-20240630.htm,57664,0.5202552719200888,3.4683684794672587,-2.94811320754717
CMS,811156,2024-02-08,0000811156-24-000044,cms-20231231.htm,77792,57.01100370218017,5.463286713286713,51.547716988893455
CNA,21175,2024-02-06,0000021175-24-000007,cna-20231231.htm,77967,0.1282593917939641,0.7695563507637847,-0.6412969589698205
CNC,1071739,2024-02-20,0001071739-24-000037,cnc-20231231.htm,69758,2.2578055563519595,2.2219673729178013,0.035838183434158
CNK,1385280,2024-02-16,0000950170-24-016143,cnk-20231231.htm,80543,0.0,0.6207864122270091,-0.6207864122270091
CNLHN,23426,2024-02-14,0000072741-24-000005,es-20231231.htm,122722,78.2866967617868,1.3852446994019,76.90145206238489
CNMD,816956,2024-02-28,0000816956-24-000003,cnmd-20231231.htm,45351,0.3307534563736191,1.2127626733699368,-0.8820092169963176
CNNE,1704720,2024-02-29,0001704720-24-000030,cnne-20231231.htm,56043,0.0,4.014774369680424,-4.014774369680424
CNO,1224608,2024-02-23,0001224608-24-000009,cno-20231231.htm,104261,0.5754788463567393,2.062132532778316,-1.4866536864215767
CNOB,712771,2024-02-23,0001437749-24-005370,cnob20231231_10k.htm,64922,0.3850774775884908,1.6943409013893596,-1.309263423800869
CNP,1130310,2024-02-20,0001130310-24-000010,cnp-20231231.htm,124741,26.07402538058858,2.4450661771189908,23.62895920346959
CNR,1710366,2024-02-09,0001710366-24-000006,ceix-20231231.htm,82228,5.107749185192391,3.040326895947852,2.0674222892445395
CNX,1070412,2024-02-08,0001070412-24-000015,cnx-20231231.htm,76572,6.497153006320848,2.1548346654129444,4.342318340907903
CNXN,1050377,2024-03-07,0001558370-24-002727,cnxn-20231231x10k.htm,47270,0.2115506663845991,0.3173259995768986,-0.1057753331922995
COGT,1622229,2024-02-26,0000950170-24-019770,cogt-20231231.htm,73040,0.2738225629791895,0.8899233296823659,-0.6161007667031764
COHR,820318,2024-08-16,0000820318-24-000016,iivi-20240630.htm,69389,3.67493406735938,1.5852656761158108,2.0896683912435687
COHU,21535,2024-02-16,0001437749-24-004596,cohu20231230_10k.htm,59583,0.0,2.2657469412416296,-2.2657469412416296
COKE,317540,2024-02-21,0000317540-24-000009,coke-20231231.htm,56400,0.0,1.5957446808510638,-1.5957446808510638
COLB,887343,2024-02-27,0000887343-24-000089,colb-20231231.htm,89042,0.0,2.0776712113384694,-2.0776712113384694
COLD,1455863,2024-02-29,0001628280-24-008042,art-20231231.htm,96693,0.8790708737964485,0.5171005139979109,0.3619703597985376
COLL,1267565,2024-02-22,0001558370-24-001526,coll-20231231x10k.htm,72116,2.149314992512064,1.0399911254090632,1.1093238671030008
COLM,1050797,2024-02-26,0001050797-24-000032,colm-20231231.htm,44479,0.0,0.0,0.0
COMM,1517228,2024-02-29,0000950170-24-022519,comm-20231231.htm,71790,8.044295862933556,2.2983702465524445,5.745925616381111
COO,711404,2024-12-06,0000711404-24-000074,coo-20241031.htm,54488,0.550579944207899,5.964616062252239,-5.41403611804434
COOP,933136,2024-02-28,0000933136-24-000017,coop-20231231.htm,70996,0.3521325145078596,2.9579131218660204,-2.605780607358161
COP,1163165,2024-02-15,0001163165-24-000010,cop-20231231.htm,85753,5.422550814548762,2.973656898300934,2.448893916247828
COR,1140859,2024-11-26,0001140859-24-000177,cor-20240930.htm,60006,1.4998500149985,2.7497250274972505,-1.24987501249875
CORT,1088856,2024-02-15,0001628280-24-005055,cort-20231231.htm,42345,5.667729365922778,0.2361553902467824,5.431573975675995
COST,909832,2024-10-09,0000909832-24-000049,cost-20240901.htm,32825,0.6092916984006093,2.437166793602437,-1.827875095201828
COTY,1024305,2024-08-20,0001024305-24-000035,coty-20240630.htm,94378,1.960202589586556,2.172116383055373,-0.2119137934688169
CP,16875,2024-04-29,0001193125-24-122184,d580979d10ka.htm,29273,0.6832234482287433,2.732893792914973,-2.0496703446862297
CPAY,1175454,2024-02-29,0001628280-24-008060,flt-20231231.htm,76771,1.465397090047023,3.8425968139010824,-2.3771997238540594
CPB,16732,2024-09-19,0000016732-24-000130,cpb-20240728.htm,55093,0.9075563138692756,0.9075563138692756,0.0
CPK,19745,2024-02-21,0001628280-24-005944,cpk-20231231.htm,68063,3.0853767832743193,1.7630724475853252,1.322304335688994
CPRI,1530721,2024-05-29,0001530721-24-000041,cpri-20240330.htm,71723,0.209137933438367,8.923218493370328,-8.714080559931961
CPRT,900075,2024-09-30,0000900075-24-000024,cprt-20240731.htm,48876,0.3068990915786889,1.739094852279237,-1.4321957607005482
CPRX,1369568,2024-02-28,0001193125-24-050908,d723690d10k.htm,82319,2.794008673574752,0.4251752329352883,2.3688334406394636
CPT,906345,2024-02-22,0000906345-24-000007,cpt-20231231.htm,45057,0.2219410968329005,1.2206760325809531,-0.9987349357480524
CPTP,202947,2024-02-16,0000950170-24-016334,cptp-20231231.htm,11421,0.0,0.8755800717975659,-0.8755800717975659
CQP,1383650,2024-02-22,0001383650-24-000013,cqp-20231231.htm,63129,1.9800725498582268,0.9504348239319488,1.029637725926278
CRAI,1053706,2024-02-29,0001053706-24-000006,crai-20231230.htm,41831,0.7171714756998399,3.4663287992158924,-2.7491573235160525
CRC,1609253,2024-02-28,0001609253-24-000043,crc-20231231.htm,75558,26.53590619127028,3.3087164827020303,23.22718970856825
CRI,1060822,2024-02-27,0001060822-24-000062,cri-20231230.htm,59494,0.6723367062224762,4.958483208390762,-4.286146502168286
CRK,23194,2024-02-16,0000950170-24-016532,crk-20231231.htm,42990,5.815305885089556,3.023959060246569,2.7913468248429867
CRL,1100682,2024-02-14,0001100682-24-000007,crl-20231230.htm,72664,0.2064295937465595,2.890014312451833,-2.6835847187052737
CRNX,1658247,2024-02-28,0000950170-24-022108,crnx-20231231.htm,87076,1.5503697919059212,0.803895447654922,0.7464743442509991
CROX,1334036,2024-02-15,0001334036-24-000025,crox-20231231.htm,60286,1.0781939422088047,4.063961782171648,-2.985767839962844
CRS,17843,2024-08-13,0000017843-24-000014,crs-20240630.htm,52091,0.0,0.1919717417596129,-0.1919717417596129
CRUS,772406,2024-05-24,0000772406-24-000031,crus-20240330.htm,43777,2.6269502250039976,6.396052721748863,-3.769102496744866
CRVL,874866,2024-05-24,0000950170-24-064645,crvl-20240331.htm,36406,0.27467999780256,1.6480799868153602,-1.3733999890128
CSGP,1057352,2024-02-22,0001057352-24-000013,csgp-20231231.htm,58238,0.0,3.691747656169511,-3.691747656169511
CSGS,1005757,2024-02-16,0000950170-24-016286,csgs-20231231.htm,49674,1.3085316262028426,2.818375810283045,-1.5098441840802028
CSL,790051,2024-02-16,0000790051-24-000058,csl-20231231.htm,42242,2.4856777614696273,2.1305809384025376,0.3550968230670896
CSW,1624794,2024-05-23,0001624794-24-000032,cswi-20240331.htm,49872,1.904876483798524,1.704363169714469,0.2005133140840551
CSX,277948,2024-02-14,0000277948-24-000010,csx-20231231.htm,49692,0.5030990903968445,0.3018594542381067,0.2012396361587378
CTAS,723254,2024-07-25,0000723254-24-000036,ctas-20240531.htm,38483,2.4686225086401787,9.224852532286985,-6.756230023646805
CTBI,350852,2024-02-28,0001140361-24-009933,ef20015332_10k.htm,58660,0.8949880668257757,2.557108762359359,-1.6621206955335834
CTOS,1709682,2024-03-07,0001709682-24-000010,ctos-20231231.htm,55302,2.2151097609489714,5.695996528154497,-3.480886767205526
CTRA,858470,2024-02-23,0000858470-24-000019,cog-20231231.htm,59614,3.69040829335391,2.5161874727413025,1.1742208206126077
CTRE,1590717,2024-02-08,0001628280-24-003863,ctre-20231231.htm,71514,0.0,5.523394020751182,-5.523394020751182
CTS,26058,2024-02-23,0000950170-24-019292,cts-20231231.htm,42444,1.7670342097823013,2.1204410517387617,-0.3534068419564602
CUBE,1298675,2024-02-29,0001298675-24-000011,cube-20231231x10k.htm,66381,0.6779048221629683,4.218074449014025,-3.5401696268510565
CUBI,1488813,2024-02-29,0001488813-24-000010,cubi-20231231.htm,125287,0.3791295186252365,4.429829112358026,-4.05069959373279
CUZ,25232,2024-02-07,0000025232-24-000004,cuz-20231231.htm,53839,1.114433774772934,1.6716506621594012,-0.557216887386467
CVBF,354647,2024-02-28,0000950170-24-022216,cvbf-20231231.htm,85845,0.7571786359135652,3.436426116838488,-2.6792474809249227
CVCO,278166,2024-05-24,0000278166-24-000059,cvco-20240330.htm,46339,2.859362524007855,0.97110425343663,1.888258270571225
CVI,1376139,2024-02-21,0001376139-24-000006,cvi-20231231.htm,72099,26.283304900206662,6.588163497413279,19.695141402793386
CVLT,1169561,2024-05-13,0001169561-24-000039,cvlt-20240331.htm,38956,0.3850497997741041,0.6417496662901735,-0.2566998665160694
CVS,64803,2024-02-07,0000064803-24-000007,cvs-20231231.htm,134617,1.3371268116211177,1.708550925960317,-0.3714241143391993
CVX,93410,2024-02-26,0000093410-24-000013,cvx-20231231.htm,77546,15.603641709436978,4.964795089366311,10.638846620070668
CW,26324,2024-02-20,0000026324-24-000004,cw-20231231.htm,50108,4.340624251616508,2.39482717330566,1.9457970783108485
CWH,1669779,2024-02-26,0001558370-24-001703,cwh-20231231x10k.htm,97291,1.490374238110411,1.1820209474668777,0.3083532906435333
CWK,1628369,2024-02-21,0001628369-24-000005,cwk-20231231.htm,58792,0.2551367532997687,2.6364131174309433,-2.3812763641311743
CWST,911177,2024-02-16,0000911177-24-000005,cwst-20231231.htm,72471,1.5868416332050062,2.759724579486967,-1.1728829462819612
CXT,25445,2024-02-22,0001628280-24-006375,cxt-20231231.htm,42818,0.0,0.5838665981596525,-0.5838665981596525
CXW,1070985,2024-02-20,0000950170-24-017235,cxw-20231231.htm,81970,0.7929730389166768,5.062827863852629,-4.269854824935952
CZR,1590895,2024-02-20,0001590895-24-000051,czr-20231231.htm,76765,1.172409301113789,8.206865107796522,-7.034455806682733
D,715957,2024-02-23,0000950170-24-019110,d-20231231.htm,142969,34.902671208443785,0.804370178150508,34.09830103029328
DAKT,915779,2024-06-26,0000915779-24-000025,dakt-20240427.htm,50374,0.0,3.1762417119942827,-3.1762417119942827
DAL,27904,2024-02-12,0000027904-24-000003,dal-20231231.htm,60709,13.67177848424451,0.4941606681052232,13.177617816139286
DAN,26780,2024-02-20,0001437749-24-004751,dan20231231_10k.htm,52128,5.371393492940454,2.973449969306323,2.3979435236341313
DAR,916540,2024-02-28,0000916540-24-000009,dar-20231230.htm,95984,14.924362393732288,1.4064844140690116,13.517877979663275
DAY,1725057,2024-02-28,0000950170-24-022100,day-20231231.htm,59415,0.5890768324497181,3.1136918286627955,-2.5246149962130775
DBD,28823,2024-03-08,0000028823-24-000025,dbd-20231231.htm,72681,1.3758754007237104,1.3758754007237104,0.0
DBRG,1679688,2024-02-23,0001679688-24-000021,dbrg-20231231.htm,87587,0.5137748752668775,7.249934350988161,-6.736159475721283
DBX,1467623,2024-02-16,0001467623-24-000008,dbx-20231231.htm,69711,1.0758703791367217,0.5020728435971368,0.5737975355395849
DCI,29644,2024-09-27,0000029644-24-000111,dci-20240731.htm,41794,3.708666315739101,2.3926879456381296,1.3159783701009713
DCO,30305,2024-02-22,0001628280-24-006363,dco-20231231.htm,53637,1.3982884948822645,3.169453921733132,-1.771165426850868
DCOM,846617,2024-02-22,0000846617-24-000018,dcom-20231231x10k.htm,74671,0.0,2.4105743863079376,-2.4105743863079376
DD,1666700,2024-02-15,0001666700-24-000008,dd-20231231.htm,79777,3.63513293305088,3.44710881582411,0.1880241172267696
DE,315189,2024-12-12,0001558370-24-016169,de-20241027x10k.htm,77276,6.502665769449765,0.9058439877840468,5.596821781665718
DEA,1622194,2024-02-27,0000950170-24-021249,dea-20231231.htm,64559,0.3097941417927787,0.7744853544819468,-0.464691212689168
DECK,910521,2024-05-24,0000910521-24-000017,deck-20240331.htm,58221,0.7729169887154119,14.084265127703064,-13.31134813898765
DEI,1364250,2024-02-16,0001364250-24-000012,nysedei-20231231.htm,53245,0.751244248286224,0.281716593107334,0.46952765517889
DFIN,1669811,2024-02-20,0000950170-24-017094,dfin-20231231.htm,53557,1.587094124017402,0.5601508673002595,1.0269432567171424
DG,29534,2024-03-25,0001558370-24-003813,dg-20240202x10k.htm,49540,0.2018570851836899,2.018570851836899,-1.8167137666532096
DGII,854775,2024-11-22,0000854775-24-000033,dgii-20240930.htm,42269,0.70973999858052,0.5914499988171,0.11828999976342
DGX,1022079,2024-02-22,0001022079-24-000041,dgx-20231231.htm,67658,0.0,4.064559992905496,-4.064559992905496
DHC,1075415,2024-02-26,0001075415-24-000007,dhc-20231231.htm,103986,1.298251687727194,2.692670167137884,-1.39441847941069
DHI,882184,2024-11-19,0000882184-24-000057,dhi-20240930.htm,61235,0.0,2.9394953866252957,-2.9394953866252957
DIOD,29002,2024-02-09,0000950170-24-013363,diod-20231231.htm,54508,1.1924855067146107,3.1188082483305206,-1.9263227416159097
DIS,1744489,2024-11-14,0001744489-24-000276,dis-20240928.htm,72304,0.4149148041602124,0.7606771409603894,-0.345762336800177
DK,1694426,2024-02-28,0001694426-24-000028,dk-20231231.htm,100429,7.642214898087206,4.3314182158539865,3.3107966822332195
DKL,1552797,2024-02-28,0001552797-24-000011,dkl-20231231.htm,95013,2.3680969972530073,6.31492532600802,-3.946828328755013
DKS,1089063,2024-03-28,0001089063-24-000037,dks-20240203.htm,45091,0.8870949856955933,4.324588055266017,-3.437493069570424
DLB,1308547,2024-11-19,0001628280-24-048519,dlb-20240927.htm,58418,0.8986956075182307,2.0541613886130987,-1.155465781094868
DLR,1297996,2024-02-23,0001558370-24-001575,dlr-20231231x10k.htm,108069,8.767546660004257,1.4342688467553135,7.333277813248943
DLTR,935703,2024-03-20,0000935703-24-000011,dltr-20240203.htm,46623,0.2144864122857817,3.646269008858289,-3.431782596572507
DNLI,1714899,2024-02-28,0001714899-24-000086,dnli-20231231.htm,100241,1.1971149529633582,1.596153270617811,-0.3990383176544527
DNOW,1599617,2024-02-15,0000950170-24-015744,dnow-20231231.htm,40859,6.608091240607945,0.7342323600675494,5.8738588805403955
DNTH,1690585,2024-03-21,0000950170-24-034681,dnth-20231231.htm,83718,1.6424185957619628,0.6569674383047851,0.9854511574571776
DOC,765880,2024-02-09,0001628280-24-004094,peak-20231231.htm,97234,0.1542670259374293,4.1137873583314475,-3.9595203323940185
DOCU,1261333,2024-03-21,0001261333-24-000045,docu-20240131.htm,60186,0.2492273950752667,0.6646063868673778,-0.4153789917921111
DORM,868780,2024-02-28,0000868780-24-000011,dorm-20231231.htm,43881,0.2278890636038376,1.7091679770287824,-1.4812789134249449
DOV,29905,2024-02-09,0000029905-24-000008,dov-20231231.htm,57602,1.9964584563036007,1.3888406652546788,0.607617791048922
DPZ,1286681,2024-02-26,0000950170-24-019725,dpz-20231231.htm,59676,0.4189288826328842,2.2622159662175747,-1.8432870835846904
DRH,1298946,2024-02-28,0001298946-24-000011,drh-20231231.htm,60410,0.0,1.986426088395961,-1.986426088395961
DRI,940944,2024-07-19,0000940944-24-000035,dri-20240526.htm,53251,2.394321233404068,1.5962141556027116,0.7981070778013558
DSGR,703604,2024-03-07,0000703604-24-000021,laws-20231231.htm,52807,1.230897418902797,0.5681065010320602,0.6627909178707369
DTE,936340,2024-02-08,0000936340-24-000076,dte-20231231.htm,88613,23.27536591696478,1.128502589913444,22.146863327051335
DUK,1326160,2024-02-23,0001326160-24-000037,duk-20231231.htm,172590,19.69986673619561,1.854105104583116,17.845761631612493
DVA,927066,2024-02-14,0000927066-24-000013,dva-20231231.htm,87496,0.6286001645789522,2.342964249794276,-1.714364085215324
DVAX,1029142,2024-02-22,0000950170-24-018766,dvax-20231231.htm,76737,2.0524649126236367,0.1303152325475325,1.922149680076104
DVN,1090012,2024-02-28,0000950170-24-021781,dvn-20231231.htm,52177,4.312244858845852,4.408072522375759,-0.0958276635299078
DX,826675,2024-02-26,0000826675-24-000011,dx-20231231.htm,44555,0.8977668050723825,3.478846369655482,-2.5810795645830997
DXC,1688568,2024-05-17,0001688568-24-000032,dxc-20240331.htm,68898,2.467415599872275,9.4342361171587,-6.966820517286424
DXCM,1093557,2024-02-08,0001093557-24-000021,dxcm-20231231.htm,85090,0.1762839346574215,3.05558820072864,-2.8793042660712187
DXPE,1020710,2024-03-11,0001020710-24-000026,dxpe-20231231.htm,44024,0.2271488279120479,0.6814464837361439,-0.4542976558240959
DY,67215,2024-03-01,0000067215-24-000014,dy-20240127.htm,50957,0.0,2.551170594815237,-2.551170594815237
EAI,7323,2024-02-23,0000065984-24-000012,etr-20231231.htm,312931,28.217082999127605,1.1344353867146433,27.082647612412963
EAT,703351,2024-08-21,0000703351-24-000030,eat-20240626.htm,36342,0.4127455836222552,5.9160200319189915,-5.503274448296737
ECPG,1084961,2024-02-21,0001084961-24-000008,ecpg-20231231.htm,57403,0.0,0.522620768949358,-0.522620768949358
ECVT,1708035,2024-02-29,0001708035-24-000070,ecvt-20231231.htm,85279,2.169350015830392,3.224709482991123,-1.0553594671607311
EEFT,1029199,2024-02-22,0001213900-24-016204,eeft-20231231.htm,60407,1.1588060986309534,1.407121691194729,-0.2483155925637757
EFC,1411342,2024-02-29,0001411342-24-000021,efc-20231231.htm,169665,0.0,2.4459965225591604,-2.4459965225591604
EFSC,1025835,2024-02-26,0001025835-24-000017,efsc-20231231.htm,64654,0.2320042070096204,1.2373557707179756,-1.0053515637083552
EFX,33185,2024-02-22,0000033185-24-000017,efx-20231231.htm,70941,0.5638488321281064,1.902989808432359,-1.3391409763042528
EG,1095073,2024-02-28,0001095073-24-000009,eg-20231231.htm,80245,4.237024113651941,1.3708019191226868,2.866222194529254
EGP,49600,2024-02-14,0000049600-24-000021,egp-20231231.htm,56395,0.7979430800602891,3.3690930046989984,-2.5711499246387093
EHC,785161,2024-02-28,0000785161-24-000009,ehc-20231231.htm,82293,0.1822755276876526,0.546826583062958,-0.3645510553753053
EIG,1379041,2024-02-26,0001379041-24-000042,eig-20231231.htm,63664,0.3141492837396331,2.7488062327217895,-2.4346569489821563
EIX,827052,2024-02-22,0000827052-24-000013,eix-20231231x10k.htm,106467,19.23131111048494,1.4558501695361004,17.77546094094884
ELAN,1739104,2024-02-26,0001739104-24-000009,elan-20231231.htm,60972,0.0,2.1321262218723347,-2.1321262218723347
ELF,1600033,2024-05-23,0001600033-24-000020,elf-20240331.htm,56375,0.0,4.257206208425721,-4.257206208425721
ELME,104894,2024-02-16,0000104894-24-000019,elme-20231231.htm,72630,1.204736334847859,4.474734958006334,-3.269998623158475
ELS,895417,2024-02-22,0000895417-24-000036,els-20231231.htm,74764,1.0031565994328822,4.7482745706489755,-3.745117971216093
ELV,1156039,2024-02-21,0001156039-24-000015,elv-20231231.htm,90825,0.8808147536471236,0.8808147536471236,0.0
EME,105634,2024-02-28,0000105634-24-000006,eme-20231231.htm,61122,5.112725368934263,0.3272144236117928,4.78551094532247
EMN,915389,2024-02-14,0000915389-24-000016,emn-20231231.htm,65087,1.6132253752669503,1.3059443514065787,0.3072810238603715
EMR,32604,2024-11-12,0000032604-24-000041,emr-20240930.htm,48302,3.105461471574676,3.105461471574676,0.0
ENB,895728,2024-03-13,0001193125-24-066168,d568818d10ka.htm,32441,11.559446379581397,6.165038069110077,5.394408310471317
ENOV,1420800,2024-02-22,0001420800-24-000006,cfx-20231231.htm,68009,0.0,0.8087164934052845,-0.8087164934052845
ENPH,1463101,2024-02-09,0001463101-24-000024,enph-20231231.htm,75435,75.429177437529,2.319878040697289,73.10929939683172
ENR,1632790,2024-11-19,0001632790-24-000102,enr-20240930.htm,71270,12.698189981759509,1.824049389645012,10.874140592114497
ENS,1289308,2024-05-22,0001289308-24-000018,ens-20240331.htm,66593,33.8624179718589,4.204646133978046,29.65777183788086
ENSG,1125376,2024-02-01,0001125376-24-000018,ensg-20231231.htm,94215,1.326752640237754,0.8491216897521626,0.4776309504855914
ENTG,1101302,2024-02-15,0001101302-24-000009,entg-20231231.htm,61808,0.4853740616101476,3.9638881698162054,-3.4785141082060576
ENVA,1529864,2024-02-23,0000950170-24-019385,enva-20231231.htm,76463,0.0,1.9617331258255624,-1.9617331258255624
EPAC,6955,2024-10-21,0000006955-24-000046,epac-20240831.htm,42099,0.9501413335233616,0.0,0.9501413335233616
EPAM,1352010,2024-02-22,0001352010-24-000008,epam-20231231.htm,59554,0.0,3.5262115055243983,-3.5262115055243983
EPC,1096752,2024-11-21,0001628280-24-048852,epc-20240930.htm,3917,0.0,0.0,0.0
EPD,1061219,2024-02-28,0001061219-24-000006,form10k.htm,122246,1.3701879816108504,1.3088362809417078,0.0613517006691425
EPR,1045450,2024-02-29,0001045450-24-000027,epr-20231231.htm,78786,0.0,0.3173152590561775,-0.3173152590561775
EPRT,1728951,2024-02-14,0001728951-24-000026,eprt-20231231.htm,76866,0.3902895948794005,2.47183410090287,-2.0815445060234694
EQH,1333986,2024-02-26,0001333986-24-000009,eqh-20231231.htm,154788,3.9247228467323048,3.13331782825542,0.7914050184768845
EQR,906107,2024-02-15,0000950170-24-015907,eqr-20231231.htm,72053,0.1387867264374835,4.926928788530665,-4.788142062093182
EQT,33213,2024-02-14,0000033213-24-000008,eqt-20231231.htm,75443,4.374163275585542,3.3137600572617743,1.0604032183237675
ES,72741,2024-02-14,0000072741-24-000005,es-20231231.htm,122722,78.2866967617868,1.3852446994019,76.90145206238489
ESE,866706,2024-11-29,0001410578-24-002064,ese-20240930x10k.htm,38215,4.906450346722491,0.2616773518251995,4.644772994897291
ESI,1590714,2024-02-21,0001590714-24-000054,esi-20231231.htm,49985,0.3000900270081024,6.6019805941782534,-6.301890567170151
ESNT,1448893,2024-02-16,0001448893-24-000015,esnt-20231231.htm,82520,1.6662627241880756,2.7872031022782355,-1.12094037809016
ESRT,1541401,2024-10-08,0001541401-24-000033,esrt-20231231.htm,34787,0.287463707706902,0.287463707706902,0.0
ESS,920522,2024-02-23,0000920522-24-000033,ess-20231231.htm,75466,276.41586939813953,2.517690085601463,273.8981793125381
ESTA,1688757,2024-03-04,0001688757-24-000034,esta-20231231.htm,78912,0.7603406326034063,1.0771492295214922,-0.3168085969180859
ET,1276187,2024-02-16,0001276187-24-000024,et-20231231.htm,166761,5.037148973680897,1.379219361841198,3.6579296118396982
ETN,1551182,2024-02-29,0001551182-24-000006,etn-20231231.htm,49943,2.4027391225997636,0.5005706505416174,1.9021684720581464
ETSY,1370637,2024-02-22,0001370637-24-000013,etsy-20231231.htm,92262,9.510957924172466,9.212893715722617,0.2980642084498494
EVH,1628908,2024-02-23,0001628908-24-000017,evh-20231231.htm,85927,0.7564560615406101,1.51291212308122,-0.7564560615406101
EVR,1360901,2024-02-22,0001360901-24-000007,evr-20231231.htm,74626,2.680031088360625,0.7370085492991718,1.943022539061453
EVRG,1711269,2024-02-29,0001711269-24-000007,evrg-20231231.htm,99377,21.181963633436308,2.9684937158497435,18.213469917586565
EVTC,1559865,2024-02-29,0001559865-24-000008,evtc-20231231.htm,69619,0.4309168474123444,4.95554374524196,-4.524626897829616
EW,1099800,2024-02-12,0001099800-24-000004,ew-20231231.htm,53923,0.0,1.019972924355099,-1.019972924355099
EWBC,1069157,2024-02-29,0001069157-24-000020,ewbc-20231231.htm,94024,0.6913128562920106,1.2762698885390964,-0.5849570322470858
EXAS,1124140,2024-02-21,0001124140-24-000012,exas-20231231.htm,76647,0.0,2.4788967604733387,-2.4788967604733387
EXC,1109357,2024-02-21,0001109357-24-000053,exc-20231231.htm,158271,10.44095254342236,0.7897846099411768,9.65116793348118
EXE,895126,2024-02-21,0000895126-24-000013,chk-20231231.htm,76917,7.345580300843767,7.605600842466555,-0.2600205416227882
EXEL,939767,2024-02-06,0000939767-24-000028,exel-20231229.htm,86870,1.8993898929434787,3.108092552089329,-1.20870265914585
EXLS,1297989,2024-02-29,0001297989-24-000003,exls-20231231.htm,64913,0.3081046939750127,1.0013402554187911,-0.6932355614437786
EXP,918646,2024-05-22,0000950170-24-063523,exp-20240331.htm,51393,0.8756056272254976,3.79429105131049,-2.918685424084992
EXPD,746515,2024-02-23,0000950170-24-019394,expd-20231231.htm,38669,0.5172101683519098,0.5172101683519098,0.0
EXPE,1324424,2024-02-09,0001324424-24-000007,expe-20231231.htm,66032,0.5679064695905016,1.21153380179307,-0.6436273322025685
EXPI,1495932,2024-02-22,0001558370-24-001527,expi-20231231x10k.htm,48542,0.3090107535742244,4.017139796464917,-3.708129042890693
EXPO,851520,2024-04-17,0000950170-24-045160,expo-20231229.htm,2142,0.0,0.0,0.0
EXR,1289490,2024-02-29,0001628280-24-008044,exr-20231231.htm,48734,6.668855419214512,0.7181844297615628,5.950670989452949
EXTR,1078271,2024-08-16,0000950170-24-098129,extr-20240630.htm,60038,0.9993670675239016,1.6656117792065026,-0.666244711682601
EYE,1710155,2024-02-27,0001710155-24-000018,eye-20231230.htm,76375,2.749590834697218,1.7021276595744683,1.0474631751227497
EZPW,876523,2024-11-13,0000876523-24-000048,ezpw-20240930.htm,64570,0.0,4.955861855350782,-4.955861855350782
F,37996,2024-02-07,0000037996-24-000009,f-20231231.htm,101282,11.453170356035624,1.6291147489188602,9.824055607116764
FAF,1472787,2024-02-21,0000950170-24-017418,faf-20231231.htm,58340,0.4285224545766198,0.2571134727459719,0.1714089818306479
FANG,1539838,2024-02-22,0001539838-24-000019,fang-20231231.htm,88751,3.943617536703812,3.4365809962704645,0.5070365404333472
FAST,815556,2024-02-06,0000815556-24-000009,fast-20231231.htm,46467,0.322809735941636,2.5824778875330883,-2.2596681515914523
FBIN,1519751,2024-02-27,0000950170-24-021148,fbin-20231230.htm,53688,4.097749962747727,3.0733124720607954,1.0244374906869318
FBK,1649749,2024-02-27,0001649749-24-000063,fbk-20231231.htm,83703,0.119470030942738,0.8960252320705351,-0.7765552011277971
FBNC,811589,2024-02-28,0000811589-24-000010,fbnc-20231231.htm,79063,0.3794442406688337,1.20157342878464,-0.8221291881158064
FBP,1057706,2024-02-28,0001057706-24-000004,fbp2023123110k.htm,135205,0.0,4.807514514995748,-4.807514514995748
FBRT,1562528,2024-02-26,0001562528-24-000008,bsprt-20231231.htm,75309,0.0,0.2655725079339787,-0.2655725079339787
FCF,712537,2024-02-29,0000712537-24-000054,fcf-20231231.htm,82919,0.8140474438910262,2.7737912902953488,-1.9597438464043224
FCFS,840489,2024-02-05,0000840489-24-000042,fcfs-20231231.htm,65792,0.7979693579766536,1.6719357976653697,-0.8739664396887159
FCN,887936,2024-02-22,0000887936-24-000015,fcn-20231231.htm,55103,0.0,3.720305609494946,-3.720305609494946
FCNCA,798941,2024-02-23,0000798941-24-000018,fcnca-20231231.htm,121068,0.2064955231770575,2.312749859583044,-2.106254336405987
FCPT,1650132,2024-02-15,0001650132-24-000045,fcpt-20231231.htm,87982,0.1136596121934031,0.6819576731604191,-0.568298060967016
FCX,831259,2024-02-16,0000831259-24-000011,fcx-20231231.htm,116630,2.100660207493784,4.029837949069708,-1.929177741575924
FDP,1047340,2024-02-26,0001047340-24-000017,fdp-20231229.htm,67237,0.0,1.4872763508187457,-1.4872763508187457
FDS,1013237,2024-10-29,0001013237-24-000141,fds-20240831.htm,55209,1.856581354489304,0.7245195529714358,1.1320618015178685
FDX,1048911,2024-07-15,0000950170-24-083577,fdx-20240531.htm,83452,6.291041556823084,2.9957340746776593,3.295307482145425
FE,1031296,2024-02-13,0001031296-24-000008,fe-20231231.htm,110284,16.616190925247544,1.0427623227304053,15.573428602517138
FELE,38725,2024-02-23,0000038725-24-000038,fele-20231231.htm,34242,2.1902926230944453,1.3141755738566672,0.8761170492377781
FFBC,708955,2024-02-22,0000708955-24-000018,ffbc-20231231.htm,30166,0.9944971159583638,1.4917456739375456,-0.4972485579791819
FFIN,36029,2024-02-26,0000950170-24-019528,ffin-20231231.htm,67053,1.1185181871057224,1.7150612202287745,-0.5965430331230519
FFIV,1048695,2024-11-18,0001048695-24-000185,ffiv-20240930.htm,47683,0.4718662835811505,3.4603527462617705,-2.98848646268062
FHB,36377,2024-02-28,0001558370-24-001995,fhb-20231231x10k.htm,128025,0.3124389767623511,1.3278656512399922,-1.015426674477641
FHI,1056288,2024-02-23,0001056288-24-000006,fhi-20231231.htm,64807,0.1543043189778881,10.646998009474284,-10.492693690496395
FHN,36966,2024-02-23,0000036966-24-000015,fhn-20231231.htm,128187,0.5460772153182459,0.9361323691169932,-0.3900551537987471
FIBK,860413,2024-02-29,0000860413-24-000016,fibk-20231231.htm,95619,0.1045817253893054,0.8889446658090966,-0.784362940419791
FICO,814547,2024-11-06,0001628280-24-045719,fico-20240930.htm,55868,0.0,1.7004367437531325,-1.7004367437531325
FIS,1136893,2024-02-26,0001136893-24-000015,fis-20231231.htm,65568,0.6100536847242557,0.9913372376769156,-0.3812835529526598
FIVE,1177609,2024-03-21,0001177609-24-000008,five-20240203.htm,46404,0.0,3.555727954486682,-3.555727954486682
FIVN,1288847,2024-02-22,0001288847-24-000012,fivn-20231231.htm,69393,0.4323202628507198,1.2969607885521597,-0.8646405257014397
FIX,1035983,2024-02-22,0001558370-24-001529,fix-20231231x10k.htm,54063,0.3699387751327155,3.32944897619444,-2.9595102010617245
FIZZ,69891,2024-06-26,0001437749-24-021311,fizz20240430_10k.htm,21291,2.1135691137100183,2.818092151613358,-0.7045230379033395
FLEX,866374,2024-05-17,0000866374-24-000021,flex-20240331.htm,67562,3.1822622184067964,6.290518338711109,-3.1082561203043126
FLG,910073,2024-03-15,0000910073-24-000081,fbc-20231231.htm,95837,0.0,1.7216732577188352,-1.7216732577188352
FLO,1128928,2024-02-21,0000950170-24-017647,flo-20231230.htm,66852,1.795009872554299,0.8975049362771494,0.8975049362771494
FLR,1124198,2024-02-20,0001628280-24-005451,flr-20231231.htm,50732,6.209098793660806,4.829299061736182,1.3797997319246236
FLS,30625,2024-02-20,0000030625-24-000025,fls-20231231.htm,65932,4.891403263968938,3.4126069283504217,1.478796335618516
FMC,37785,2024-02-27,0000037785-24-000033,fmc-20231231.htm,71137,3.092624091541673,3.3034848250558784,-0.2108607335142049
FN,1408710,2024-08-20,0001408710-24-000032,fn-20240628.htm,58045,0.0,2.498061848565768,-2.498061848565768
FNB,37808,2024-02-26,0000037808-24-000006,fnb-20231231.htm,95626,1.9084767740990944,3.816953548198189,-1.9084767740990944
FND,1507079,2024-02-22,0001507079-24-000010,fnd-20231228.htm,51531,0.0,2.1346374027284547,-2.1346374027284547
FNF,1331875,2024-02-29,0001331875-24-000019,fnf-20231231.htm,127831,5.163066861715859,1.8383647159139804,3.3247021458018793
FOLD,1178879,2024-02-28,0001178879-24-000003,fold-20231231.htm,72202,2.493005733913188,2.216005096811722,0.2770006371014653
FOR,1406587,2024-11-19,0001406587-24-000118,for-20240930.htm,32758,0.0,2.7474204774406252,-2.7474204774406252
FORM,1039399,2024-02-23,0001039399-24-000007,form-20231230.htm,45794,0.2183692186749355,2.6204306240992272,-2.4020614054242913
FOXA,1754301,2024-08-08,0001628280-24-036123,fox-20240630.htm,61653,0.2432971631550776,1.1353867613903623,-0.8920895982352847
FOXF,1424929,2024-02-23,0001424929-24-000006,foxf-20231229.htm,62185,0.3216209696872236,0.2412157272654176,0.0804052424218059
FR,921825,2024-02-14,0000921825-24-000018,fr-20231231.htm,63672,0.6282196255811031,2.3558235959291367,-1.7276039703480337
FRHC,924805,2024-06-14,0000924805-24-000041,frhc-20240331.htm,106023,0.2829574714920347,3.4426492364864227,-3.159691764994388
FRME,712534,2024-02-29,0000712534-24-000071,frme-20231231.htm,84001,1.0714158164783751,1.726169926548493,-0.6547541100701182
FRPT,1611647,2024-04-30,0001437749-24-013821,frpt20231231_10ka.htm,21902,0.684868961738654,10.27303442607981,-9.588165464341156
FRT,34903,2024-02-12,0000034903-24-000032,frt-20231231.htm,61955,0.9684448389960456,2.1790008877411027,-1.2105560487450568
FSLR,1274494,2024-02-27,0001274494-24-000004,fslr-20231231.htm,70299,145.8413348696283,1.8492439437260844,143.99209092590223
FSS,277509,2024-02-27,0000277509-24-000005,fss-20231231.htm,50633,0.0,3.8512432603242943,-3.8512432603242943
FTAI,1590364,2024-02-26,0001590364-24-000003,ftai-20231231.htm,59890,0.2504591751544498,2.8385373184170977,-2.588078143262648
FTDR,1727263,2024-02-28,0001562762-24-000041,ftdr-20231231x10k.htm,46733,0.2139815547899771,4.386621873194531,-4.172640318404554
FTNT,1262039,2024-02-26,0001262039-24-000014,ftnt-20231231.htm,72648,1.479737914326616,4.542451271886357,-3.0627133575597405
FTV,1659166,2024-02-27,0001659166-24-000046,ftv-20231231.htm,62226,3.77655642336001,1.6873975508629833,2.089158872497027
FUBO,1484769,2024-03-05,0001628280-24-008632,fubo-20231231.htm,68901,0.4354073235511821,0.798246759843834,-0.3628394362926518
FULT,700564,2024-03-01,0000700564-24-000012,fult-20231231.htm,74591,0.1340644313657143,0.8714188038771433,-0.737354372511429
FYBR,20520,2024-02-23,0001562762-24-000034,fybr-20231231x10k.htm,64668,2.1649038164161563,3.247355724624234,-1.082451908208078
G,1398659,2024-02-29,0001398659-24-000031,g-20231231.htm,84899,0.1766805262723942,3.0035689466307023,-2.8268884203583085
GABC,714395,2024-02-27,0000714395-24-000014,gabc-20231231.htm,63366,1.3808667108544015,3.629706782817284,-2.2488400719628823
GAP,39911,2024-03-19,0000039911-24-000066,gps-20240203.htm,40907,0.0,7.455936636761435,-7.455936636761435
GATX,40211,2024-02-16,0000040211-24-000023,gmt-20231231.htm,54460,0.2754315093646713,3.1215571061329412,-2.84612559676827
GBCI,868671,2024-02-23,0000868671-24-000042,gbci-20231231.htm,67430,0.0,2.9660388551090016,-2.9660388551090016
GBX,923120,2024-10-24,0000950170-24-117047,gbx-20240831.htm,48415,0.2065475575751316,0.6196426727253951,-0.4130951151502633
GD,40533,2024-02-08,0000040533-24-000007,gd-20231231.htm,46715,2.033608048806593,0.4281280102750722,1.6054800385315209
GDDY,1609711,2024-02-29,0001609711-24-000022,gddy-20231231.htm,85356,0.0,1.6401893247106236,-1.6401893247106236
GE,40545,2024-02-02,0000040545-24-000027,ge-20231231.htm,72678,31.09606758578937,1.1007457552491813,29.99532183054019
GEF,43920,2024-12-23,0000043920-24-000056,gef-20241031.htm,54461,0.2754264519564459,2.3870292502891974,-2.111602798332752
GEL,1022321,2024-02-23,0001022321-24-000018,gel-20231231.htm,109472,2.649079216603332,1.1875182695118385,1.4615609470914936
GEN,849399,2024-05-16,0000849399-24-000036,gen-20240329.htm,52691,0.1897857319086751,9.014822265662067,-8.825036533753392
GEO,923796,2024-02-29,0000950170-24-023181,geo-20231231.htm,100891,0.099116868699884,5.005401869344144,-4.90628500064426
GFF,50725,2024-11-13,0000050725-24-000152,gff-20240930.htm,61301,1.5497300207174434,2.936330565569893,-1.3866005448524494
GGG,42888,2024-02-20,0000042888-24-000010,ggg-20231229.htm,34900,0.4297994269340974,5.1575931232091685,-4.7277936962750715
GH,1576280,2024-02-22,0001576280-24-000043,gh-20231231.htm,95360,0.0,0.7864932885906041,-0.7864932885906041
GHC,104889,2024-02-23,0000104889-24-000010,ghc-20231231.htm,86409,0.5207790855119259,0.6943721140159012,-0.1735930285039753
GIC,945114,2024-03-12,0000945114-24-000016,gic-20231231.htm,36945,0.6766815536608473,0.8120178643930167,-0.1353363107321694
GIII,821002,2024-03-25,0001558370-24-003856,giii-20240131x10k.htm,73076,0.0,2.8737205101538126,-2.8737205101538126
GILD,882095,2024-02-23,0000882095-24-000007,gild-20231231.htm,66095,0.2269460624858158,4.538921249716317,-4.311975187230502
GIS,40704,2024-06-26,0001193125-24-168943,d764890d10k.htm,52259,0.8610956964350638,1.1481275952467518,-0.2870318988116879
GKOS,1192448,2024-02-23,0001558370-24-001630,gkos-20231231x10k.htm,59645,0.5029759409841562,1.0059518819683124,-0.5029759409841562
GL,320335,2024-02-28,0000320335-24-000006,gl-20231231.htm,74101,8.906762391870556,2.361641543299011,6.545120848571544
GLP,1323468,2024-02-29,0001558370-24-002047,glp-20231231x10k.htm,124825,12.918085319447226,2.884037652713799,10.034047666733429
GLPI,1575965,2024-02-27,0001575965-24-000005,glpi-20231231.htm,84216,0.2968557043792153,2.8498147620404675,-2.552959057661252
GM,1467858,2024-01-30,0001467858-24-000031,gm-20231231.htm,70762,7.98451146095362,1.3425284757355644,6.641982985218055
GME,1326380,2024-03-27,0001326380-24-000016,gme-20240203.htm,2711,0.0,0.0,0.0
GMED,1237831,2024-02-21,0001562762-24-000032,gmed-20231231x10k.htm,68573,0.2187449870940457,1.0208099397722137,-0.8020649526781678
GNL,1526113,2024-02-27,0001526113-24-000007,gnl-20231231.htm,127731,0.0782895303411074,0.5871714775583061,-0.5088819472171987
GNRC,1474735,2024-02-21,0001437749-24-005040,gnrc20231231_10k.htm,64032,31.39055472263868,7.574337831084457,23.816216891554223
GNTX,355811,2024-02-22,0000355811-24-000011,gntx-20231231.htm,41763,1.0775087996551973,2.035294399348706,-0.9577855996935086
GNW,1276520,2024-02-29,0001193125-24-051772,d699556d10k.htm,157852,2.692395408357195,1.2986848440311176,1.3937105643260774
GOGO,1537054,2024-02-28,0000950170-24-022040,gogo-20231231.htm,67153,1.265766235313389,2.3081619585126503,-1.042395723199261
GOLF,1672013,2024-02-29,0001672013-24-000008,golf-20231231.htm,73344,0.4090314136125654,0.9544066317626528,-0.5453752181500873
GPC,40987,2024-02-22,0000040987-24-000024,gpc-20231231.htm,45789,1.2011618510996092,3.7126820852169735,-2.5115202341173646
GPI,1031203,2024-02-14,0001031203-24-000013,gpi-20231231.htm,50612,3.4576780210226823,3.4576780210226823,0.0
GPK,1408075,2024-02-21,0001408075-24-000012,gpk-20231231.htm,50141,1.3960631020522127,1.5955006880596718,-0.1994375860074589
GPN,1123360,2024-02-14,0001123360-24-000004,gpn-20231231.htm,71120,0.421822272215973,1.968503937007874,-1.546681664791901
GPOR,874499,2024-02-28,0001628280-24-007527,gpor-20231231.htm,70687,6.153889682685642,2.97084329508962,3.1830463875960215
GRBK,1373670,2024-02-29,0001373670-24-000008,grbk-20231231.htm,47031,0.0,0.4252514299079331,-0.4252514299079331
GRC,42682,2024-02-26,0001437749-24-005519,grc20231231_10k.htm,31402,0.4776765811094834,0.7961276351824724,-0.3184510540729889
GRPN,1490281,2024-03-15,0001490281-24-000024,grpn-20231231.htm,61255,0.0,0.1632519794302506,-0.1632519794302506
GSAT,1366868,2024-02-29,0001366868-24-000028,gsat-20231231.htm,54700,3.930530164533821,0.5484460694698354,3.3820840950639854
GT,42582,2024-02-13,0000950170-24-014240,gt-20231231.htm,80098,1.5605882793577863,0.3745411870458688,1.1860470923119175
GTES,1718512,2024-02-08,0001718512-24-000010,gtes-20231230.htm,62653,0.957655658946898,2.234529870876095,-1.2768742119291974
GTLS,892553,2024-02-28,0000892553-24-000067,gtls-20231231.htm,79154,4.421760113197059,3.221568082472143,1.200192030724916
GTY,1052752,2024-02-15,0000950170-24-015982,gty-20231231.htm,77992,0.7693096727869524,0.5128731151913016,0.2564365575956508
GVA,861459,2024-02-23,0000861459-24-000006,gva-20231231.htm,61237,4.1641491255286835,2.6944494341656187,1.4696996913630649
GWRE,1528396,2024-09-16,0001528396-24-000105,gwre-20240731.htm,65064,0.4610844706750276,3.996065412516906,-3.5349809418418787
GWW,277135,2024-02-22,0000277135-24-000011,gww-20231231.htm,34919,0.4295655660242274,2.004639308113062,-1.575073742088834
HAE,313143,2024-05-20,0000313143-24-000020,hae-20240330.htm,66139,0.2267950830825987,1.2851721374680598,-1.058377054385461
HAL,45012,2024-02-06,0000045012-24-000007,hal-20231231.htm,41584,2.885725278953444,0.8416698730280878,2.044055405925356
HALO,1159036,2024-02-20,0001159036-24-000008,halo-20231231.htm,63759,0.705782713028749,0.9410436173716652,-0.2352609043429163
HAS,46080,2024-02-28,0000046080-24-000034,has-20231231.htm,78267,1.437387404653302,7.218878965592139,-5.7814915609388375
HASI,1561894,2024-03-28,0001561894-24-000036,hasi-20231231.htm,4732,31.69907016060862,2.113271344040575,29.585798816568047
HBI,1359841,2024-02-16,0001359841-24-000010,hbi-20231230.htm,77877,0.3210190428496218,1.8619104485278068,-1.540891405678185
HCA,860730,2024-02-16,0000950170-24-016524,hca-20231231.htm,76647,0.1957023758268425,4.892559395671063,-4.69685701984422
HCC,1691303,2024-02-14,0001691303-24-000008,hcc-20231231.htm,84636,2.983364053121603,4.489815208658254,-1.506451155536651
HCI,1400810,2024-03-08,0000950170-24-028620,hci-20231231.htm,67438,2.520833951184792,0.5931374002787746,1.927696550906017
HCSG,731012,2024-02-16,0000731012-24-000025,hcsg-20231231.htm,38870,1.9295086184718293,1.0290712631849757,0.9004373552868536
HD,354950,2024-03-13,0000354950-24-000062,hd-20240128.htm,46451,2.4757271102882608,5.166734838862458,-2.6910077285741965
HE,354707,2024-02-29,0000354707-24-000012,he-20231231.htm,145729,61.08941940176629,1.8870643454631544,59.20235505630313
HEI,46619,2024-12-19,0000046619-24-000111,hei-20241031.htm,50386,3.4731869963878856,0.595403485095066,2.877783511292819
HGV,1674168,2024-02-29,0001628280-24-007940,hgv-20231231.htm,88513,0.0,1.0167997921209313,-1.0167997921209313
HIG,874766,2024-02-23,0000874766-24-000016,hig-20231231.htm,150203,4.327476814710758,0.8987836461322345,3.428693168578524
HIW,921082,2024-02-06,0000921082-24-000006,hiw-20231231.htm,63181,0.0,1.7410297399534669,-1.7410297399534669
HL,719413,2024-02-15,0000950170-24-015673,hl-20231231.htm,89943,0.5559076303881347,0.6114983934269481,-0.0555907630388134
HLI,1302215,2024-05-21,0001302215-24-000028,hli-20240331.htm,42002,0.0,0.2380839007666301,-0.2380839007666301
HLIO,1024795,2024-02-27,0000950170-24-021107,hlio-20231230.htm,45993,1.1958341486747983,2.826517078685887,-1.6306829300110883
HLIT,851310,2024-02-16,0000851310-24-000024,hlit-20231231.htm,49603,0.7560026611293672,0.9072031933552406,-0.1512005322258734
HLNE,1433642,2024-05-23,0001433642-24-000064,hlne-20240331.htm,83296,1.0804840568574725,25.211294660007685,-24.130810603150213
HLT,1585689,2024-02-07,0001585689-24-000027,hlt-20231231.htm,68124,1.4679114555809991,8.954259879044097,-7.486348423463097
HLX,866829,2024-02-29,0000866829-24-000007,hlx-20231231x10k.htm,58192,14.434973879571077,3.6087434698927687,10.826230409678306
HMN,850141,2024-02-27,0001628280-24-007168,hmn-20231231.htm,89318,5.877874560558903,1.1195951543921718,4.75827940616673
HNI,48287,2024-02-27,0000048287-24-000080,hni-20231230.htm,43859,1.0260151850247383,1.596023621149593,-0.5700084361248546
HOG,793952,2024-02-23,0000793952-24-000076,hog-20231231.htm,72102,4.92358048320435,5.478350115114699,-0.5547696319103492
HOLX,859737,2024-11-27,0000859737-24-000024,holx-20240928.htm,72862,0.0,0.8920973895857922,-0.8920973895857922
HOMB,1331520,2024-02-26,0001331520-24-000080,homb-20231231.htm,96480,0.0,0.7255389718076285,-0.7255389718076285
HOPE,1128361,2024-02-28,0001128361-24-000006,hope-20231231.htm,78417,0.0,2.677990741803435,-2.677990741803435
HOUS,1398987,2024-02-20,0001398987-24-000015,hous-20231231.htm,95406,0.0,1.4674129509674445,-1.4674129509674445
HP,46765,2024-11-13,0000046765-24-000076,hp-20240930.htm,74529,1.4088475626937167,3.958190771377585,-2.549343208683868
HPE,1645590,2024-12-19,0001645590-24-000139,hpe-20241031.htm,97945,0.8167849303180357,2.5524529072438615,-1.735667976925826
HPP,1482512,2024-02-16,0001482512-24-000029,hpp-20231231.htm,80460,0.6524981357196122,2.4857071836937608,-1.8332090479741483
HPQ,47217,2024-12-13,0000047217-24-000080,hpq-20241031.htm,65530,0.3815046543567831,4.2728521287959715,-3.891347474439188
HQY,1428336,2024-03-22,0001428336-24-000016,hqy-20240131.htm,53241,0.2817377584943934,0.8452132754831803,-0.5634755169887868
HR,1360604,2024-02-16,0001360604-24-000026,hr-20231231.htm,62275,0.0,3.211561621838619,-3.211561621838619
HRB,12659,2024-08-15,0001838862-24-000030,hrb-20240630.htm,39712,0.0,1.636784850926672,-1.636784850926672
HRI,1364479,2024-02-13,0001364479-24-000006,hri-20231231.htm,49436,0.0,3.236507808075087,-3.236507808075087
HRL,48465,2024-12-05,0000048465-24-000051,hrl-20241027.htm,46589,1.1268754427010668,0.6439288244006096,0.4829466183004571
HROW,1360214,2024-03-19,0001493152-24-010518,form10-k.htm,76318,1.3758222175633534,0.7206687806284232,0.6551534369349301
HSIC,1000228,2024-02-28,0001000228-24-000011,form10k20231230.htm,73063,0.0,6.1590682014152165,-6.1590682014152165
HSII,1066605,2024-03-04,0001066605-24-000008,hsii-20231231.htm,49505,0.0,2.5249974750025252,-2.5249974750025252
HST,1070750,2024-02-28,0001070750-24-000081,hst-20231231.htm,75084,0.7325129188642054,3.329604176655479,-2.5970912577912735
HTGC,1280784,2024-02-15,0001280784-24-000007,htgc-20231231.htm,135175,7.693730349546884,1.738487146291844,5.95524320325504
HTH,1265131,2024-02-14,0001558370-24-001160,hth-20231231x10k.htm,137151,0.4374740249797668,1.5676152561774976,-1.130141231197731
HTO,766829,2024-02-23,0000766829-24-000023,sjw-20231231.htm,58217,0.0,4.036621605373001,-4.036621605373001
HTZ,1657853,2024-02-12,0001657853-24-000022,htz-20231231.htm,89881,2.1973498292186338,3.9496667816334936,-1.75231695241486
HUBB,48898,2024-02-08,0001628280-24-003792,hubb-20231231.htm,56883,0.7031977919589333,0.7910975159538,-0.0878997239948666
HUBG,940942,2024-02-27,0000950170-24-021432,hubg-20231231.htm,37031,0.6751100429369987,0.4050660257621992,0.2700440171747995
HUBS,1404655,2024-02-14,0000950170-24-015277,hubs-20231231.htm,63895,0.1565067689177557,0.469520306753267,-0.3130135378355114
HUM,49071,2024-02-15,0000049071-24-000012,hum-20231231.htm,74286,0.5384594674635866,1.3461486686589663,-0.80768920119538
HUN,1307954,2024-02-22,0001437749-24-005185,hun20231231_10k.htm,70647,1.3447138590456778,1.5570370999476268,-0.2123232409019491
HURN,1289848,2024-02-27,0001289848-24-000036,hurn-20231231.htm,57476,0.0,2.8707634490917946,-2.8707634490917946
HWC,750577,2024-02-28,0000950170-24-022252,hwc-20231231.htm,98185,1.3240311656566686,2.8517594337220555,-1.5277282680653868
HWKN,46250,2024-05-15,0000046250-24-000013,hwkn-20240331.htm,29376,0.0,0.3404139433551198,-0.3404139433551198
HWM,4281,2024-02-13,0000004281-24-000007,hwm-20231231.htm,58975,2.4162780839338702,0.5934718100890207,1.8228062738448496
HXL,717605,2024-02-07,0000950170-24-012245,hxl-20231231.htm,48165,6.643828506176685,2.699055330634278,3.9447731755424065
IART,917520,2024-02-28,0000917520-24-000022,iart-20231231.htm,72142,0.4158465249092068,4.435696265698207,-4.019849740789
IBKR,1381197,2024-02-27,0001381197-24-000083,ibkr-20231231x10k.htm,66157,0.9069335066584036,2.49406714331061,-1.5871336366522062
IBOC,315709,2024-02-26,0001558370-24-001698,iboc-20231231x10k.htm,29097,1.8043097226518197,4.29597553012338,-2.4916658074715605
IBP,1580905,2024-02-22,0001580905-24-000008,ibp-20231231.htm,61743,0.6073562994995384,5.9116013151288405,-5.304245015629302
IBRX,1326110,2024-03-19,0001326110-24-000037,ibrx-20231231.htm,147754,0.7444806908780812,0.473760439649688,0.2707202512283931
ICFI,1362004,2024-05-28,0000950170-24-065313,icfi-20231231.htm,1204,0.0,0.0,0.0
ICUI,883984,2024-02-27,0000883984-24-000005,icui-20231231.htm,75116,0.0,2.5959848767240006,-2.5959848767240006
IDA,1057877,2024-02-15,0001057877-24-000005,ida-20231231.htm,93190,38.121043030368064,3.970383088314197,34.15065994205386
IDCC,1405495,2024-02-15,0001405495-24-000052,idcc-20231231.htm,62610,0.1597188947452483,4.152691263376457,-3.992972368631209
IDT,1005731,2024-10-15,0001493152-24-041147,form10-k.htm,70613,0.7788934048971152,1.062127370314248,-0.2832339654171328
IDXX,874716,2024-02-22,0000874716-24-000057,idxx-20231231.htm,73477,0.1360970099486914,3.81071627856336,-3.6746192686146686
IEP,813762,2024-02-29,0001558370-24-002090,tmb-20231231x10k.htm,94457,8.390061085996802,0.3176048360629704,8.072456249933833
IESC,1048268,2024-11-22,0001048268-24-000134,iesc-20240930.htm,48847,1.433046041722112,2.354289925686327,-0.9212438839642147
IEX,832101,2024-02-22,0000832101-24-000009,iex-20231231.htm,49418,0.9105993767453154,1.3153102108543444,-0.4047108341090291
IIIV,1728688,2024-11-25,0001728688-24-000102,iiiv-20240930.htm,80390,0.0,2.736658788406518,-2.736658788406518
IIPR,1677576,2024-08-30,0001104659-24-095719,tm2422990d1_10ka.htm,2086,0.0,4.793863854266539,-4.793863854266539
ILMN,1110803,2024-02-16,0001110803-24-000010,ilmn-20231231.htm,59486,0.5043203442826885,2.857815284268568,-2.3534949399858793
IMAX,921582,2024-02-27,0000950170-24-021327,imax-20231231.htm,87145,0.459005106431809,0.459005106431809,0.0
IMKTA,50493,2024-12-27,0000050493-24-000018,imkt-20240928x10k.htm,30437,0.0,1.8070112034694616,-1.8070112034694616
IMO,49938,2024-02-28,0000049938-24-000010,imo-20231231.htm,95260,10.760025194205332,2.886836027713626,7.873189166491707
INCY,879169,2024-02-16,0000879169-24-000062,incy-20231231.htm,2985,0.0,3.3500837520938025,-3.3500837520938025
INDB,776901,2024-02-28,0000776901-24-000069,indb-20231231.htm,80706,0.1858597873764032,4.770401209327684,-4.58454142195128
INOD,903651,2024-03-04,0001410578-24-000124,inod-20231231x10k.htm,46338,0.215805602313436,3.452889637014977,-3.237084034701541
INSM,1104506,2024-02-22,0001104506-24-000008,insm-20231231.htm,86967,1.839778306714041,2.069750595053296,-0.2299722883392551
INSP,1609550,2024-02-09,0001609550-24-000016,insp-20231231.htm,70529,2.977498617589928,6.16767570786485,-3.1901770902749225
INSW,1679049,2024-02-29,0001558370-24-002108,insw-20231231x10k.htm,96214,0.5716423805267425,2.442471989523354,-1.870829608996612
INTC,50863,2024-01-26,0000050863-24-000010,intc-20231230.htm,75671,2.8412469770453677,5.418191909714422,-2.5769449326690546
INVA,1080014,2024-03-22,0000950170-24-035419,inva-20231231.htm,2757,0.0,3.627130939426914,-3.627130939426914
INVH,1687229,2024-02-21,0001687229-24-000013,invh-20231231.htm,81456,0.5524454920447849,6.138283244942055,-5.58583775289727
INVX,1042893,2024-08-01,0000950170-24-089302,drq-20231231.htm,11363,10.560591393118012,0.8800492827598345,9.68054211035818
IOSP,1054905,2024-02-14,0000950170-24-014960,iosp-20231231.htm,39728,0.0,2.013693113169553,-2.013693113169553
IP,51434,2024-02-16,0000051434-24-000024,ip-20231231.htm,65265,2.3749329656017775,6.358691488546695,-3.983758522944917
IPAR,822663,2024-02-27,0001753926-24-000405,g084061_10k.htm,63199,1.4636307536511652,13.52869507428915,-12.065064320637983
IPG,51644,2024-02-20,0000051644-24-000013,ipg-20231231.htm,62287,3.853131472056769,8.26817795045515,-4.415046478398382
IPGP,1111928,2024-04-29,0001111928-24-000059,ipgp-20231231.htm,16411,0.6093473889464384,0.0,0.6093473889464384
IQV,1478242,2024-02-15,0001478242-24-000038,iqv-20231231.htm,75052,0.7328252411661248,4.996535735223578,-4.263710494057453
IR,1699150,2024-02-23,0001628280-24-006642,iri-20231231.htm,66140,0.2267916540671303,0.9071666162685212,-0.6803749622013909
IRDM,1418819,2024-02-15,0001418819-24-000008,irdm-20231231.htm,59539,2.267421354070441,2.687314197416819,-0.419892843346378
IRM,1020569,2024-02-22,0001020569-24-000040,irm-20231231.htm,81379,2.3961955787119527,3.0106047014586075,-0.6144091227466546
IRT,1466085,2024-02-28,0001466085-24-000023,irt-20231231.htm,62172,0.5629543846104356,5.227433571382616,-4.664479186772181
IRTC,1388658,2024-02-22,0001388658-24-000014,irtc-20231231.htm,69918,0.6436110872736633,4.505277610915644,-3.861666523641981
ISRG,1035267,2024-01-31,0001035267-24-000021,isrg-20231231.htm,94620,1.3739167195096174,1.532445571760727,-0.1585288522511097
ITGR,1114483,2024-02-20,0001114483-24-000034,gb-20231231.htm,65517,3.6631713906314394,3.968435673184059,-0.3052642825526199
ITRI,780571,2024-02-26,0000780571-24-000006,itri-20231231.htm,59839,1.50403582947576,0.8355754608198667,0.6684603686558933
ITT,216228,2024-02-12,0000216228-24-000020,itt-20231231.htm,55223,4.210202270792967,4.979809137497058,-0.7696068667040907
ITW,49826,2024-02-09,0000049826-24-000008,itw-20231231.htm,45798,0.436700292589196,1.4192759509148871,-0.982575658325691
IVT,1307748,2024-02-14,0001307748-24-000016,ivtp-20231231.htm,42804,0.9344921035417252,6.424633211849359,-5.490141108307634
J,52988,2024-11-25,0000052988-24-000065,jec-20240927.htm,81021,4.196442897520396,5.183841226348725,-0.9873983288283285
JAZZ,1232524,2024-04-26,0001232524-24-000022,jazz-20231231.htm,45374,6.6117159606823295,2.644686384272932,3.9670295764093977
JBGS,1689796,2024-02-20,0001558370-24-001366,jbgs-20231231x10k.htm,96699,1.86144634380914,10.341368576717445,-8.479922232908303
JBHT,728535,2024-02-23,0001437749-24-005368,jbht20231231_10k.htm,29010,0.0,1.034126163391934,-1.034126163391934
JBL,898293,2024-10-28,0001628280-24-043960,jbl-20240831.htm,55109,1.270209947558475,2.086773485274638,-0.8165635377161625
JBLU,1158463,2024-02-12,0001158463-24-000006,jblu-20231231.htm,72696,10.798393309122924,9.766699680862772,1.031693628260152
JBTM,1433660,2024-02-23,0001433660-24-000008,jbt-20231231.htm,52645,0.0,2.754297654098205,-2.754297654098205
JCI,833444,2024-11-19,0000833444-24-000064,jci-20240930.htm,73167,2.015936146076783,1.6400836442658575,0.3758525018109256
JJSF,785956,2024-11-26,0001437749-24-036279,jjsf20240928_10k.htm,34845,0.8609556607834696,0.7174630506528913,0.1434926101305782
JKHY,779152,2024-08-26,0000779152-24-000079,jkhy-20240630.htm,36034,0.0,0.6937891990897485,-0.6937891990897485
JLL,1037976,2024-02-27,0001037976-24-000010,jll-20231231.htm,61237,1.9595995884840864,11.104397668076489,-9.144798079592404
JNJ,200406,2024-02-16,0000200406-24-000013,jnj-20231231.htm,69123,3.906080465257584,1.012687528029744,2.8933929372278397
JOE,745308,2024-02-21,0001558370-24-001435,joe-20231231x10k.htm,78688,0.5718788125254168,3.876067507116714,-3.3041886945912973
KAI,886346,2024-02-27,0000886346-24-000026,kai-20231230.htm,50699,1.1834552949762325,3.451744610347344,-2.2682893153711117
KALU,811596,2024-02-23,0000950170-24-018958,kalu-20231231.htm,55405,0.9475679090334808,1.0829347531811209,-0.1353668441476401
KAR,1395942,2024-02-21,0001395942-24-000010,kar-20231231.htm,66084,0.0,2.2698383875068098,-2.2698383875068098
KBH,795266,2024-01-19,0000795266-24-000008,kbh-20231130.htm,70776,6.499378320334576,3.461625409743416,3.0377529105911605
KBR,1357615,2024-02-20,0001357615-24-000016,kbr-20231229.htm,79149,7.264779087543747,4.422039444591846,2.842739642951901
KDP,1418135,2024-02-22,0001418135-24-000007,kdp-20231231.htm,59876,1.002070946623021,2.755695103213308,-1.7536241565902868
KEX,56047,2024-02-20,0000950170-24-016786,kex-20231231.htm,53666,5.823053702530466,3.913092088100474,1.909961614429993
KEY,91576,2024-02-22,0000091576-24-000040,key-20231231.htm,115941,0.1293761482133154,2.587522964266308,-2.4581468160529925
KEYS,1601046,2024-12-17,0001601046-24-000159,keys-20241031.htm,68100,2.790014684287812,0.8076358296622614,1.9823788546255507
KFY,56679,2024-06-28,0001628280-24-030470,kfy-20240430.htm,64502,0.0,2.6355771914049178,-2.6355771914049178
KHC,1637459,2024-02-15,0001637459-24-000018,khc-20231230.htm,78009,0.0,2.115140560704534,-2.115140560704534
KIM,879101,2024-02-26,0001437749-24-005407,kim20231231_10k.htm,91006,0.6867679054128298,5.054611783838428,-4.367843878425598
KKR,1404912,2024-02-29,0001404912-24-000005,kkr-20231231.htm,262887,2.6247018681030254,2.8339172344010928,-0.2092153662980672
KLAC,319201,2024-08-05,0000319201-24-000021,klac-20240630.htm,74560,2.883583690987124,6.3707081545064375,-3.4871244635193133
KLIC,56978,2024-11-14,0000056978-24-000148,klic-20240928.htm,49332,4.662288169950539,8.919159977296683,-4.256871807346145
KMB,55785,2024-02-08,0000055785-24-000018,kmb-20231231.htm,43652,0.0,2.51993035828828,-2.51993035828828
KMI,1506307,2024-02-20,0001506307-24-000011,kmi-20231231.htm,78940,3.8003546997719786,1.77349885989359,2.0268558398783885
KMPR,860748,2024-02-07,0000860748-24-000046,kmpr-20231231.htm,91142,1.0971890017774462,0.2194378003554892,0.877751201421957
KMT,55242,2024-08-12,0000055242-24-000055,kmt-20240630.htm,45092,1.3306129690410715,2.882994766255655,-1.5523817972145837
KMX,1170010,2024-04-15,0001170010-24-000034,kmx-20240229.htm,51685,0.4836993324949212,5.223952790945149,-4.740253458450227
KN,1587523,2024-02-21,0001587523-24-000017,kn-20231231.htm,52191,3.065662662144814,2.586652871184687,0.4790097909601272
KNSA,1730430,2024-02-28,0001558370-24-002005,knsa-20231231x10k.htm,117511,0.8509841631847231,2.382755656917225,-1.5317714937325015
KNSL,1669162,2024-02-23,0001669162-24-000006,knsl-20231231.htm,59452,0.2523043800040369,0.672811680010765,-0.4205073000067281
KNTK,1692787,2024-03-05,0001692787-24-000011,apa-20231231.htm,62387,3.12565117732861,6.812316668536714,-3.686665491208104
KNX,1492691,2024-02-22,0001492691-24-000015,knx-20231231.htm,76839,3.416233943700465,2.7980582776975234,0.6181756660029413
KO,21344,2024-02-20,0000021344-24-000009,ko-20231231.htm,96648,0.6208095356344674,1.914162734872941,-1.2933531992384737
KR,56873,2024-04-02,0001558370-24-004603,kr-20240203x10k.htm,63868,0.7045781925220769,3.0531721675956662,-2.3485939750735896
KRC,1025996,2024-02-09,0001025996-24-000094,krc-20231231.htm,91234,0.4932371703531578,2.24696933160883,-1.7537321612556722
KRG,1286043,2024-02-20,0001286043-24-000018,krg-20231231.htm,70844,0.4940432499576535,3.670035571113997,-3.1759923211563437
KRP,1657788,2024-11-08,0001558370-24-015071,krp-20231231x10ka.htm,30625,0.3265306122448979,1.9591836734693877,-1.6326530612244896
KRYS,1711279,2024-02-26,0001711279-24-000005,krys-20231231.htm,80883,1.854530618300508,3.6472435493243327,-1.7927129310238246
KTOS,1069258,2024-02-13,0001069258-24-000007,ktos-20231231.htm,72662,0.1376235171066031,0.4816823098731111,-0.3440587927665079
KW,1408100,2024-03-29,0001408100-24-000071,kw-20231231.htm,14825,0.0,2.69814502529511,-2.69814502529511
KWR,81362,2024-03-14,0000081362-24-000024,kwr-20231231.htm,16421,5.4807867973935815,1.522440777053773,3.9583460203398086
L,60086,2024-02-06,0000060086-24-000029,l-20231231.htm,95470,1.5188017178171151,2.2520163402115845,-0.7332146223944694
LAD,1023128,2024-02-23,0001023128-24-000032,lad-20231231.htm,49134,3.0528758090120895,0.7123376887694876,2.340538120242602
LADR,1577670,2024-02-12,0001577670-24-000006,ladr-20231231.htm,104036,0.0961205736475835,2.73943634895613,-2.643315775308547
LAMR,1090425,2024-02-23,0001628280-24-006537,lamr-20231231.htm,68184,1.9066056552856976,6.526457820016426,-4.6198521647307285
LASR,1124796,2024-02-26,0001124796-24-000018,lasr-20231231.htm,35857,1.6733134394957747,0.2788855732492958,1.394427866246479
LAUR,912766,2024-02-22,0001628280-24-006141,laur-20231231.htm,62395,0.8013462617196891,3.68619280391057,-2.8848465421908807
LAZ,1311370,2024-02-23,0001628280-24-006659,laz-20231231.htm,71942,0.4170025854160295,4.3785271468683105,-3.961524561452281
LBRDA,1611983,2024-02-16,0001558370-24-001302,lbrda-20231231x10k.htm,83910,2.621856751281135,0.5958765343820761,2.025980216899059
LBRT,1694028,2024-02-09,0001694028-24-000006,lbrt-20231231.htm,55074,3.9946254130805823,4.448560119112466,-0.4539347060318843
LCII,763744,2024-02-23,0000763744-24-000023,lcii-20231231.htm,41768,0.0,1.3167975483623826,-1.3167975483623826
LEA,842162,2024-02-08,0000842162-24-000008,lear-20231231.htm,68236,10.624890087343925,1.172401664810364,9.45248842253356
LECO,59527,2024-02-27,0000059527-24-000008,leco-20231231x10k.htm,46555,0.0,1.718397594243368,-1.718397594243368
LEN,920760,2024-04-25,0001628280-24-018177,len-20231130.htm,2638,0.0,3.790750568612585,-3.790750568612585
LEU,1065059,2024-02-09,0001065059-24-000013,leu-20231231.htm,77618,1.2883609472029685,0.4509263315210389,0.8374346156819295
LFUS,889331,2024-02-16,0000889331-24-000034,lfus-20231230.htm,58165,7.69363018997679,1.977134015301298,5.716496174675492
LGIH,1580670,2024-02-20,0001580670-24-000012,lgih-20231231.htm,52103,1.1515651689921886,2.495057866149742,-1.3434926971575534
LGND,886163,2024-02-29,0000886163-24-000009,lgnd-20231231.htm,68413,1.4251677312791429,1.2424539195766886,0.1827138117024542
LH,920148,2024-02-26,0000920148-24-000014,lh-20231231.htm,79740,0.0,4.326561324303988,-4.326561324303988
LHX,202058,2024-02-20,0000202058-24-000029,hrs-20231229.htm,75802,1.4511490461993088,0.1319226405635735,1.3192264056357352
LII,1069202,2024-02-13,0001628280-24-004446,lii-20231231.htm,44193,0.4525603602380467,2.489081981309257,-2.0365216210712105
LILA,1712184,2024-02-22,0001712184-24-000030,lila-20231231.htm,94591,2.9601124842744024,0.8457464240784007,2.114366060196002
LIN,1707925,2024-02-28,0001628280-24-007424,lin-20231231.htm,56032,3.5247715591090807,0.356938892061679,3.1678326670474015
LITE,1633978,2024-08-21,0001628280-24-038024,lite-20240629.htm,81059,4.194475628862927,1.110302372346069,3.0841732565168583
LIVN,1639691,2024-02-29,0001639691-24-000021,livn-20231231.htm,66319,2.864940665570953,1.5832566836050002,1.2816839819659525
LKFN,721994,2024-02-21,0000721994-24-000013,lkfn-20231231.htm,74581,0.0,2.346442123328998,-2.346442123328998
LKQ,1065696,2024-02-22,0001065696-24-000009,lkq-20231231.htm,67615,2.366338830141241,1.1092213266287068,1.2571175035125342
LMAT,1158895,2024-02-29,0001437749-24-006037,lmat20231231_10k.htm,49637,1.5109696395833752,1.0073130930555836,0.5036565465277918
LMB,1606163,2024-03-13,0001628280-24-010995,lmb-20231231.htm,75839,1.6482284840253696,4.285394058465961,-2.6371655744405915
LMT,936468,2024-01-23,0000936468-24-000010,lmt-20231231.htm,71522,0.0,1.468079751684796,-1.468079751684796
LNC,59558,2024-02-22,0000059558-24-000013,lnc-20231231.htm,140067,6.711073986020976,1.3564936780255163,5.354580307995459
LNG,3570,2024-02-22,0000003570-24-000040,lng-20231231.htm,64972,2.193252477990519,1.8469494551499104,0.3463030228406082
LNN,836157,2024-10-24,0000950170-24-117056,lnn-20240831.htm,37118,0.8082332022199472,1.6164664044398944,-0.8082332022199472
LNT,352541,2024-02-16,0000352541-24-000014,lnt-20231231.htm,79707,83.43056444226981,2.7601088988420086,80.67045554342779
LNTH,1521036,2024-02-22,0001628280-24-006158,lnth-20231231.htm,83866,1.0731404860134024,1.0731404860134024,0.0
LNW,750004,2024-02-27,0000750004-24-000015,lnw-20231231.htm,78854,0.5072665939584549,6.594465721459914,-6.087199127501458
LOB,1462120,2024-02-22,0001462120-24-000014,lob-20231231.htm,85367,4.15851558564785,2.049972471798236,2.108543113849614
LOPE,1434588,2024-02-13,0001558370-24-001060,lope-20231231x10k.htm,60576,1.9809825673534072,0.7428684627575277,1.2381141045958797
LOW,60667,2024-03-25,0000060667-24-000033,low-20240202.htm,45609,4.933236861145827,2.082922230261571,2.850314630884255
LPG,1596993,2024-05-29,0001596993-24-000030,lpg-20240331x10k.htm,87786,2.164354225047274,5.240015492219716,-3.075661267172442
LPLA,1397911,2024-02-21,0001397911-24-000011,lpla-20231231.htm,67637,1.8111388736933929,1.552404748880051,0.2587341248133418
LPX,60519,2024-02-14,0001628280-24-004714,lpx-20231231.htm,46238,0.9732254855313812,6.812578398719668,-5.839352913188287
LRCX,707549,2024-08-29,0000707549-24-000106,lrcx-20240630.htm,52437,3.6233956938802754,2.383812956500181,1.2395827373800945
LRN,1157408,2024-08-07,0001558370-24-011134,lrn-20240630x10k.htm,64322,0.0,2.0988153353440504,-2.0988153353440504
LSTR,853816,2024-02-26,0001193125-24-044902,d16653d10k.htm,44314,2.707947826871869,0.5641557972649727,2.1437920296068964
LTC,887905,2024-02-15,0001558370-24-001256,ltc-20231231x10k.htm,71363,0.350321595224416,1.4713506999425474,-1.121029104718131
LULU,1397187,2024-03-21,0001397187-24-000010,lulu-20240128.htm,48697,0.5133786475552908,4.004353450931269,-3.4909748033759778
LUMN,18926,2024-02-22,0000018926-24-000016,lumn-20231231.htm,84208,0.7125213756412693,1.840680220406612,-1.128158844765343
LUV,92380,2024-02-06,0000092380-24-000027,luv-20231231.htm,87551,7.99533985905358,2.627040239403319,5.368299619650261
LVS,1300514,2024-02-07,0001300514-24-000048,lvs-20231231.htm,87412,0.6864046126389969,1.8304123003706585,-1.1440076877316616
LW,1679273,2024-07-24,0001679273-24-000036,lw-20240526.htm,49770,0.2009242515571629,0.4018485031143259,-0.2009242515571629
LXP,910108,2024-02-15,0001444838-24-000053,lxp-20231231.htm,55675,0.1796138302649304,9.339919173776382,-9.160305343511451
LYB,1489393,2024-02-22,0001489393-24-000012,lyb-20231231.htm,67117,6.4067225889119,1.9369161315315049,4.469806457380396
LYV,1335258,2024-02-22,0001335258-24-000017,lyv-20231231.htm,62435,0.6406662929446625,1.4414991591254906,-0.8008328661808282
LZB,57131,2024-06-17,0000057131-24-000028,lzb-20240427.htm,43817,0.0,4.33621653696054,-4.33621653696054
M,794367,2024-03-22,0001628280-24-012734,m-20240203.htm,48433,0.3097061920591332,4.645592880886999,-4.335886688827865
MA,1141391,2024-02-13,0001141391-24-000022,ma-20231231.htm,71629,0.4188247776738472,5.723938628209245,-5.305113850535397
MAA,912595,2024-02-09,0000950170-24-013275,maa-20231231.htm,70657,0.0,1.9814031164640449,-1.9814031164640449
MAC,912242,2024-02-26,0000912242-24-000026,mac-20231231.htm,62004,0.4031997935617057,0.6451196696987291,-0.2419198761370234
MAN,871763,2024-02-16,0000950170-24-016399,man-20231231.htm,57473,1.130965844831486,2.348929062342317,-1.2179632175108313
MANH,1056696,2024-02-06,0000950170-24-011411,manh-20231231.htm,40263,0.6209174676502,6.457541663562079,-5.836624195911879
MAR,1048286,2024-02-13,0001628280-24-004372,mar-20231231.htm,43345,1.0381820279155614,0.6921213519437075,0.3460606759718537
MARA,1507605,2024-05-24,0001628280-24-025261,mara-20231231.htm,24864,1.0054697554697554,0.4021879021879022,0.6032818532818532
MAS,62996,2024-02-08,0000062996-24-000006,mas-20231231.htm,40166,1.8672509087287756,1.4938007269830205,0.3734501817457551
MASI,937556,2024-04-29,0000937556-24-000027,masi-20231230.htm,34924,0.0,2.8633604398121637,-2.8633604398121637
MAT,63276,2024-03-15,0001628280-24-011371,mat-20231231.htm,60670,0.247239162683369,1.3186088676446348,-1.0713697049612658
MATX,3453,2024-02-23,0001558370-24-001570,matx-20231231x10k.htm,55742,0.8072907323023932,2.4218721969071795,-1.6145814646047865
MBIN,1629019,2024-03-12,0001558370-24-003005,mbin-20231231x10k.htm,89344,0.3917442693409742,1.2311962750716332,-0.839452005730659
MC,1596967,2024-02-22,0000950170-24-018791,mc-20231231.htm,45147,0.2214986599331074,1.2182426296320907,-0.9967439696989834
MCD,63908,2024-02-22,0000063908-24-000072,mcd-20231231.htm,42260,0.0,4.022716516800758,-4.022716516800758
MCHP,827054,2024-05-23,0000827054-24-000098,mchp-20240331.htm,67785,1.7703031644169065,2.950505274028177,-1.180202109611271
MCK,927653,2024-05-08,0000927653-24-000035,mck-20240331.htm,77913,3.2728812906703633,0.834263858406171,2.4386174322641923
MCO,1059556,2024-02-14,0001059556-24-000017,mco-20231231.htm,70691,2.6877537451726528,8.982755937813867,-6.295002192641213
MCRI,907242,2024-02-28,0001558370-24-002025,mcri-20231231x10k.htm,42409,0.0,1.4147940295691952,-1.4147940295691952
MCY,64996,2024-02-13,0000064996-24-000002,mcy-20231231.htm,64771,0.1543900819811335,2.3930462707075697,-2.238656188726436
MD,893949,2024-02-20,0000950170-24-016794,md-20231231.htm,61348,0.2445067483862554,0.0,0.2445067483862554
MDB,1441816,2024-03-15,0001441816-24-000049,mdb-20240131.htm,71143,0.632528850343674,2.6003963847462153,-1.9678675344025416
MDGL,1157601,2024-02-28,0001628280-24-007376,mdgl-20231231.htm,62086,2.899204329478465,0.161066907193248,2.738137422285217
MDLZ,1103982,2024-02-02,0001103982-24-000019,mdlz-20231231.htm,74516,0.9393955660529284,8.25326104460787,-7.313865478554942
MDT,1613103,2024-06-20,0001613103-24-000072,mdt-20240426.htm,74880,1.4022435897435896,1.8028846153846152,-0.4006410256410256
MDU,67716,2024-02-22,0000067716-24-000017,mdu-20231231.htm,83578,10.469262246045613,1.734906315058987,8.734355930986624
MEDP,1668397,2024-02-13,0001668397-24-000013,medp-20231231.htm,48831,0.61436382625791,0.4095758841719399,0.2047879420859699
MELI,1099590,2024-02-23,0001099590-24-000008,meli-20231231.htm,92781,0.2694517196408747,2.209504101055173,-1.940052381414298
METC,1687187,2024-03-14,0001558370-24-003256,metc-20231231x10k.htm,83682,3.405750340575034,1.912000191200019,1.493750149375015
MFA,1055160,2024-02-22,0001055160-24-000005,mfa-20231231.htm,97611,0.4097898802389075,5.788282058374568,-5.3784921781356605
MGEE,1161728,2024-02-21,0000950170-24-017706,mgee-20231231.htm,66411,62.41435906702203,0.9034647874599088,61.51089427956212
MGNI,1595974,2024-02-28,0001595974-24-000014,mgni-20231231.htm,74482,0.604172820278725,1.7453881474718722,-1.141215327193147
MGRC,752714,2024-04-16,0001193125-24-096607,d814655d10ka.htm,28159,0.0,6.037146205476047,-6.037146205476047
MGY,1698990,2024-02-15,0001698990-24-000011,mgy-20231231.htm,50034,6.795379142183315,2.0985729703801415,4.696806171803174
MHK,851968,2024-02-23,0000851968-24-000027,mhk-20231231.htm,44974,1.2229288033085783,1.0005781117979278,0.2223506915106506
MHO,799292,2024-02-16,0000799292-24-000014,mho-20231231.htm,55673,1.4369622617786,3.23316508900185,-1.79620282722325
MIDD,769520,2024-02-28,0000769520-24-000004,midd-20231230.htm,50814,4.083520289683945,0.4919903963474633,3.591529893336482
MKL,1096343,2024-02-23,0001096343-24-000025,mkl-20231231.htm,83105,1.7447806991155763,1.5041212923410143,0.2406594067745623
MKSI,1049502,2024-02-27,0000950170-24-021071,mksi-20231231.htm,75431,1.0605719134043032,0.1325714891755379,0.9280004242287654
MKTX,1278021,2024-02-22,0000950170-24-018935,mktx-20231231.htm,61685,1.215854745886358,4.863418983545432,-3.6475642376590742
MLI,89439,2024-02-28,0000089439-24-000015,mli-20231230.htm,42057,0.9510901871269944,0.2377725467817485,0.7133176403452457
MLKN,66382,2024-07-30,0000066382-24-000053,mlkn-20240601.htm,54296,0.1841756298806542,0.920878149403271,-0.7367025195226168
MLM,916076,2024-02-23,0000950170-24-019275,mlm-20231231.htm,71066,1.688571187346973,1.125714124897982,0.562857062448991
MMC,62709,2024-02-12,0000062709-24-000016,mmc-20231231.htm,75520,1.5227754237288136,7.48146186440678,-5.958686440677966
MMI,1578732,2024-02-28,0001578732-24-000020,a2023form10-ka.htm,2256,0.0,0.0,0.0
MMM,66740,2024-02-07,0000066740-24-000016,mmm-20231231.htm,81304,0.7994686608284954,0.2459903571779986,0.5534783036504969
MMS,1032220,2024-11-21,0001032220-24-000094,mms-20240930.htm,44646,0.0,1.34390538906061,-1.34390538906061
MMSI,856982,2024-02-28,0000856982-24-000015,mmsi-20231231x10k.htm,63035,0.1586420242722297,3.014198461172364,-2.8555564369001347
MNKD,899460,2024-02-27,0000950170-24-021423,mnkd-20231231.htm,81078,1.4183872320481512,0.3700140605343003,1.048373171513851
MNST,865752,2024-02-29,0001104659-24-029425,mnst-20231231x10k.htm,71322,0.2103137881719525,0.8412551526878103,-0.6309413645158577
MO,764180,2024-06-05,0000764180-24-000079,mo-20231231.htm,1263,0.0,0.0,0.0
MOD,67347,2024-05-22,0001140361-24-027133,ef20026276_10k.htm,58637,9.294472773163704,2.7286525572590685,6.565820215904633
MODG,837465,2024-02-29,0000837465-24-000016,ely-20231231.htm,80685,0.0,4.461795872838818,-4.461795872838818
MOH,1179929,2024-02-13,0001179929-24-000033,moh-20231231.htm,55398,0.5415357955160837,0.2707678977580418,0.2707678977580418
MOS,1285785,2024-02-22,0001618034-24-000004,mos-20231231.htm,99292,0.906417435442936,1.611408774120775,-0.704991338677839
MPC,1510295,2024-02-28,0001510295-24-000015,mpc-20231231.htm,79249,16.719453873234993,4.227182677383941,12.49227119585105
MPLX,1552000,2024-02-28,0001552000-24-000007,mplx-20231231.htm,99315,1.4096561445904443,3.675174948396516,-2.2655188038060716
MPW,1287865,2024-02-29,0000950170-24-023248,mpw-20231231.htm,88419,0.961331840441534,4.80665920220767,-3.845327361766136
MRC,1439095,2024-02-16,0001437749-24-004511,mrc20231231_10k.htm,48959,8.57860658918687,2.6552829918911742,5.923323597295696
MRCY,1049521,2024-08-13,0001049521-24-000029,mrcy-20240628.htm,59827,0.0,3.2593979307001857,-3.2593979307001857
MRK,310158,2024-04-11,0001193125-24-093194,d807955d10ka.htm,4682,0.0,0.0,0.0
MSA,66570,2024-02-16,0000066570-24-000008,msa-20231231.htm,46349,0.2157543852078793,3.4520701633260695,-3.23631577811819
MSEX,66004,2024-03-01,0001174947-24-000281,msex-20231231.htm,44638,0.8400914019445316,1.008109682333438,-0.1680182803889063
MSGS,1636519,2024-08-13,0001636519-24-000015,msgs-20240630.htm,62690,0.4785452225235285,3.19030148349019,-2.7117562609666614
MSI,68505,2024-02-15,0000068505-24-000008,msi-20231231.htm,73097,1.0260339001600611,2.5992858804054886,-1.5732519802454272
MSM,1003078,2024-10-24,0001003078-24-000107,msm-20240831.htm,46566,0.4294979169351028,1.0737447923377572,-0.6442468754026542
MSTR,1050446,2024-02-15,0000950170-24-015847,mstr-20231231.htm,84007,0.5951884961967455,0.2380753984786982,0.3571130977180473
MTCH,891103,2024-02-23,0000891103-24-000014,mtch-20231231.htm,56808,0.0,1.408252358822701,-1.408252358822701
MTD,1037646,2024-02-09,0001037646-24-000007,mtd-20231231.htm,50856,3.9818310523832,0.0,3.9818310523832
MTDR,1520006,2024-02-27,0001520006-24-000078,mtdr-20231231.htm,110216,5.942875807505263,3.901429919430936,2.041445888074327
MTG,876437,2024-02-21,0000876437-24-000024,mtg-20231231.htm,79775,1.3788780946411785,2.319022250078345,-0.940144155437167
MTH,833079,2024-02-14,0000833079-24-000015,mth-20231231.htm,45693,2.5167968835489023,4.924167815639157,-2.4073709320902545
MTN,812011,2024-09-26,0000812011-24-000091,mtn-20240731.htm,72303,1.313915051934221,2.627830103868442,-1.313915051934221
MTRN,1104657,2024-02-15,0001104657-24-000019,mtrn-20231231.htm,48247,2.901734822890542,2.0726677306361014,0.8290670922544406
MTSI,1493594,2024-11-12,0001493594-24-000060,mtsi-20240927.htm,53068,2.2612497173437855,0.2826562146679732,1.978593502675812
MTX,891014,2024-02-16,0000891014-24-000014,form10k.htm,56681,0.2646389442670383,1.2349817399128455,-0.9703427956458072
MTZ,15615,2024-03-01,0000015615-24-000021,mtz-20231231.htm,95716,16.402691295081283,2.611893518325045,13.790797776756238
MU,723125,2024-10-04,0000723125-24-000027,mu-20240829.htm,52499,0.7619192746528505,1.523838549305701,-0.7619192746528505
MUR,717423,2024-02-23,0000717423-24-000008,mur-20231231.htm,63541,2.911505956783809,4.32791426008404,-1.4164083033002317
MUSA,1573516,2024-02-16,0001573516-24-000007,musa-20231231.htm,51347,5.7452236742166045,0.6816367071104447,5.06358696710616
MVST,1760689,2024-04-01,0001760689-24-000007,mvst-20231231.htm,88251,89.71569727255215,0.7931921451314999,88.92250512742065
MWA,1350593,2024-11-20,0001350593-24-000079,mwa-20240930.htm,51128,0.0,1.3691128148959473,-1.3691128148959473
MXL,1288469,2024-01-31,0001288469-24-000015,mxl-20231231.htm,79089,0.3793195008155369,0.5689792512233054,-0.1896597504077684
MYRG,700923,2024-02-28,0000700923-24-000008,myrg-20231231.htm,55686,3.995618288259167,0.0,3.995618288259167
MZTI,57515,2024-08-22,0000057515-24-000020,lanc-20240630.htm,37706,0.0,3.447727152177372,-3.447727152177372
NAVI,1593538,2024-02-26,0000950170-24-020149,navi-20231231.htm,85956,1.2215552142956865,0.581692959188422,0.6398622551072642
NBHC,1475841,2024-02-27,0001558370-24-001838,nbhc-20231231x10k.htm,97296,0.0,1.64446637066272,-1.64446637066272
NBIX,914475,2024-02-09,0000914475-24-000054,nbix-20231231.htm,58404,4.366139305527018,0.7704951715635915,3.595644133963427
NBTB,790359,2024-02-29,0001140361-24-010464,ef20014996_10k.htm,74826,5.178681207067062,1.0023253949162056,4.176355812150857
NCLH,1513761,2024-02-28,0001558370-24-001935,nclh-20231231x10k.htm,76865,1.8864242503089832,2.7320627073440447,-0.8456384570350615
NDAQ,1120193,2024-02-21,0001120193-24-000006,ndaq-20231231.htm,80436,3.574270227261425,11.62414839126759,-8.049878164006167
NDSN,72331,2024-12-18,0000072331-24-000177,ndsn-20241031.htm,46499,0.9677627475859696,3.8710509903438783,-2.9032882427579088
NEE,753308,2024-02-16,0000753308-24-000008,nee-20231231.htm,85922,72.88587323386326,0.8146923954284118,72.07118083843486
NEM,1164727,2024-02-29,0001164727-24-000016,nem-20231231.htm,151680,3.181039029535865,4.746835443037975,-1.5657964135021096
NEO,1077183,2024-02-20,0001077183-24-000011,neo-20231231.htm,62593,0.0,1.4378604636301182,-1.4378604636301182
NEOG,711377,2024-07-30,0000950170-24-087670,neog-20240531.htm,46232,0.0,2.163003979927323,-2.163003979927323
NEU,1282637,2024-02-15,0001282637-24-000005,neu-20231231.htm,41220,3.6390101892285296,0.363901018922853,3.2751091703056767
NEXT,1612720,2024-03-11,0001628280-24-010236,next-20231231.htm,45203,45.516890471871335,4.535097228060084,40.981793243811246
NFG,70145,2024-11-22,0000070145-24-000036,nfg-20240930.htm,74178,2.9658389279840387,1.752541184717841,1.2132977432661975
NG,1173420,2024-01-24,0001171843-24-000389,ng20231130_10k.htm,47897,0.8351253731966511,1.4614694030941395,-0.6263440298974884
NGVT,1653477,2024-02-22,0001653477-24-000009,ngvt-20231231.htm,61689,1.4589310898215242,1.2968276353969104,0.1621034544246138
NHC,1047335,2024-02-16,0001437749-24-004619,nhc20231231_10k.htm,46739,0.3209311281798925,1.3907015554462012,-1.0697704272663089
NHI,877860,2024-02-26,0000877860-24-000025,nhi-20231231.htm,1058,0.0,9.45179584120983,-9.45179584120983
NI,1111711,2024-02-21,0001111711-24-000011,nix-20231231.htm,77076,39.538896673413255,1.62177590949193,37.917120763921325
NIC,1174850,2024-02-28,0001174850-24-000010,nic-20231231.htm,70300,0.2844950213371266,0.7112375533428166,-0.4267425320056899
NJR,356309,2024-11-26,0000356309-24-000083,njr-20240930.htm,81752,32.690331735003426,0.550445249045895,32.13988648595753
NKE,320187,2024-07-25,0000320187-24-000044,nke-20240531.htm,60217,0.4151651526977432,1.4115615191723268,-0.9963963664745836
NLY,1043219,2024-02-15,0001628280-24-005115,nly-20231231.htm,89282,0.0,5.768239958782285,-5.768239958782285
NMIH,1547903,2024-02-15,0001547903-24-000035,nmih-20231231.htm,88686,2.5934194799630155,1.0711950025934194,1.522224477369596
NMRK,1690680,2024-04-26,0001193125-24-118074,d766996d10ka.htm,65406,0.7644558603186252,10.090817356205854,-9.326361495887229
NNI,1258602,2024-02-27,0001258602-24-000024,nni-20231231.htm,106000,26.34433962264151,1.69811320754717,24.64622641509434
NNN,751364,2024-02-08,0000950170-24-012540,nnn-20231231.htm,43308,0.2309042209291585,3.1172069825436406,-2.8863027616144823
NOC,1133421,2024-01-25,0001133421-24-000006,noc-20231231.htm,60171,0.9971580994166624,1.246447624270828,-0.2492895248541656
NOG,1104485,2024-02-23,0001104485-24-000045,nog-20231231.htm,79260,7.065354529396921,3.532677264698461,3.532677264698461
NOV,1021860,2024-02-14,0000950170-24-015145,nov-20231231.htm,50257,21.688521002049463,3.084147481942814,18.604373520106652
NOVT,1076930,2024-02-28,0000950170-24-021689,novt-20231231.htm,62027,0.0,2.095861479678205,-2.095861479678205
NPKI,71829,2024-02-23,0000071829-24-000009,nr-20231231.htm,45498,5.2200096707547585,2.41768868961273,2.8023209811420284
NPO,1164863,2024-02-27,0001164863-24-000015,npo-20231231.htm,56203,0.0,0.8896322260377559,-0.8896322260377559
NRG,1013871,2024-02-28,0001013871-24-000005,nrg-20231231.htm,101107,18.544710059639787,1.285766564135025,17.258943495504763
NSA,1618563,2024-02-28,0001628280-24-007624,nsa-20231231.htm,67508,1.4072406233335308,0.8887835515790721,0.5184570717544588
NSIT,932696,2024-02-22,0001628280-24-006391,nsit-20231231.htm,51672,0.0,1.741755689735253,-1.741755689735253
NSP,1000753,2024-02-09,0001000753-24-000012,nsp-20231231.htm,45725,0.2186987424822307,0.6560962274466922,-0.4373974849644614
NSSC,69633,2024-08-29,0001558370-24-012547,nssc-20240630x10k.htm,38044,0.0,0.0,0.0
NTAP,1002047,2024-06-10,0000950170-24-071327,ntap-20240426.htm,57444,0.7833716315019845,5.6576840052921105,-4.874312373790126
NTCT,1078075,2024-05-16,0001628280-24-023777,ntct-20240331.htm,60187,0.0,7.39362320766943,-7.39362320766943
NTLA,1652130,2024-02-22,0000950170-24-018736,ntla-20231231.htm,94512,1.1109700355510412,0.4761300152361605,0.6348400203148806
NTNX,1618732,2024-09-19,0000950170-24-108159,ntnx-20240731.htm,72377,0.2072481589455213,3.868632300316399,-3.6613841413708776
NUE,73309,2024-02-27,0000950170-24-021195,nue-20231231.htm,51667,7.596725182418179,1.45160353804169,6.145121644376488
NVAX,1000694,2024-02-28,0001000694-24-000007,nvax-20231231.htm,94691,1.0560665744368525,0.4752299584965836,0.5808366159402689
NVCR,1645113,2024-02-22,0001645113-24-000006,nvcr-20231231.htm,66194,2.6437441459951057,0.2266066410852947,2.4171375049098107
NVR,906163,2024-02-14,0000906163-24-000033,nvr-20231231.htm,36491,0.0,1.233180784302979,-1.233180784302979
NVRI,45876,2024-02-29,0000045876-24-000010,nvri-20231231.htm,67516,0.6665086794241365,3.1844303572486523,-2.517921677824516
NVT,1720635,2024-02-20,0001720635-24-000012,nvt-20231231.htm,50783,0.1969162908847448,5.021365417560994,-4.8244491266762495
NWBI,1471265,2024-02-23,0001471265-24-000009,nwbi-20231231.htm,85665,0.5253020486779898,0.9338703087608708,-0.408568260082881
NWL,814453,2024-02-21,0000814453-24-000017,nwl-20231231.htm,67341,0.0,2.004722234597051,-2.004722234597051
NWN,1733998,2024-02-23,0001733998-24-000011,nwn-20231231.htm,96355,11.935031913237507,2.4388978257485343,9.496134087488974
NXRT,1620393,2024-02-27,0000950170-24-021143,nxrt-20231231.htm,79637,0.1255697728442809,0.690633750643545,-0.5650639777992641
NYT,71691,2024-02-20,0000071691-24-000030,nyt-20231231.htm,64637,0.2320652257994647,2.784782709593576,-2.552717483794112
O,726728,2024-02-21,0000726728-24-000047,o-20231231.htm,68136,0.0,0.7338264647176236,-0.7338264647176236
OBK,1516912,2024-02-28,0001516912-24-000027,obnk-20231231.htm,89559,0.1674873547047198,2.5681394388057037,-2.4006520841009835
OCFC,1004702,2024-02-23,0001004702-24-000011,ocfc-20231231.htm,70300,0.9601706970128024,1.2802275960170697,-0.3200568990042674
OCUL,1393434,2024-03-11,0001558370-24-002902,ocul-20231231x10k.htm,117610,2.168182977637956,1.6580222770172606,0.5101607006206955
ODFL,878927,2024-02-26,0000950170-24-020176,odfl-20231231.htm,33278,2.55424003846385,2.55424003846385,0.0
OFG,1030469,2024-02-26,0001030469-24-000007,ofg-20231231.htm,88167,0.2835528032030124,1.5311851372962673,-1.247632334093255
OGE,1021635,2024-02-21,0000950170-24-017400,oge-20231231.htm,66577,18.54994968232273,2.253030325788185,16.29691935653454
OGS,1587732,2024-02-22,0001587732-24-000013,ogs-20231231.htm,47132,1.166935415429008,1.0608503776627345,0.1060850377662734
OHI,888491,2024-02-12,0000888491-24-000007,ohi-20231231x10k.htm,97493,0.1538572000041028,1.7437149333798323,-1.5898577333757296
OI,812074,2024-02-14,0001558370-24-001165,oi-20231231x10k.htm,67401,1.7432975771872818,7.789201940624026,-6.045904363436744
OII,73756,2024-02-23,0000073756-24-000008,oii-20231231.htm,47565,5.255965520866184,2.3126248291811207,2.943340691685062
OKE,1039684,2024-02-27,0001039684-24-000015,oke-20231231.htm,74010,6.080259424402107,4.99932441561951,1.0809350087825969
OKTA,1660134,2024-03-01,0001660134-24-000025,okta-20240131.htm,64791,1.157568180765847,4.861786359216557,-3.70421817845071
OLED,1005284,2024-02-22,0000950170-24-018765,oled-20231231.htm,48987,0.8165431645130341,0.408271582256517,0.408271582256517
OLLI,1639300,2024-03-27,0001140361-24-015681,ef20015294_10k.htm,45283,0.0,2.9812512421880175,-2.9812512421880175
OLN,74303,2024-02-22,0000074303-24-000041,oln-20231231.htm,60586,1.485491697751956,4.208893143630541,-2.7234014458785856
OMC,29989,2024-02-07,0000029989-24-000007,omc-20231231.htm,46056,1.8455792947715823,1.6284523189161022,0.2171269758554803
OMCL,926326,2024-02-28,0000926326-24-000008,omcl-20231231.htm,73417,0.5448329405995886,2.1793317623983546,-1.634498821798766
OMF,1584207,2024-02-13,0001584207-24-000005,omf-20231231.htm,65997,0.0,0.7576101944027759,-0.7576101944027759
ON,1097864,2024-02-05,0001628280-24-003201,on-20231231.htm,61197,6.291158063303757,1.2255502720721605,5.065607791231597
ONTO,704532,2024-02-26,0000950170-24-020150,onto-20231230.htm,45433,1.320625976712962,4.071930094864966,-2.751304118152004
OPCH,1014739,2024-02-22,0001014739-24-000009,bios-20231231.htm,42008,0.0,0.0,0.0
OPK,944809,2024-03-01,0001437749-24-006285,opk20231231_10k.htm,104578,0.0956224062422306,1.1952800780278834,-1.0996576717856528
ORA,1296445,2024-02-23,0001437749-24-005322,ora20231231_10k.htm,117648,101.0216918264654,1.997484020127839,99.02420780633756
ORC,1518621,2024-02-23,0001437749-24-005327,orc20231128_10k.htm,69974,0.0,2.786749364049504,-2.786749364049504
ORCL,1341439,2024-06-20,0000950170-24-075605,orcl-20240531.htm,65917,0.0,1.8963241652381024,-1.8963241652381024
ORI,74260,2024-02-28,0000074260-24-000021,ori-20231231.htm,59713,0.8373386029842749,0.8373386029842749,0.0
ORLY,898173,2024-02-28,0000898173-24-000009,orly-20231231x10k.htm,50607,4.544825814610626,1.482008417807813,3.0628173968028136
OSIS,1039065,2024-08-29,0001410578-24-001571,osis-20240630x10k.htm,61987,0.6452965944472228,2.8231726007065996,-2.177876006259377
OSW,1758488,2024-02-29,0000950170-24-022654,osw-20231231.htm,57622,0.3470896532574364,4.598937905661033,-4.251848252403596
OTEX,1002638,2024-08-01,0001002638-24-000052,otex-20240630.htm,132061,0.8708097015773014,5.489887249074291,-4.61907754749699
OTTR,1466593,2024-02-14,0001466593-24-000039,ottr-20231231.htm,53806,38.00691372709363,0.1858528788610935,37.82106084823254
OUT,1579877,2024-02-22,0001579877-24-000015,out-20231231.htm,68233,0.0,1.319009863262644,-1.319009863262644
OXY,797468,2024-02-14,0000797468-24-000034,oxy-20231231.htm,82734,17.13322213358474,3.565644112456789,13.567578021127952
PAA,1070423,2024-02-29,0001070423-24-000008,paa-20231231.htm,101568,0.4430529300567107,1.7229836168872086,-1.2799306868304978
PAG,1019849,2024-02-16,0001019849-24-000033,pag-20231231.htm,66015,3.9763690070438535,1.9692494130121945,2.0071195940316593
PAGP,1581990,2024-02-29,0001581990-24-000008,pagp-20231231.htm,102074,0.4408566334228109,1.4695221114093695,-1.0286654779865587
PAHC,1069899,2024-08-28,0001558370-24-012517,pahc-20240630x10k.htm,76515,0.588119976475201,0.8495066326864015,-0.2613866562112004
PANW,1327567,2024-09-06,0001327567-24-000029,panw-20240731.htm,65656,0.4569270135250396,4.569270135250396,-4.112343121725356
PAR,708821,2024-02-27,0000708821-24-000014,par-20231231.htm,52211,0.2872957805826358,1.149183122330543,-0.8618873417479075
PARR,821483,2024-02-29,0000821483-24-000008,parr-20231231.htm,76037,15.97906282467746,3.68241777029604,12.29664505438142
PATK,76605,2024-02-29,0000076605-24-000078,patk-20231231.htm,43538,0.0,1.3781064816941522,-1.3781064816941522
PAYC,1590955,2024-02-15,0000950170-24-015863,payc-20231231.htm,58967,0.169586378822053,0.8479318941102651,-0.6783455152882121
PAYX,723531,2024-07-11,0000950170-24-082958,payx-20240531.htm,47996,0.0,2.291857654804567,-2.291857654804567
PB,1068851,2024-02-28,0000950170-24-022171,pb-20231231.htm,81936,1.1899531341534857,2.074790080062488,-0.8848369459090022
PBF,1534504,2024-02-15,0001534504-24-000011,pbf-20231231.htm,89506,14.831407950305008,1.6758653051192098,13.155542645185797
PBH,1295947,2024-05-15,0001295947-24-000017,pbh-20240331.htm,50990,0.0,2.0592272994704843,-2.0592272994704843
PBI,78814,2024-02-20,0000078814-24-000004,pbi-20231231.htm,46375,0.0,1.940700808625337,-1.940700808625337
PCG,1004980,2024-02-22,0001004980-24-000014,pcg-20231231.htm,119394,18.74047272057222,3.4758865604636746,15.264586160108546
PCH,1338749,2024-02-15,0000950170-24-015684,pch-20231231.htm,57450,3.742384682332463,6.788511749347258,-3.0461270670147953
PCRX,1396814,2024-02-29,0001396814-24-000030,pcrx-20231231.htm,95018,0.4735944768359679,2.4732156012544992,-1.9996211244185311
PCTY,1591698,2024-08-02,0001591698-24-000151,pcty-20240630.htm,44650,0.0,0.5599104143337066,-0.5599104143337066
PDFS,1120914,2024-02-27,0001558370-24-001843,pdfs-20231231x10k.htm,56477,2.567416824548046,3.098606512385573,-0.5311896878375267
PDM,1042776,2024-02-20,0001042776-24-000033,pdm-20231231.htm,56433,0.5316038488118654,2.5694186025906824,-2.037814753778817
PEB,1474098,2024-02-21,0001474098-24-000040,peb-20231231.htm,57844,0.0,0.6915151096051448,-0.6915151096051448
PECO,1476204,2024-02-12,0001476204-24-000022,cik0001476204-20231231.htm,69243,1.444189304334012,3.9715205869185337,-2.527331282584521
PEG,788784,2024-02-26,0001628280-24-006885,pseg-20231231.htm,98012,26.24678610782353,0.9182549075623392,25.328531200261192
PEN,1321732,2024-02-22,0001321732-24-000025,pen-20231231.htm,72758,0.0,1.3056983424503148,-1.3056983424503148
PENG,1616533,2024-10-24,0001628280-24-043646,peng-20240830.htm,69996,0.7857591862392137,3.3573347048402766,-2.571575518601063
PENN,921738,2024-02-22,0000921738-24-000012,penn-20231231.htm,90281,0.6645916638052304,2.1599229073669988,-1.4953312435617685
PEP,77476,2024-02-09,0000077476-24-000008,pep-20231230.htm,69281,0.6495287308208599,0.6495287308208599,0.0
PFGC,1618673,2024-08-14,0000950170-24-097033,pfgc-20240629.htm,54167,0.3692284970554027,0.5538427455831041,-0.1846142485277013
PFS,1178970,2024-02-28,0001628280-24-007678,pfs-20231231.htm,89454,1.0061036957542424,2.012207391508485,-1.0061036957542424
PFSI,1745916,2024-02-21,0001558370-24-001429,pfsi-20231231x10k.htm,94669,4.911850764241726,2.0069927853890923,2.904857978852634
PGRE,1605607,2024-02-14,0000950170-24-015290,pgre-20231231.htm,62355,0.1603720631865929,2.0848368214257076,-1.9244647582391143
PH,76334,2024-08-22,0000076334-24-000044,ph-20240630.htm,43495,0.0,2.9888492930221866,-2.9888492930221866
PHM,822416,2024-02-05,0000822416-24-000010,phm-20231231.htm,41371,0.2417152111382369,0.6042880278455923,-0.3625728167073554
PI,1114995,2024-02-12,0000950170-24-013874,pi-20231231.htm,50239,0.3980970958816855,2.289058301319692,-1.8909612054380065
PII,931015,2024-02-16,0001628280-24-005284,pii-20231231.htm,45754,0.9835205665078464,2.950561699523538,-1.9670411330156925
PINC,1577916,2024-08-21,0001577916-24-000009,pinc-20240630.htm,84063,0.1784376003711502,1.784376003711502,-1.605938403340352
PIPR,1230245,2024-02-26,0001230245-24-000038,pipr-20231231.htm,62907,0.0,0.9537889265105632,-0.9537889265105632
PJT,1626115,2024-02-28,0000950170-24-022152,pjt-20231231.htm,47498,0.2105351804286496,3.368562886858394,-3.1580277064297446
PK,1617406,2024-02-28,0001617406-24-000018,pk-20231231.htm,53281,0.5630524952609749,5.3489987049792616,-4.785946209718286
PKG,75677,2024-02-29,0000950170-24-022794,pkg-20231231.htm,45159,3.100157222259129,6.421754246108196,-3.321597023849067
PLAB,810136,2024-12-19,0001140361-24-049881,ef20035608_10k.htm,38001,0.3947264545669851,1.842056787979264,-1.447330333412279
PLD,1045609,2024-02-13,0000950170-24-014539,pld-20231231.htm,74388,2.957466257998602,1.9492391245899876,1.0082271334086144
PLNT,1637207,2024-02-29,0001637207-24-000020,plnt-20231231.htm,72571,0.0,3.1004120103071475,-3.1004120103071475
PLPC,80035,2024-03-08,0000950170-24-028605,plpc-20231231.htm,39418,7.230199401288751,0.5073824141255264,6.722816987163225
PLSE,1625101,2024-03-28,0001437749-24-009815,plse20231231_10k.htm,69226,0.0,0.2889087914945252,-0.2889087914945252
PLUG,1093691,2024-02-29,0001558370-24-002178,plug-20231231x10k.htm,98508,21.26730823892476,0.5583302878953994,20.708977951029357
PLUS,1022408,2024-05-23,0001140361-24-027200,ef20026293_10k.htm,53146,0.3763218304293832,1.7875286945395703,-1.4112068641101871
PLXS,785786,2024-11-15,0000785786-24-000074,plxs-20240928.htm,47360,0.4222972972972973,9.396114864864863,-8.973817567567568
PLYM,1515816,2024-02-22,0001171520-24-000136,eps11123_plym.htm,62790,0.1592610288262462,1.9111323459149543,-1.7518713170887084
PM,1413329,2024-02-08,0001413329-24-000013,pm-20231231.htm,99526,0.3516669011112674,1.0047625746036213,-0.6530956734923538
PMT,1464423,2024-02-22,0000950170-24-018760,pmt-20231231.htm,95075,3.5761241125427294,1.577701814357087,1.998422298185643
PNFP,1115055,2024-02-26,0001115055-24-000029,pnfp-20231231.htm,109695,0.0911618578786635,1.504170654997949,-1.4130087971192853
PNR,77360,2024-02-20,0000077360-24-000007,pnr-20231231.htm,52226,0.0,8.137709186994982,-8.137709186994982
PNW,764622,2024-02-27,0000764622-24-000016,pnw-20231231.htm,105638,53.981521800867114,1.0412919593328158,52.9402298415343
PODD,1145197,2024-02-23,0001145197-24-000011,podd-20231231.htm,53796,0.4647185664361662,0.9294371328723324,-0.4647185664361662
POOL,945841,2024-02-27,0000945841-24-000021,pool-20231231.htm,46260,0.0,1.5131863380890618,-1.5131863380890618
POR,784977,2024-02-20,0000784977-24-000034,por-20231231.htm,69416,60.14463524259537,1.5126195689754525,58.63201567361992
POWI,833640,2024-02-12,0000833640-24-000030,powi-20231231x10k.htm,47681,5.872360059562509,0.943772152429689,4.928587907132821
POWL,80420,2024-11-20,0000080420-24-000086,powl-20240930.htm,37270,2.1464985242822645,3.890528575261604,-1.7440300509793398
PPC,802481,2024-02-27,0000802481-24-000015,ppc-20231231.htm,63603,0.3930632202883511,2.672829897960788,-2.279766677672437
PPL,922224,2024-02-16,0000922224-24-000008,ppl-20231231.htm,119795,24.541925789891064,2.003422513460495,22.538503276430568
PR,1658566,2024-02-29,0001658566-24-000018,cdev-20231231.htm,80711,4.739130973473257,3.53111719592125,1.2080137775520066
PRA,1127703,2024-02-27,0001875246-24-000009,pra-20231231.htm,116240,0.0,1.2904335856847902,-1.2904335856847902
PRDO,1046568,2024-02-21,0000950170-24-017946,prdo-20231231.htm,76858,0.1301100731218611,0.9758255484139582,-0.8457154752920971
PRGO,1585364,2024-02-27,0001585364-24-000009,prgo-20231231.htm,75434,1.2593790598403902,3.4467216374579097,-2.1873425776175197
PRGS,876167,2024-01-26,0000876167-24-000031,prgs-20231130.htm,48967,0.0,0.0,0.0
PRI,1475922,2024-02-28,0000950170-24-022262,pri-20231231.htm,107402,8.728887730209866,2.094933055250368,6.633954674959498
PRIM,1361538,2024-02-27,0001558370-24-001719,prim-20231231x10k.htm,57937,14.541657317431,1.984914648670107,12.556742668760895
PRK,805676,2024-02-23,0000805676-24-000037,prk-20231231.htm,96583,0.1553068345360985,2.743754076804407,-2.588447242268308
PRKS,1564902,2024-02-29,0000950170-24-023162,prks-20231231.htm,71668,1.813919741028074,2.4418150359993303,-0.6278952949712563
PRLB,1443669,2024-02-16,0001628280-24-005285,prlb-20231231.htm,41283,0.9083642177167356,1.6956132064045732,-0.7872489886878377
PRO,1392972,2024-02-14,0001392972-24-000025,pro-20231231.htm,45229,0.0,1.8793252117004575,-1.8793252117004575
PRSU,884219,2024-03-01,0000950170-24-023724,vvi-20231231.htm,48866,0.4092825277288912,0.6139237915933369,-0.2046412638644456
PSA,1393311,2024-02-20,0001393311-24-000043,psa-20231231.htm,52416,3.290979853479853,2.8617216117216113,0.4292582417582417
PSMT,1041803,2024-10-30,0001041803-24-000044,psmt-20240831.htm,66903,0.8968207703690416,0.5978805135793611,0.2989402567896805
PSTG,1474432,2024-04-01,0001628280-24-013860,pstg-20240204.htm,46767,0.3207389826159471,8.553039536425258,-8.23230055380931
PSX,1534701,2024-02-21,0001534701-24-000078,psx-20231231.htm,84013,11.486317593705737,2.083010962589123,9.403306631116612
PTC,857005,2024-11-14,0000950170-24-127231,ptc-20240930.htm,43252,3.1212429483029687,3.236844538980856,-0.1156015906778877
PTCT,1070081,2024-02-29,0001558370-24-002196,tmb-20231231x10k.htm,143141,1.2575013448278272,0.419167114942609,0.8383342298852181
PTEN,889900,2024-02-27,0000950170-24-020661,pten-20231231.htm,67344,1.781895937277263,4.454739843193158,-2.6728439059158946
PTGX,1377121,2024-02-27,0001558370-24-001850,ptgx-20231231x10k.htm,72056,13.114799600310867,1.2490285333629398,11.865771066947929
PVH,78239,2024-04-02,0000078239-24-000013,pvh-20240204.htm,81780,1.4979212521398877,1.1005135730007338,0.3974076791391538
PWR,1050915,2024-02-22,0001050915-24-000009,pwr-20231231.htm,84506,27.03950015383523,0.8875109459683336,26.151989207866897
PYPL,1633917,2024-02-08,0001633917-24-000024,pypl-20231231.htm,75281,0.6309693016830277,2.5238772067321107,-1.892907905049083
PZZA,901491,2024-02-29,0001628280-24-007791,pzza-20231231.htm,58727,0.5959779998978324,3.1501694280313997,-2.554191428133567
QCOM,804328,2024-11-06,0000804328-24-000075,qcom-20240929.htm,60967,2.7063821411583313,4.920694802106057,-2.2143126609477255
QCRH,906465,2024-02-29,0001558370-24-002208,qcrh-20231231x10k.htm,105763,0.2127398050357875,1.7964694647466506,-1.583729659710863
QLYS,1107843,2024-02-22,0001107843-24-000008,qlys-20231231.htm,55075,1.2709940989559692,0.817067635043123,0.4539264639128461
QRVO,1604778,2024-05-20,0001604778-24-000036,rfmd-20240330.htm,52334,4.3948484732678565,2.3885046050368786,2.006343868230978
QSR,1618756,2024-02-22,0001618756-24-000020,qsr-20231231.htm,73034,0.41076758769888,1.50614782156256,-1.09538023386368
QTWO,1410384,2024-02-21,0001410384-24-000015,qtwo-20231231.htm,82043,0.0,4.570773862486744,-4.570773862486744
QUBT,1758009,2024-09-11,0001213900-24-077754,ea0213439-10ka1_quantum.htm,24269,5.562651942807697,0.4120482920598294,5.150603650747867
QURE,1590560,2024-02-28,0001558370-24-001915,qure-20231231x10k.htm,98800,0.7591093117408907,2.1255060728744937,-1.3663967611336032
QXO,1236275,2024-03-14,0001185185-24-000237,silversun20231231_10k.htm,56002,0.0,2.8570408199707154,-2.8570408199707154
R,85961,2024-02-20,0000085961-24-000030,r-20231231.htm,65409,0.917304958033298,0.0,0.917304958033298
RAMP,733269,2024-05-22,0000733269-24-000018,ramp-20240331.htm,53904,0.6956812110418522,0.7420599584446423,-0.0463787474027901
RARE,1515673,2024-02-21,0000950170-24-017879,rare-20231231.htm,84356,0.770543885437906,3.082175541751624,-2.311631656313718
RBC,1324948,2024-05-17,0001213900-24-044761,ea0205268-10k_rbcbear.htm,43691,0.572200224302488,0.4577601794419903,0.1144400448604975
RCL,884887,2024-02-21,0000884887-24-000075,rcl-20231231.htm,75464,1.523905438354712,1.921445987490724,-0.3975405491360119
RCUS,1724521,2024-02-21,0001724521-24-000052,rcus-20231231.htm,71477,1.573932873511759,0.3497628607803909,1.2241700127313682
RDN,890926,2024-02-23,0000890926-24-000006,rdn-20231231.htm,113803,0.6150980202630861,1.8452940607892585,-1.2301960405261725
RDNT,790526,2024-02-29,0001628280-24-008035,rdnt-20231231.htm,58415,0.3423778139176581,0.5991611743559018,-0.2567833604382436
REG,910606,2024-02-16,0000950170-24-016260,reg-20231231.htm,85418,1.3463204476808166,4.03896134304245,-2.692640895361633
REGN,872589,2024-02-05,0001804220-24-000009,regn-20231231.htm,93713,1.7606948875822992,0.1067087810655939,1.6539861065167054
RES,742278,2024-02-28,0001558370-24-001993,res-20231231x10k.htm,42988,0.6978691727924072,4.768772680748116,-4.070903507955709
REVG,1687221,2024-12-11,0000950170-24-135208,revg-20241031.htm,50222,0.8960216638126717,2.5885070287921628,-1.692485364979491
REX,744187,2024-03-29,0000930413-24-001186,c108550_10k-ixbrl.htm,33187,24.708470184108233,0.9039684213698134,23.804501762738425
REXR,1571283,2024-02-12,0001571283-24-000007,rexr-20231231.htm,105097,2.236029572680476,0.6660513620750355,1.5699782106054407
REZI,1740332,2024-02-14,0001740332-24-000019,rezi-20231231.htm,48086,0.935823316557834,1.5597055275963898,-0.6238822110385559
RF,1281761,2024-02-23,0001281761-24-000010,rf-20231231.htm,113470,0.1762580417731559,1.762580417731559,-1.586322375958403
RGA,898174,2024-02-26,0000898174-24-000048,rga-20231231.htm,128609,2.876937072833161,4.3154056092497415,-1.4384685364165806
RGEN,730272,2024-11-18,0000950170-24-127842,rgen-20231231.htm,69486,0.8634832915983076,6.620038568920358,-5.75655527732205
RGLD,85535,2024-12-18,0000085535-24-000070,rgld-20231231.htm,21552,4.871937639198219,1.3919821826280625,3.479955456570156
RH,1528849,2024-03-28,0001558370-24-004248,rh-20240203x10k.htm,80657,1.363799794190213,3.0375540870600197,-1.6737542928698066
RHI,315213,2024-02-20,0000315213-24-000011,rhi-20231231.htm,34843,0.0,3.0135177797549004,-3.0135177797549004
RHP,1040829,2024-02-23,0001558370-24-001613,rhp-20231231x10k.htm,76585,1.0445909773454332,2.154468890774956,-1.109877913429523
RIG,1451505,2024-02-21,0001451505-24-000015,rig-20231231x10k.htm,74178,3.033244358165494,2.6288117770767614,0.4044325810887325
RIOT,1167419,2024-02-23,0001558370-24-001550,riot-20231231x10k.htm,68807,13.988402342784893,1.0900053773598617,12.898396965425029
RITM,1556593,2024-08-12,0001556593-24-000027,nrz-20231231.htm,185245,0.3238953817916813,4.021700990580043,-3.6978056087883617
RJF,720005,2024-11-26,0000720005-24-000069,rjf-20240930.htm,110997,0.76578646269719,0.8558789877203888,-0.0900925250231988
RL,1037038,2024-05-23,0001037038-24-000014,rl-20240330.htm,81935,1.7086715079026058,2.929151156404467,-1.2204796485018612
RLI,84246,2024-02-23,0001558370-24-001599,rli-20231231x10k.htm,75597,1.4220141010886675,0.529121525986481,0.8928925751021867
RLJ,1511337,2024-02-27,0001511337-24-000006,rlj-20231231.htm,55126,0.2721039074121104,3.990857308710953,-3.7187534012988426
RMBS,917273,2024-02-23,0000917273-24-000028,rmbs-20231231.htm,67305,0.5943094866651809,0.4457321149988856,0.1485773716662952
RMD,943819,2024-08-09,0000943819-24-000013,rmd-20240630.htm,67914,1.251582884235945,2.2086756780634333,-0.9570927938274876
RNG,1384905,2024-04-24,0001384905-24-000024,rng-20231231.htm,2205,0.0,0.0,0.0
RNR,913144,2024-02-21,0000913144-24-000019,rnr-20231231.htm,123819,0.6057228696726674,1.3325903132798682,-0.7268674436072009
RNST,715072,2024-02-23,0000715072-24-000042,rnst-20231231.htm,85046,0.0,1.1758342544034992,-1.1758342544034992
ROAD,1718227,2024-11-25,0001718227-24-000102,road-20240930.htm,60885,0.903342366757001,2.299416933563275,-1.3960745668062742
ROCK,912562,2024-02-21,0000912562-24-000012,rock-20231231.htm,40059,28.021168776055315,2.995581517262038,25.02558725879328
ROG,84748,2024-02-27,0000084748-24-000018,rog-20231231.htm,43274,4.043998705920414,3.2351989647363313,0.8087997411840828
ROK,1024478,2024-11-12,0001024478-24-000107,rok-20240930.htm,50427,0.3966129256152458,1.4872984710571715,-1.090685545441926
ROKU,1428439,2024-02-16,0001428439-24-000011,roku-20231231.htm,67023,0.0,1.2682213568476497,-1.2682213568476497
ROL,84839,2024-02-15,0000084839-24-000025,rol-20231231.htm,43422,0.0,0.2302980056192713,-0.2302980056192713
ROP,882835,2024-02-22,0000882835-24-000008,rop-20231231.htm,39891,0.0,3.5095635607029156,-3.5095635607029156
ROST,745732,2024-04-02,0000745732-24-000009,rost-20240203.htm,29822,2.7664140567366378,2.6825833277446183,0.0838307289920193
RPD,1560327,2024-02-26,0001560327-24-000021,rp-20231231.htm,64023,0.0,0.7809693391437453,-0.7809693391437453
RPM,110621,2024-07-25,0000950170-24-086386,rpm-20240531.htm,62262,0.6424464360283961,3.0516205711348814,-2.4091741351064853
RRC,315852,2024-02-21,0000950170-24-018046,rrc-20231231.htm,67217,6.397191186753351,3.198595593376675,3.198595593376675
RRR,1653653,2024-02-21,0001653653-24-000004,rrr-20231231.htm,62055,0.241721053903795,5.237289501248892,-4.995568447345097
RRX,82811,2024-02-26,0000082811-24-000035,rbc-20231231.htm,65607,0.7621137988324417,1.6766503574313716,-0.91453655859893
RS,861884,2024-02-29,0001558370-24-002166,rs-20231231x10k.htm,43853,0.6841037101224545,1.9382938453469545,-1.2541901352245
RTX,101829,2024-02-05,0000101829-24-000008,rtx-20231231.htm,87064,0.4594321418726454,1.3782964256179362,-0.9188642837452908
RUSHA,1012019,2024-02-23,0001437749-24-005362,rusha20231231_10k.htm,50652,5.62662876095712,2.2703940614388376,3.3562346995182817
RVTY,31791,2024-02-27,0000031791-24-000004,pki-20231231.htm,54352,0.5519576096555784,4.047689137474242,-3.495731527818663
RYN,52827,2024-02-23,0000052827-24-000014,ryn-20231231.htm,69953,5.074835961288294,0.9291953168556032,4.1456406444326905
RYTM,1649904,2024-02-29,0001558370-24-002181,rytm-20231231x10k.htm,112124,1.4715850308586922,0.5351218294031608,0.9364632014555314
SAFE,1095651,2024-02-13,0001095651-24-000009,safe-20231231x10k.htm,66474,0.0,1.0530432951229052,-1.0530432951229052
SAFT,1172052,2024-02-28,0001172052-24-000008,saft-20231231x10k.htm,68949,1.6678994619211305,0.8702084149153723,0.7976910470057579
SAH,1043509,2024-02-22,0001043509-24-000022,sah-20231231.htm,71881,0.6955941069267262,0.2782376427706904,0.4173564641560356
SAIA,1177702,2024-02-23,0000950170-24-019368,saia-20231231.htm,37173,16.14074731660076,1.210556048745057,14.930191267855704
SAIC,1571123,2024-03-20,0001571123-24-000045,saic-20240202.htm,52157,1.437966140690607,2.1090170063462237,-0.6710508656556167
SAM,949870,2024-02-27,0000950170-24-021189,sam-20231230.htm,47842,0.0,3.030809748756323,-3.030809748756323
SANM,897723,2024-11-27,0000897723-24-000056,sanm-20240928.htm,49995,1.2001200120012,0.5000500050005,0.7000700070007
SATS,1415404,2024-02-29,0001558370-24-002209,tmb-20231231x10k.htm,144144,0.5203130203130203,0.4509379509379509,0.0693750693750693
SBAC,1034054,2024-02-28,0001034054-24-000002,sbac-20231231x10k.htm,66127,0.8317328776445325,0.1512241595717331,0.6805087180727993
SBCF,730708,2024-02-27,0000730708-24-000070,sbcf-20231231.htm,71488,0.9442144136078784,2.2381378692927485,-1.2939234556848702
SBH,1368458,2024-11-14,0000950170-24-127217,sbh-20240930.htm,44124,0.2266340313661499,3.399510470492249,-3.172876439126099
SBRA,1492298,2024-02-27,0001492298-24-000008,sbra-20231231.htm,70975,0.0,1.8316308559351884,-1.8316308559351884
SBUX,829224,2024-11-20,0000829224-24-000057,sbux-20240929.htm,59930,0.1668613382279326,3.3372267645586517,-3.170365426330719
SCCO,1001838,2024-02-29,0001558370-24-002119,scco-20231231x10k.htm,116198,3.5714900428578806,3.958760047505121,-0.3872700046472401
SCI,89089,2024-02-13,0000089089-24-000011,sci-20231231.htm,49693,0.4024711730022337,1.0061779325055844,-0.6037067595033506
SCL,94049,2024-02-29,0000950170-24-022778,scl-20231231.htm,55479,0.2703725734061536,0.5407451468123073,-0.2703725734061536
SCS,1050825,2024-04-12,0001050825-24-000060,scs-20240223.htm,47309,0.2113762708998287,1.4796338962988014,-1.2682576253989726
SCSC,918965,2024-08-27,0000918965-24-000029,scsc-20240630.htm,44575,0.0,2.355580482333146,-2.355580482333146
SEB,88121,2024-02-13,0000088121-24-000025,seb-20231231x10k.htm,48304,12.731864855912551,0.0,12.731864855912551
SEDG,1419612,2024-02-26,0001178913-24-000717,zk2431010.htm,70512,132.28244837758112,6.2400726117540275,126.0423757658271
SEE,1012100,2024-02-27,0001628280-24-007271,see-20231231.htm,84425,2.842759846017175,2.901984009475866,-0.0592241634586911
SEI,1697500,2024-02-27,0001697500-24-000023,soi-20231231x10k.htm,48130,2.2854768335757325,3.5321005609806773,-1.246623727404945
SEIC,350894,2024-02-22,0000350894-24-000030,seic-12312023form10xka.htm,2453,0.0,0.0,0.0
SEM,1320414,2024-02-22,0001628280-24-006385,sem-20231231.htm,75913,0.6915811521083345,0.7245135879230171,-0.0329324358146825
SF,720672,2024-02-16,0000950170-24-016475,sf-20231231.htm,86432,0.1156978896704924,2.7189004072565717,-2.6032025175860793
SFBS,1430723,2024-03-01,0001171843-24-001111,sfbs20231231_10k.htm,69694,0.215226561827417,1.1478749964128907,-0.9326484345854738
SFM,1575515,2024-02-22,0000950170-24-018768,sfm-20231231.htm,49297,1.0142605026675051,6.389841166805282,-5.375580664137777
SGI,1206264,2024-02-16,0001206264-24-000050,tpx-20231231.htm,52084,0.2879963136471853,2.399969280393211,-2.1119729667460256
SGRY,1638833,2024-02-26,0001638833-24-000029,sgry-20231231.htm,65028,0.0,1.2302392815402596,-1.2302392815402596
SHAK,1620533,2024-02-29,0001620533-24-000023,shak-20231227.htm,76964,0.3897926303206694,2.858479289018242,-2.468686658697573
SHO,1295810,2024-02-23,0001558370-24-001615,sho-20231231x10k.htm,71348,0.6657509670908786,3.85434770421035,-3.188596737119471
SHOO,913241,2024-03-04,0001628280-24-008331,shoo-20231231.htm,47217,0.6353643814727746,2.329669398733507,-1.6943050172607323
SHW,89800,2024-02-20,0000089800-24-000033,shw-20231231.htm,61936,1.0494704210798242,1.372384396796693,-0.322913975716869
SIG,832988,2024-03-21,0000832988-24-000083,sig-20240203.htm,75910,2.568831510999868,6.718482413384271,-4.149650902384402
SIGI,230557,2024-02-09,0000230557-24-000005,sigi-20231231.htm,92015,2.173558658914307,1.3041351953485845,0.869423463565723
SILA,1567925,2024-03-06,0001567925-24-000009,cik0001567925-20231231.htm,50208,0.5975143403441683,1.9917144678138945,-1.394200127469726
SITE,1650729,2024-02-22,0001650729-24-000004,site-20231231.htm,65355,1.5301048121796343,1.453599571570653,0.0765052406089817
SJM,91419,2024-06-18,0000091419-24-000054,sjm-20240430.htm,63068,1.0306336018265998,1.9819876958203844,-0.9513540939937845
SKT,899715,2024-02-21,0000899715-24-000044,skt-20231231.htm,69790,1.5045135406218657,7.522567703109328,-6.018054162487462
SKY,90896,2024-05-29,0000950170-24-065649,sky-20240330.htm,41549,0.481359358829334,2.6474764735613374,-2.1661171147320033
SKYW,793733,2024-02-15,0001558370-24-001237,skyw-20231231x10k.htm,51431,0.2916528941688865,0.8749586825066594,-0.583305788337773
SLAB,1038074,2024-02-20,0001104659-24-025535,slab-20231230x10k.htm,46764,1.924557351809084,3.1006757334701907,-1.176118381661107
SLB,87347,2024-01-24,0000950170-24-006884,slb-20231231.htm,36400,10.576923076923078,0.8241758241758242,9.752747252747254
SLG,1040971,2024-02-23,0001040971-24-000010,slg-20231231.htm,84624,0.9453582907922102,4.254112308564946,-3.3087540177727357
SLGN,849869,2024-02-29,0000849869-24-000014,slgn-20231231.htm,58851,2.718730352925184,0.0,2.718730352925184
SLM,1032033,2024-02-22,0001628280-24-006382,slm-20231231.htm,106115,0.0,0.8952551477170994,-0.8952551477170994
SLNO,1484565,2024-03-07,0000950170-24-027500,slno-20231231.htm,58221,0.944676319541059,0.3435186616512942,0.6011576578897648
SM,893538,2024-02-22,0000893538-24-000009,sm-20231231.htm,71013,6.055229324208243,3.450072521932604,2.6051568022756393
SMPL,1702744,2024-10-29,0001702744-24-000089,atk-20240831.htm,55488,0.0,3.063725490196078,-3.063725490196078
SMTC,88941,2024-03-28,0000088941-24-000030,smtc-20240128.htm,86381,0.5209478936340167,2.488973269584746,-1.96802537595073
SNA,91440,2024-02-16,0000091440-24-000005,sna-20231230.htm,65062,0.307399096246657,2.459192769973256,-2.151793673726599
SNAP,1564408,2024-02-07,0001564408-24-000019,snap-20231231.htm,92730,1.1592796290305187,0.9705596894208992,0.1887199396096193
SNDR,1692063,2024-02-23,0001692063-24-000038,sndr-20231231.htm,52555,3.424983350775378,5.327751878983922,-1.9027685282085436
SNDX,1395937,2024-02-27,0000950170-24-021253,sndx-20231231.htm,67603,1.7011079389967902,0.4437672884339453,1.257340650562845
SNEX,913760,2024-11-29,0000913760-24-000187,intl-20240930.htm,85872,1.1062977454816472,0.873392956959195,0.232904788522452
SNPS,883241,2024-12-19,0000883241-24-000024,snps-20241031.htm,62480,0.1600512163892445,4.241357234314981,-4.081306017925736
SNV,18349,2024-02-23,0000018349-24-000053,syn-20231231.htm,87068,0.5168374144346947,1.4930858639224514,-0.9762484494877568
SONO,1314727,2024-11-15,0001314727-24-000026,sono-20240928.htm,44759,0.6702562613105744,0.6702562613105744,0.0
SPB,109177,2024-11-15,0000109177-24-000047,spb-20240930.htm,83637,0.7771679998086971,5.380393844829442,-4.603225845020745
SPG,1063761,2024-02-22,0001558370-24-001532,spg-20231231x10k.htm,103207,0.1453389789452265,4.408615694671873,-4.263276715726646
SPGI,64040,2024-02-09,0000064040-24-000071,spgi-20231231.htm,80773,1.2999393361643123,6.190187315068154,-4.890247978903842
SPH,1005210,2024-11-27,0000950170-24-131309,sph-20240928.htm,94650,18.7797147385103,1.584786053882726,17.194928684627577
SPNT,1576018,2024-02-29,0001576018-24-000018,spnt-20231231.htm,116684,0.0,1.5426279524184978,-1.5426279524184978
SPR,1364885,2024-02-22,0001628280-24-006331,spr-20231231.htm,101914,0.0981219459544321,0.7359145946582413,-0.6377926487038091
SPSC,1092699,2024-02-21,0001092699-24-000012,spsc-20231231.htm,34226,0.0,1.314789925787413,-1.314789925787413
SPXC,88205,2024-02-23,0000088205-24-000008,spxc-20231231.htm,76267,5.179173167949441,1.3767422345182057,3.8024309334312343
SR,1126956,2024-11-20,0001437749-24-035823,spre20240930_10k.htm,73270,0.2729630135116692,1.160092807424594,-0.8871297939129248
SRCE,34782,2024-02-20,0000034782-24-000033,source-20231231.htm,57042,10.606219978261633,2.2790224746677885,8.327197503593842
SRE,1032208,2024-02-27,0001032208-24-000007,sre-20231231.htm,152230,17.867700190501214,0.8868160021020823,16.98088418839913
SRPT,873303,2024-02-28,0000950170-24-022036,srpt-20231231.htm,94239,1.114188393340337,0.7427922622268912,0.3713961311134456
SRRK,1727196,2024-03-19,0001558370-24-003540,srrk-20231231x10k.htm,98829,0.6071092493094132,0.6577016867518644,-0.0505924374424511
SSB,764038,2024-03-04,0001558370-24-002302,ssb-20231231x10k.htm,143563,0.3482791527064772,4.4231452393722615,-4.074866086665784
SSD,920371,2024-02-28,0000920371-24-000063,ssd-20231231.htm,47135,2.758035430147449,0.9547045719741168,1.803330858173332
SSNC,1402436,2024-02-28,0000950170-24-022080,ssnc-20231231.htm,66580,0.8260738960648843,1.5770501652147793,-0.7509762691498949
ST,1477294,2024-02-29,0001477294-24-000020,st-20231231.htm,85335,18.251596648502957,3.046815491884924,15.204781156618036
STAA,718937,2024-02-27,0000950170-24-020572,staa-20231229.htm,50711,0.7887834986492083,3.155133994596833,-2.366350495947625
STAG,1479094,2024-02-13,0001479094-24-000007,stag-20231231.htm,69446,0.8999798404515739,2.375946778792155,-1.4759669383405811
STBA,719220,2024-02-27,0000719220-24-000025,stba-20231231.htm,69723,0.1434246948639616,4.5895902356467735,-4.446165540782812
STC,94344,2024-02-29,0000094344-24-000005,stc-20231231.htm,37497,0.0,1.066752006827213,-1.066752006827213
STE,1757898,2024-05-29,0001757898-24-000008,ste-20240331.htm,68115,1.6149159509652793,7.487337590839022,-5.8724216398737425
STRC,1050446,2024-02-15,0000950170-24-015847,mstr-20231231.htm,84007,0.5951884961967455,0.2380753984786982,0.3571130977180473
STWD,1465128,2024-02-22,0001628280-24-006128,stwd-20231231.htm,119411,0.1674887573171651,4.312835500917001,-4.145346743599836
STX,1137789,2024-08-02,0001137789-24-000068,stx-20240628.htm,60813,0.4933155739726703,2.795454919178465,-2.3021393452057946
STZ,16918,2024-04-23,0000016918-24-000054,stz-20240229.htm,67373,2.1521974678283584,6.753447226633815,-4.601249758805457
SUI,912593,2024-02-28,0000912593-24-000094,sui-20231231.htm,109411,2.422059939128607,1.2795788357660565,1.1424811033625504
SUN,1552275,2024-02-16,0001552275-24-000013,sun-20231231.htm,76306,5.635205619479465,1.638141168453333,3.997064451026132
SUPN,1356576,2024-02-27,0001356576-24-000013,supn-20231231.htm,90199,2.4944844177873366,0.4434638964955265,2.05102052129181
SWKS,4127,2024-11-15,0000004127-24-000131,swks-20240927.htm,41079,4.381800920178193,1.3388836144988925,3.0429173056793006
SWX,1692115,2024-02-28,0001692115-24-000038,swx-20231231.htm,76289,4.358426509719619,0.8520232274639856,3.5064032822556332
SXI,310354,2024-08-02,0001437749-24-024465,sxi20240630_10k.htm,44065,2.439577896289572,0.6808124361738341,1.758765460115738
SXT,310142,2024-02-22,0001140361-24-008963,ef20015292_10k.htm,40467,0.3706723997331159,4.20095386364198,-3.830281463908864
SYK,310764,2024-02-14,0000310764-24-000024,syk-20231231.htm,43428,0.0,0.0,0.0
SYNA,817720,2024-08-23,0000950170-24-100261,syna-20240629.htm,57071,0.7008813583080724,3.67962713111738,-2.9787457728093076
SYRE,1636282,2024-11-18,0001636282-24-000107,syre-20231231.htm,29915,0.0,1.3371218452281464,-1.3371218452281464
SYY,96021,2024-08-28,0000096021-24-000128,syy-20240629.htm,69041,0.2172622065149693,1.9553598586347245,-1.7380976521197549
TALO,1724965,2024-11-12,0000950170-24-125528,talo-20231231.htm,58635,16.116653875671528,4.434211648332907,11.68244222733862
TAP,24545,2024-02-20,0000024545-24-000005,tap-20231231.htm,82221,1.9459748725994577,4.743313751961177,-2.79733887936172
TBBK,1295401,2024-02-29,0001562762-24-000049,tbbk-20231231x10k.htm,95225,0.4725649776844316,3.3079548437910216,-2.8353898661065897
TCBI,1077428,2024-02-13,0001077428-24-000040,tcbi-20231231.htm,61625,0.0,2.7586206896551726,-2.7586206896551726
TCBK,356171,2024-02-29,0000356171-24-000012,tcbk-20231231.htm,79983,0.6563894827650876,1.8128852381130989,-1.1564957553480113
TDC,816761,2024-02-23,0000816761-24-000023,tdc-20231231.htm,50019,0.5997720866070892,8.296847198064736,-7.697075111457646
TDG,1260221,2024-11-07,0001260221-24-000083,tdg-20240930.htm,77253,0.8413912728308286,3.300842685720943,-2.459451412890114
TDS,1051512,2024-02-16,0001051512-24-000010,tds-20231231.htm,67494,0.0,1.9260971345601088,-1.9260971345601088
TDW,98222,2024-02-29,0001437749-24-006108,tdw20231231_10k.htm,64955,2.1553383111384807,8.775305981063815,-6.619967669925333
TDY,1094285,2024-02-23,0001094285-24-000044,tdy-20231231.htm,56183,0.2669846750796504,4.004770126194757,-3.737785451115106
TECH,842023,2024-08-22,0001558370-24-012430,tech-20240630x10k.htm,55982,0.0,0.5358865349576649,-0.5358865349576649
TEL,1385157,2024-11-12,0001558370-24-015227,tel-20240927x10k.htm,62783,1.114951499609767,4.220887819951261,-3.105936320341494
TENB,1660280,2024-02-28,0001660280-24-000033,tenb-20231231.htm,60210,0.6643414715163594,0.6643414715163594,0.0
TER,97210,2024-02-22,0000950170-24-018701,ter-20231231.htm,56532,0.8844548220476899,0.7075638576381519,0.1768909644095379
TEVA,818686,2024-02-12,0001193125-24-031005,d600678d10k.htm,103203,1.8894799569779948,5.183957830683217,-3.2944778737052216
TEX,97216,2024-02-09,0000097216-24-000013,tex-20231231.htm,53583,2.6127689752346828,2.51945579754773,0.0933131776869529
TFIN,1539638,2024-02-13,0001628280-24-004458,tfin-20231231.htm,106897,0.2806439843961945,1.87095989597463,-1.590315911578435
TFSL,1381668,2024-11-22,0001381668-24-000142,tfsl-20240930.htm,78548,0.0,1.846004990579009,-1.846004990579009
TFX,96943,2024-02-23,0000096943-24-000036,tfx-20231231.htm,57503,0.0,1.7390397022764028,-1.7390397022764028
TGLS,1534675,2024-02-29,0001493152-24-008362,form10-k.htm,56035,3.4799678772195946,3.212278040510395,0.2676898367091996
TGNA,39899,2024-02-29,0000039899-24-000006,tgna-20231231.htm,56830,0.2639450994193207,5.806792187225057,-5.542847087805736
TGT,27419,2024-03-13,0000027419-24-000032,tgt-20240203.htm,33102,0.0,2.718868950516585,-2.718868950516585
TGTX,1001316,2024-08-09,0001437749-24-025850,tgtx20231231_10ka.htm,4113,0.0,0.0,0.0
THC,70318,2024-02-16,0000070318-24-000016,thc-20231231.htm,92512,0.1621411276374956,3.99948114839156,-3.837340020754064
THG,944695,2024-02-22,0000950170-24-018917,thg-20231231.htm,87602,2.1689002534188715,0.4566105796671308,1.7122896737517408
THO,730263,2024-09-24,0000730263-24-000010,tho-20240731.htm,51710,1.7404757300328757,3.2875652678398763,-1.5470895378070006
THRM,903129,2024-02-21,0000950170-24-018007,thrm-20231231.htm,57554,13.03124022656983,0.2606248045313966,12.770615422038434
TILE,715787,2024-02-28,0000715787-24-000005,tile-20231231.htm,53881,3.758282140272081,1.1135650785991351,2.644717061672946
TJX,109198,2024-04-03,0000109198-24-000014,tjx-20240203.htm,45550,3.293084522502744,1.3172338090010978,1.9758507135016463
TKR,98362,2024-02-26,0000098362-24-000042,tkr-20231231.htm,59442,4.205780424615592,3.1963931227078497,1.0093873019077422
TLRY,1731348,2024-07-30,0001437749-24-023774,tlry20240531c_10k.htm,81011,1.543000333288072,2.4070805199293925,-0.8640801866413204
TMHC,1562476,2024-02-21,0000950170-24-017842,tmhc-20231231.htm,57988,0.1724494723046147,2.241843139959992,-2.069393667655377
TMO,97745,2024-02-22,0000097745-24-000007,tmo-20231231.htm,51804,0.5791058605513087,2.5094587290556714,-1.9303528685043625
TMP,1005817,2024-02-29,0001005817-24-000008,tmp-20231231.htm,83323,0.3000372046133721,1.0801339366081395,-0.7800967319947674
TNC,97134,2024-02-22,0000097134-24-000008,tnc-20231231.htm,36659,0.0,0.0,0.0
TNET,937098,2024-02-15,0000937098-24-000025,tnet-20231231.htm,54637,0.1830261544374691,0.9151307721873456,-0.7321046177498765
TNL,1361658,2024-02-21,0001361658-24-000007,tnl-20231231.htm,70622,2.371782164198125,3.6107728469881906,-1.2389906827900654
TOL,794170,2024-12-20,0000794170-24-000051,tol-20241031.htm,63958,0.7035867287907689,0.6254104255917946,0.0781763031989743
TPB,1290677,2024-02-28,0001140361-24-010142,ef20015303_10k.htm,69738,0.8603630732168975,5.162178439301385,-4.301815366084488
TPC,77543,2024-02-28,0000077543-24-000015,tpc-20231231.htm,54855,0.0,0.4557469692826543,-0.4557469692826543
TPH,1561680,2024-02-22,0001561680-24-000017,tph-20231231.htm,60281,1.244173122542758,0.5806141238532871,0.663558998689471
TPR,1116132,2024-08-15,0001116132-24-000018,tpr-20240629.htm,60456,1.9849146486701073,5.954743946010321,-3.9698292973402145
TR,98677,2024-02-29,0001558370-24-002048,tr-20231231x10k.htm,31008,1.9349845201238391,1.1287409700722395,0.8062435500515996
TREX,1069878,2024-02-26,0001193125-24-046315,d667935d10k.htm,43256,0.924727205474385,4.161272424634733,-3.2365452191603477
TRGP,1389170,2024-02-15,0000950170-24-015841,trgp-20231231.htm,93917,5.137515039875635,1.8633474237890904,3.2741676160865443
TRIP,1526520,2024-02-16,0000950170-24-016553,trip-20231231.htm,73921,0.4058386656024675,5.95230042883619,-5.546461763233722
TRMB,864749,2024-02-26,0000864749-24-000047,trmb-20231229.htm,49243,4.975326442336982,4.670714619336759,0.3046118230002234
TRMK,36146,2024-02-15,0000950170-24-015988,trmk-20231231.htm,98760,0.1012555690562981,1.265694613203726,-1.1644390441474282
TRN,99780,2024-02-22,0000099780-24-000017,trn-20231231.htm,60760,0.0,4.279131007241607,-4.279131007241607
TRNO,1476150,2024-02-07,0001476150-24-000004,trno-20231231.htm,54876,0.0,0.5466870763175158,-0.5466870763175158
TROW,1113169,2024-02-16,0001113169-24-000007,trow-20231231.htm,52355,0.955018622863146,6.016617324037819,-5.061598701174673
TRS,842633,2024-02-29,0000842633-24-000004,trs-20231231.htm,52641,0.1899659960867004,3.704336923690659,-3.514370927603959
TRU,1552033,2024-02-28,0001552033-24-000027,tru-20231231.htm,88338,0.452806266838733,2.3772329009033486,-1.9244266340646152
TRV,86312,2024-02-15,0000086312-24-000012,trv-20231231.htm,127220,4.735890583241629,1.0611539066184563,3.674736676623173
TSCO,916365,2024-02-23,0000916365-24-000046,tsco-20231230.htm,48728,2.975701855196191,3.4887538991955345,-0.5130520439993433
TSLA,1318605,2024-01-29,0001628280-24-002390,tsla-20231231.htm,62783,76.37417772326904,3.185575713170763,73.18860201009828
TSN,100493,2024-11-12,0000100493-24-000119,tsn-20240928.htm,68782,0.7269343723648629,1.6719490564391846,-0.9450146840743218
TTC,737758,2024-12-18,0000737758-24-000087,ttc-20241031.htm,73437,2.9276795076051583,5.719187875321705,-2.7915083677165464
TTD,1671933,2024-02-15,0001671933-24-000014,ttd-20231231.htm,56845,2.374879057085056,1.2314187703403994,1.1434602867446564
TTEK,831641,2024-11-19,0000831641-24-000063,ttek-20240929.htm,61815,3.559006713580846,3.801666262234086,-0.2426595486532395
TTMI,1116942,2024-02-27,0000950170-24-021098,ttmi-20240101.htm,66151,0.529092530725159,0.8314311197109643,-0.3023385889858052
TTWO,946581,2024-05-22,0001628280-24-024623,ttwo-20240331.htm,73161,1.230163611760364,2.118615109142849,-0.8884514973824851
TVTX,1438533,2024-02-20,0001438533-24-000005,tvtx-20231231.htm,102359,1.7585165935579674,1.4165828114772516,0.3419337820807159
TWLO,1447669,2024-02-27,0001447669-24-000034,twlo-20231231.htm,74712,0.3346182674804582,3.011564407324125,-2.676946139843666
TWO,1465740,2024-02-20,0001465740-24-000076,two-20231231.htm,77319,0.9053402139189592,1.74601326970085,-0.8406730557818907
TXN,97476,2024-02-02,0000097476-24-000007,txn-20231231.htm,31084,1.7693990477416035,3.6996525543688072,-1.9302535066272035
TXNM,1108426,2024-02-29,0001108426-24-000008,pnm-20231231.htm,122285,56.67089176922762,4.007032751359529,52.6638590178681
TXRH,1289460,2024-02-23,0001558370-24-001595,txrh-20231226x10k.htm,48756,0.0,3.6918533103618016,-3.6918533103618016
TXT,217346,2024-02-12,0000217346-24-000017,txt-20231230.htm,47474,2.001095336394658,0.0,2.001095336394658
TYL,860731,2024-02-27,0000860731-24-000008,tyl-20231231.htm,1008,0.0,0.0,0.0
UAA,1336917,2024-05-29,0001336917-24-000073,ua-20240331.htm,65317,0.8037723716643446,1.148246245234778,-0.3444738735704334
UAL,100517,2024-02-29,0000100517-24-000027,ual-20231231.htm,74103,14.405624603592296,3.9134717892662914,10.492152814326005
UAN,1425292,2024-02-21,0001425292-24-000004,cvi-20231231.htm,64901,5.04614720882575,4.85354617032095,0.1926010385047996
UBSI,729986,2024-02-29,0001193125-24-053462,d815282d10k.htm,85553,0.6720979977323998,1.5195259079167298,-0.8474279101843302
UCB,857855,2024-02-23,0000857855-24-000010,ucbi-20231231.htm,80052,0.749512816669165,0.749512816669165,0.0
UCTT,1275014,2024-03-06,0000950170-24-027213,uctt-20231229.htm,47818,0.6273788113262788,2.0912627044209295,-1.4638838930946507
UDR,74208,2024-02-20,0000074208-24-000011,udr-20231231x10k.htm,93144,0.2147212917632912,2.2008932405737354,-1.986171948810444
UE,1611547,2024-02-14,0001611547-24-000012,ue-20231231.htm,65593,0.4573658774564358,6.098211699419145,-5.640845821962709
UEC,1334933,2024-09-27,0001437749-24-030107,uec20240731_10k.htm,128370,2.570694087403599,1.9085456103450964,0.6621484770585028
UELMO,100826,2024-02-29,0001002910-24-000056,aee-20231231.htm,125774,42.15895177063622,1.6696614562628207,40.489290314373406
UFPT,914156,2024-02-29,0001171843-24-001078,ufpt20231231_10k.htm,32525,0.4611837048424289,10.607225211375864,-10.146041506533436
UGI,884614,2024-11-26,0000884614-24-000086,ugi-20240930.htm,95790,6.394195636287713,1.3049378849566762,5.089257751331036
UHAL,4457,2024-05-30,0000950170-24-066736,uhal-20240331.htm,64281,3.655823649289837,0.9334017827974052,2.722421866492432
UHS,352915,2024-02-27,0000950170-24-021175,uhs-20231231.htm,93816,2.185128336317899,1.2258037008612603,0.9593246354566384
ULTA,1403568,2024-03-26,0001558370-24-003941,ulta-20240203x10k.htm,45996,0.7609357335420471,0.326115314375163,0.4348204191668841
UNF,717954,2024-11-14,0000950170-24-127140,unf-20240831.htm,49441,0.2022612811229546,0.5056532028073866,-0.3033919216844319
UNFI,1020859,2024-10-01,0001020859-24-000045,unfi-20240803.htm,64010,2.42149664114982,0.8592407436338072,1.562255897516013
UNM,5513,2024-02-20,0000005513-24-000015,unm-20231231.htm,132101,4.049931491813083,2.081740486445977,1.9681910053671057
UPBD,933036,2024-02-27,0000933036-24-000048,upbd-20231231.htm,60840,0.0,1.150558842866535,-1.150558842866535
UPS,1090727,2024-02-20,0001090727-24-000008,ups-20231231.htm,73841,0.2708522365623434,1.1511220053899596,-0.8802697688276161
UPWK,1627475,2024-02-15,0001627475-24-000012,upwk-20231231.htm,67664,0.2216836131473161,0.2216836131473161,0.0
URBN,912615,2024-04-01,0000950170-24-039320,urbn-20240131.htm,45902,1.7973073068711605,3.921397760446168,-2.1240904535750076
URI,1067701,2024-01-24,0001067701-24-000007,uri-20231231.htm,65163,0.4603839602228259,0.3836533001856882,0.0767306600371376
USAC,1522727,2024-02-13,0001522727-24-000008,usac-20231231.htm,79867,1.815518299172374,1.377289744199732,0.438228554972642
USFD,1665918,2024-02-15,0001665918-24-000014,usfd-20231230.htm,55431,0.541213400443795,1.5334379679240857,-0.9922245674802908
USLM,82020,2024-02-29,0001558370-24-002201,uslm-20231231x10k.htm,30568,0.654278984559016,1.472127715257786,-0.8178487306987701
USPH,885978,2024-02-29,0001140361-24-010454,ef20015310_10k.htm,52910,0.0,0.2835002835002835,-0.2835002835002835
UTI,1261654,2024-12-05,0001261654-24-000062,uti-20240930.htm,66412,5.947720291513582,1.2798891766548215,4.66783111485876
UTZ,1739566,2024-02-29,0001739566-24-000054,utz-20231231.htm,66089,0.9456944423429012,5.220233321732815,-4.2745388793899135
UUUU,1385849,2024-06-28,0001062993-24-013109,form10ka.htm,3115,0.0,0.0,0.0
UVV,102037,2024-05-29,0000102037-24-000014,uvv-20240331.htm,58591,1.1093854004881296,3.072144185967128,-1.9627587854789983
V,1403161,2024-11-13,0001403161-24-000058,v-20240930.htm,63618,0.0,3.851111320695401,-3.851111320695401
VAC,1524358,2024-02-27,0001524358-24-000006,vac-20231231.htm,83217,0.4806710167393682,3.064277731713472,-2.583606714974104
VAL,314808,2024-02-22,0000314808-24-000014,val-20231231.htm,75961,2.9620463132396884,4.278511341346217,-1.3164650281065282
VBTX,1501570,2024-02-28,0001501570-24-000086,vbtx-20231231.htm,89882,9.28995794486104,0.7231703789412786,8.566787565919762
VC,1111335,2024-02-20,0001111335-24-000018,vc-20231231.htm,45147,10.18893835692294,3.1009812390635036,7.087957117859437
VCEL,887359,2024-02-29,0001628280-24-007824,vcel-20231231.htm,67226,1.2643917531907296,1.7106476660815757,-0.4462559128908457
VCTR,1570827,2024-02-29,0000950170-24-022869,vctr-20231231.htm,74000,0.8783783783783784,1.9594594594594597,-1.0810810810810811
VCYT,1384101,2024-02-29,0001384101-24-000017,vcyt-20231231.htm,80265,0.2491746091073319,2.0556905251354887,-1.8065159160281568
VECO,103145,2024-02-16,0001558370-24-001289,veco-20231231x10k.htm,52677,1.3288531996886688,3.606887256297815,-2.2780340566091466
VFC,103379,2024-05-23,0000103379-24-000008,vfc-20240330.htm,76126,1.0837296061792292,2.233139794551138,-1.1494101883719097
VIAV,912093,2024-08-16,0000912093-24-000063,viav-20240629.htm,58876,1.273863713567498,3.5668183979889942,-2.2929546844214963
VICI,1705696,2024-02-22,0001705696-24-000033,vici-20231231.htm,78931,0.3800788030051564,3.1673233583763034,-2.7872445553711467
VICR,751978,2024-02-28,0000950170-24-022018,vicr-20231231.htm,38870,2.5726781579624394,1.0290712631849757,1.5436068947774635
VIRT,1592386,2024-02-16,0001592386-24-000026,virt-20231231.htm,88499,0.1694934406038486,1.4124453383654054,-1.2429518977615568
VKTX,1607678,2024-02-07,0000950170-24-012322,vktx-20231231.htm,71206,1.123500828581861,0.8426256214363959,0.2808752071454652
VLO,1035002,2024-02-22,0001035002-24-000007,vlo-20231231.htm,65944,55.80492539124105,7.658012859395851,48.1469125318452
VLY,714310,2024-02-29,0000714310-24-000065,vly-20231231.htm,100227,1.197282169475291,3.9410538078561665,-2.7437716383808755
VMC,1396009,2024-02-22,0001396009-24-000006,vmc-20231231x10k.htm,66697,2.1365278798146843,2.323942606114218,-0.1874147262995337
VMI,102729,2024-02-28,0000102729-24-000013,vmi-20231230x10k.htm,52680,29.56529992406986,0.8542141230068337,28.711085801063025
VNO,899689,2024-02-12,0000899689-24-000005,vno-20231231.htm,77690,0.9653752091646286,3.475350752992663,-2.5099755438280344
VOYA,1535929,2024-02-23,0001535929-24-000035,voya-20231231.htm,121672,3.5957327897955156,1.4793872049444408,2.116345584851075
VRDN,1590750,2024-02-27,0001590750-24-000007,vrdn-20231231.htm,80944,1.667819727218818,1.4825064241945047,0.1853133030243131
VRE,924901,2024-02-21,0000924901-24-000006,vre-20231231.htm,62737,0.3984889299775252,3.905191513779747,-3.506702583802222
VRNS,1361113,2024-02-06,0001628280-24-003498,vrns-20231231.htm,59208,0.0,0.9289285231725442,-0.9289285231725442
VRNT,1166388,2024-03-27,0001166388-24-000015,vrnt-20240131.htm,79898,1.3454654684723024,1.439335152319207,-0.0938696838469048
VRRM,1682745,2024-02-29,0000950170-24-023271,vrrm-20231231.htm,60922,0.4924329470470437,0.9848658940940876,-0.4924329470470437
VRSK,1442145,2024-02-21,0001437749-24-004939,vrsk20231231c_10k.htm,64493,0.3876389685702324,1.4730280805668832,-1.0853891119966508
VRSN,1014473,2024-02-15,0001014473-24-000006,vrsn-20231231.htm,34995,0.8572653236176596,1.571653093299043,-0.714387769681383
VRT,1674101,2024-02-23,0001628280-24-006498,vrt-20231231.htm,62472,1.1205019848892304,5.842617492636702,-4.722115507747471
VRTS,883237,2024-02-28,0000883237-24-000025,vrts-20231231.htm,40121,0.3738690461354403,1.370853169163281,-0.9969841230278408
VSAT,797721,2024-05-29,0000950170-24-066031,vsat-20240331.htm,85507,0.2338989790309565,0.9940706608815651,-0.7601716818506087
VSEC,102752,2024-03-08,0000102752-24-000017,vsec-20231231.htm,30527,0.0,0.9827365938349656,-0.9827365938349656
VSH,103730,2024-02-16,0000103730-24-000034,form10k.htm,66286,2.187490571161331,0.3771535467519536,1.8103370244093775
VST,1692819,2024-02-29,0001692819-24-000012,vistra-20231231.htm,117549,41.87615377417077,1.9566308518149875,39.91952292235578
VTOL,1525221,2024-03-06,0001525221-24-000011,vtol-20231231.htm,61254,3.4283475364874128,2.6120743135142193,0.8162732229731935
VTR,740260,2024-02-15,0000740260-24-000067,vtr-20231231.htm,91858,0.3265910426963356,3.2659104269633565,-2.939319384267021
VVV,1674910,2024-11-22,0001674910-24-000152,vvv-20240930.htm,51873,0.7711140670483682,1.060281842191506,-0.2891677751431381
VVX,1601548,2024-03-05,0001601548-24-000004,vec-20231231.htm,54283,0.5526592119079639,0.5526592119079639,0.0
VYX,70866,2024-03-14,0000070866-24-000014,ncr-20231231.htm,89807,0.1113498947743494,0.8907991581947955,-0.7794492634204461
WAB,943452,2024-02-14,0001628280-24-004774,wab-20231231.htm,50844,5.212021084100385,10.325702147746048,-5.113681063645662
WABC,311094,2024-02-29,0001171843-24-001054,wabc20231231_10k.htm,54563,1.9243809907812988,0.7330975202976376,1.1912834704836612
WAFD,936528,2024-11-20,0000936528-24-000164,wfsl-20240930.htm,71574,0.0,1.117724313298125,-1.117724313298125
WAL,1212545,2024-02-28,0001212545-24-000092,wal-20231231.htm,98408,1.4734574424843507,1.93073733842777,-0.4572798959434192
WAT,1000697,2024-02-27,0001193125-24-047491,d691142d10k.htm,59679,1.005378776454029,2.681010070544078,-1.6756312940900484
WBD,1437107,2024-02-23,0001437107-24-000017,wbd-20231231.htm,76827,0.1301625730537441,0.6508128652687206,-0.5206502922149765
WBS,801337,2024-02-27,0000801337-24-000007,wbs-20231231.htm,96266,0.3635759250410321,1.5062431180271332,-1.142667192986101
WCC,929008,2024-02-20,0000929008-24-000005,wcc-20231231.htm,59934,4.796943304301398,5.422631561384189,-0.6256882570827911
WCN,1318220,2024-02-14,0001558370-24-001109,wcn-20231231x10k.htm,97480,9.643003693065245,2.9236766516208452,6.719327041444399
WD,1497770,2024-02-22,0001558370-24-001538,wd-20231231x10k.htm,84798,0.1179273096063586,0.4717092384254345,-0.3537819288190759
WDAY,1327811,2024-03-08,0001327811-24-000044,wday-20240131.htm,54897,0.2732389748073665,5.373699837878209,-5.1004608630708415
WDC,106040,2024-08-20,0000106040-24-000031,wdc-20240628.htm,64337,0.8548735564294263,4.740662449290455,-3.885788892861029
WDFC,105132,2024-10-21,0000105132-24-000064,wdfc-20240831.htm,45795,0.8734578010699858,6.878480183426138,-6.005022382356152
WEC,783325,2024-02-22,0000107815-24-000095,wec-20231231.htm,110008,60.97283833902989,2.5452694349501854,58.427568904079706
WELL,766704,2024-02-15,0000766704-24-000008,well-20231231.htm,128288,0.9353953604390122,3.70260663507109,-2.7672112746320776
WEN,30697,2024-02-26,0000030697-24-000004,wen-20231231.htm,66711,0.0,1.199202530317339,-1.199202530317339
WERN,793074,2024-02-26,0000793074-24-000014,wern-20231231.htm,39466,0.7601479754725586,3.674048548117367,-2.9139005726448084
WES,1423902,2024-02-21,0001423902-24-000022,wes-20231231.htm,95486,0.942546551326896,1.728002010765976,-0.78545545943908
WEX,1309108,2024-02-23,0001309108-24-000033,wex-20231231.htm,87589,0.7421023187843223,1.4842046375686446,-0.7421023187843223
WFRD,1603923,2024-02-07,0001603923-24-000043,wfrd-20231231.htm,46639,3.2161924569566245,7.718861896695898,-4.502669439739274
WGO,107687,2024-10-23,0000107687-24-000026,wgo-20240831.htm,41325,6.170598911070781,1.9358741681790683,4.234724742891712
WH,1722684,2024-02-15,0001722684-24-000006,wh-20231231.htm,48674,2.3626576817191927,2.054484940625385,0.3081727410938077
WHD,1699136,2024-02-29,0001699136-24-000007,whd-20231231.htm,48127,3.636212521038087,2.9089700168304695,0.7272425042076174
WHR,106640,2024-02-14,0000106640-24-000020,whr-20231231.htm,69647,1.7229744281878616,3.8049018622481943,-2.081927434060333
WINA,908315,2024-02-28,0000908315-24-000010,wina-20231230x10k.htm,28164,0.0,0.710126402499645,-0.710126402499645
WING,1636222,2024-02-21,0001636222-24-000011,wing-20231230.htm,39113,0.0,3.9628767928821618,-3.9628767928821618
WK,1445305,2024-02-20,0001445305-24-000021,wk-20231231.htm,50766,0.0,28.36544143718237,-28.36544143718237
WKC,789460,2024-02-23,0001628280-24-006634,wkc-20231231.htm,54809,6.020908974803408,3.1929062745169587,2.828002700286449
WLFC,1018164,2024-03-15,0001018164-24-000013,wlfc-20231231.htm,49117,0.0,3.053932447014272,-3.053932447014272
WLK,1262823,2024-02-22,0001262823-24-000014,wlk-20231231.htm,69391,4.971826317533974,2.954273608969463,2.0175527085645113
WLY,107140,2024-06-26,0000107140-24-000114,jwa-20240430.htm,73939,3.279730588728546,1.2172195999404911,2.0625109887880546
WM,823768,2024-02-13,0001558370-24-001049,wm-20231231x10k.htm,87679,34.61490208601832,6.843143740234264,27.771758345784058
WMB,107263,2024-02-21,0000107263-24-000019,wmb-20231231.htm,81208,2.093389813811447,4.309920204905921,-2.216530391094474
WMG,1319161,2024-11-21,0001319161-24-000039,wmg-20240930.htm,89850,0.2782415136338341,1.0573177518085697,-0.7790762381747356
WMK,105418,2024-02-28,0000105418-24-000015,wmk-20231230x10k.htm,25752,0.0,1.1649580615097856,-1.1649580615097856
WMS,1604028,2024-05-16,0001604028-24-000011,wms-20240331.htm,48448,0.5160171730515192,1.5480515191545574,-1.0320343461030383
WOR,108516,2024-07-30,0000950170-24-087983,wor-20240531.htm,61950,0.0,0.1614205004035512,-0.1614205004035512
WPC,1025378,2024-02-09,0001025378-24-000037,wpc-20231231.htm,87671,0.4562512119172816,2.281256059586408,-1.8250048476691263
WRB,11544,2024-02-23,0000011544-24-000005,wrb-20231231.htm,70489,0.7447970605342678,0.6383974804579438,0.1063995800763239
WRLD,108385,2024-05-23,0000108385-24-000024,wrld-20240331.htm,51597,0.0,0.0,0.0
WSBC,203596,2024-02-26,0000950170-24-020323,wsbc-20231231.htm,90918,0.4399568842253459,1.4298598737323742,-0.9899029895070284
WSC,1647088,2024-02-20,0001647088-24-000030,wsc-20231231.htm,90189,1.3305392010112098,4.823204603665635,-3.492665402654426
WSFS,828944,2024-02-29,0001628280-24-007987,wsfs-20231231.htm,82090,0.1218175173589962,2.1318065537824338,-2.0099890364234376
WSM,719955,2024-03-20,0001628280-24-012221,wsm-20240128.htm,44993,1.2224123752583735,10.66832618407308,-9.445913808814703
WSO,105016,2024-02-23,0001193125-24-044609,d104765d10k.htm,16736,4.780114722753346,1.7925430210325048,2.9875717017208414
WST,105770,2024-02-20,0000105770-24-000015,wst-20231231.htm,47759,0.6281538558177516,4.397076990724261,-3.7689231349065095
WT,880631,2024-02-23,0001214659-24-003435,wt-20231231.htm,74001,0.2026999635140065,3.1080661072147673,-2.9053661437007605
WTFC,1015328,2024-02-28,0001015328-24-000083,wtfc-20231231.htm,118239,0.8034574040714146,1.3109041855902028,-0.5074467815187882
WTM,776867,2024-02-26,0000776867-24-000005,wtm-20231231.htm,113008,1.0176270706498654,6.194251734390486,-5.17662466374062
WTRG,78128,2024-02-29,0001562762-24-000047,wtrg-20231231x10k.htm,82234,3.921735535180096,3.2833134713135683,0.6384220638665272
WTS,795403,2024-02-21,0001558370-24-001444,wts-20231231x10k.htm,62322,2.0859407592824364,3.69051057411508,-1.6045698148326435
WTTR,1693256,2024-02-21,0001558370-24-001437,wttr-20231231x10k.htm,91960,4.83906046107003,1.739886907351022,3.0991735537190084
WU,1365135,2024-02-22,0000950170-24-018751,wu-20231231.htm,73032,0.7530945339029467,0.958483952240114,-0.2053894183371672
WULF,1083301,2024-03-20,0001083301-24-000072,wulf-20231231.htm,65344,20.009488246816847,2.219025465230166,17.79046278158668
WVE,1631574,2024-04-29,0001193125-24-122488,d689252d10ka.htm,20729,0.0,2.4120796951131265,-2.4120796951131265
WWD,108312,2024-11-26,0000950170-24-130891,wwd-20240930.htm,60514,1.3220081303500018,1.487259146643752,-0.1652510162937502
WWW,110471,2024-02-22,0000110471-24-000057,www-20231230.htm,53754,0.0,3.255571678386725,-3.255571678386725
WY,106535,2024-02-16,0000950170-24-016434,wy-20231231.htm,61218,5.962298670325722,2.4502597275311184,3.5120389427946033
WYNN,1174922,2024-02-23,0001174922-24-000046,wynn-20231231.htm,72461,0.6210237231062227,2.9671133437297303,-2.346089620623508
XEL,72903,2024-02-21,0000072903-24-000034,xel-20231231.htm,74199,47.170447041065245,0.9434089408213048,46.227038100243945
XENE,1582313,2024-02-29,0000950170-24-023177,xene-20231231.htm,78012,2.691893554837717,1.1536686663590217,1.5382248884786955
XHR,1616000,2024-02-27,0001616000-24-000023,xhr-20231231.htm,80438,0.1243193515502623,2.2999080036798527,-2.17558865212959
XIFR,1603145,2024-02-21,0001603145-24-000005,nep-20231231.htm,63344,139.79224551654457,0.3946703713058853,139.39757514523868
XPO,1166003,2024-02-08,0001166003-24-000022,xpo-20231231.htm,57408,2.2644927536231885,2.5257803790412487,-0.2612876254180602
XYL,1524472,2024-02-28,0001524472-24-000006,xyl-20231231.htm,70723,0.8483803006094199,2.686537618596496,-1.8381573179870765
YELP,1345016,2024-02-27,0001345016-24-000009,yelp-20231231.htm,67037,0.3729283828333606,2.46132732670018,-2.0883989438668196
YETI,1670592,2024-02-26,0001670592-24-000007,yeti-20231230.htm,49663,0.4027142943438777,6.3427501359160745,-5.940035841572197
YEXT,1614178,2024-03-13,0001614178-24-000023,yext-20240131.htm,58290,0.2573340195573855,0.7720020586721564,-0.514668039114771
YUM,1041061,2024-02-20,0001041061-24-000011,yum-20231231.htm,64435,0.0,2.6383176844882437,-2.6383176844882437
ZBH,1136869,2024-02-23,0000950170-24-019353,zbh-20231231.htm,59240,1.012829169480081,0.675219446320054,0.337609723160027
ZBRA,877212,2024-02-15,0000877212-24-000029,zbra-20231231.htm,47342,1.1617591145283257,3.802120738456339,-2.640361623928013
ZD,1084048,2024-02-26,0001084048-24-000013,zd-20231231.htm,78444,0.6373973790219776,3.250726633012085,-2.613329253990108
ZIVO,1101026,2024-03-15,0001654954-24-003228,zivo_10k.htm,37976,0.3949863071413524,0.7899726142827048,-0.3949863071413524
ZS,1713683,2024-09-12,0001713683-24-000109,zs-20240731.htm,75099,0.1997363480206128,1.1318393054501392,-0.9321029574295264
ZWS,1439288,2024-02-06,0001439288-24-000016,zws-20231231.htm,52968,0.0,3.2094849720586014,-3.2094849720586014
