ticker,cik,filing_date,accession,doc,tokens,substantive_full15,boilerplate_full15,tls_full15
A,1090872,2020-12-18,0001090872-20-000020,a-20201031.htm,73384,0.0,0.4088084596097242,-0.4088084596097242
AA,1675149,2020-02-21,0001564590-20-005759,aa-10k_20191231.htm,82285,2.795163152457921,0.8507018290089323,1.9444613234489885
AAL,6201,2020-02-19,0000006201-20-000023,a10k123119.htm,111642,0.1343580372977911,0.4030741118933734,-0.2687160745955823
AAMI,1748824,2020-03-02,0001748824-20-000008,bsig12311910-k.htm,84315,0.0,0.6523157208088715,-0.6523157208088715
AAOI,1158114,2020-02-28,0001437749-20-003909,aaoi20191231_10k.htm,64015,0.0,0.6248535499492307,-0.6248535499492307
AAON,824142,2020-02-27,0000824142-20-000025,aaon-20191231.htm,34034,4.407357348533819,0.5876476464711758,3.819709702062643
AAP,1158449,2020-02-18,0001158449-20-000035,aap10k12282019secreport.htm,37095,2.0218358269308534,0.6739452756436177,1.3478905512872354
AAPL,320193,2020-10-30,0000320193-20-000096,aapl-20200926.htm,38712,0.0,0.3874767513949163,-0.3874767513949163
AAT,1500217,2020-02-14,0001500217-20-000010,a2019-10kq4.htm,78990,0.126598303582732,0.126598303582732,0.0
AB,825313,2020-02-12,0000825313-20-000012,ab-20191231x10k.htm,90284,0.1107615967391786,1.7721855478268576,-1.661423951087679
ABBV,1551152,2020-02-21,0001551152-20-000007,abbv-20191231x10k.htm,60106,0.9982364489402056,0.6654909659601371,0.3327454829800685
ABCB,351569,2020-03-20,0000351569-20-000022,abcb-20191231.htm,52093,0.0,3.6473230568406505,-3.6473230568406505
ABG,1144980,2020-03-02,0001144980-20-000059,abg201910-k.htm,66013,0.2272279702482844,0.3787132837471407,-0.1514853134988562
ABM,771497,2020-12-17,0000771497-20-000018,abm-20201031.htm,54415,0.1837728567490581,0.2756592851235872,-0.091886428374529
ABR,1253986,2020-02-14,0001047469-20-000885,a2240688z10-k.htm,82331,0.3643827962735786,1.2753397869575251,-0.9109569906839464
ABT,1800,2020-02-21,0001104659-20-023904,abt-20191231x10k59d41b.htm,61369,2.4442308005670617,1.059166680245727,1.385064120321335
ACA,1739445,2020-02-27,0001739445-20-000026,aca1231201910k.htm,49709,13.428151843730513,1.5087811060371363,11.919370737693376
ACAD,1070494,2020-02-27,0001564590-20-006889,acad-10k_20191231.htm,65150,0.0,0.6907137375287797,-0.6907137375287797
ACEL,1698991,2020-03-16,0001698991-20-000006,accel-20191231x10k.htm,62341,0.1604080781508156,0.2406121172262235,-0.0802040390754078
ACGL,947484,2020-02-28,0000947484-20-000012,a201910-k.htm,132160,0.3026634382566586,0.8701573849878934,-0.5674939467312349
ACHC,1520697,2020-02-28,0001564590-20-007769,achc-10k_20191231.htm,75830,0.0,1.252802320981142,-1.252802320981142
ACI,1646972,2020-08-07,0001646972-20-000038,acify1910-ka.htm,33103,0.906262272301604,1.2083496964021387,-0.3020874241005347
ACIW,935036,2020-02-27,0000935036-20-000009,aciw-20191231x10k.htm,55153,0.0,0.0,0.0
ACLS,1113232,2020-03-02,0001558370-20-001858,acls-20191231x10k.htm,31897,0.0,1.0972818760384988,-1.0972818760384988
ACM,868857,2020-11-19,0001104659-20-126988,acm-20200930x10k.htm,71094,1.4769178833656846,3.3054828818184374,-1.8285649984527528
ACMR,1680062,2020-03-24,0001140361-20-006743,form10k.htm,63714,0.0,0.9417082587814294,-0.9417082587814294
AD,821130,2020-02-25,0000821130-20-000018,usm1231201910-k.htm,35600,0.4213483146067416,0.8426966292134832,-0.4213483146067416
ADBE,796343,2020-01-21,0000796343-20-000013,adbe10kfy19.htm,67364,0.0,1.1875779348019713,-1.1875779348019713
ADC,917251,2020-02-20,0001558370-20-001080,adc-20191231x10k4f0b3a.htm,78427,0.0,0.1275071085213,-0.1275071085213
ADI,6281,2020-11-24,0000006281-20-000156,adi-20201031.htm,63089,2.536099795526954,2.0605810838656504,0.4755187116613039
ADM,7084,2020-02-18,0000007084-20-000009,adm-20191231x10k.htm,60257,0.4978674676801036,0.5808453789601208,-0.0829779112800172
ADMA,1368514,2020-03-13,0001193805-20-000348,e619435_10k-adma.htm,62067,0.7250229590603703,1.1278134918716871,-0.4027905328113168
ADNT,1670541,2020-11-30,0001670541-20-000080,adnt-20200930.htm,70124,0.2852090582396897,1.8538588785579828,-1.5686498203182933
ADP,8670,2020-08-05,0000008670-20-000032,adp-20200630.htm,49641,0.0,0.604339155133861,-0.604339155133861
ADPT,1478320,2020-02-26,0001564590-20-006830,adpt-10k_20191231.htm,91189,0.0,1.5901040695697946,-1.5901040695697946
ADSK,769397,2020-03-19,0000769397-20-000013,adsk-0131202010xk.htm,65564,0.8388749923738636,1.906534073576963,-1.0676590812030993
ADT,1703056,2020-03-10,0001703056-20-000013,adtinc10-k12x31x2019cl.htm,78190,0.0,1.0870955365136208,-1.0870955365136208
ADUS,1468328,2020-08-10,0001564590-20-038909,adus-10k_20191231.htm,94505,0.5290725358446643,1.2697740860271942,-0.74070155018253
AEE,1002910,2020-02-28,0001002910-20-000077,aee201910-k.htm,108590,29.44562114375173,0.6906713325352242,28.754949811216505
AEIS,927003,2020-03-02,0001558370-20-001892,aeis-20191231x10k136eb2.htm,59816,15.756653738130266,0.0,15.756653738130266
AEO,919012,2020-03-12,0001564590-20-010469,aeo-10k_20200201.htm,35666,0.4205686087590422,2.1028430437952115,-1.682274435036169
AEP,4904,2020-02-20,0000004904-20-000007,aep10klegal20194q.htm,63128,38.45361804587505,0.3960207831707008,38.05759726270434
AES,874761,2020-02-28,0000874761-20-000012,a2019form10-k.htm,125011,51.11550183583845,0.3599683227875946,50.75553351305085
AFG,1042046,2020-02-25,0001042046-20-000013,afg-2019123110k.htm,102410,0.3905868567522703,0.2929401425642027,0.0976467141880675
AFL,4977,2020-02-21,0000004977-20-000044,afl12311910k.htm,104061,5.2132883597120925,0.8648773315651397,4.348411028146953
AGCO,880266,2020-02-28,0000880266-20-000006,a2019agco10-k.htm,64039,0.7026967941410702,0.8588516372835303,-0.15615484314246
AGIO,1439222,2020-02-19,0001439222-20-000014,agio-20191231.htm,96471,0.0,0.5182904707114054,-0.5182904707114054
AGM,845877,2020-02-25,0000845877-20-000029,agm-20191231.htm,91238,1.972862184616059,0.9316293649575834,1.0412328196584757
AGNC,1423689,2020-03-17,0001423689-20-000025,agnc10ka1231192.htm,2918,0.0,0.0,0.0
AGO,1273813,2020-02-28,0001273813-20-000006,ago-12312019x10k.htm,169702,6.953365310956854,1.620487678400962,5.332877632555892
AGX,100591,2020-04-14,0001104659-20-046386,tm2031096d1_10k.htm,53673,25.059154509716244,3.539954912153224,21.51919959756302
AGYS,78749,2020-07-29,0001564590-20-034355,agys-10ka_20200331.htm,16812,0.5948132286462051,0.0,0.5948132286462051
AHCO,1725255,2020-03-06,0001558370-20-002146,ahco-20191231x10k.htm,62168,0.0,1.367262900527603,-1.367262900527603
AHR,1632970,2020-03-19,0001632970-20-000016,gahr4-10xk2019xq4.htm,91748,3.106334742991673,1.4714217203644766,1.6349130226271962
AILIH,18654,2020-02-28,0001002910-20-000077,aee201910-k.htm,108590,29.44562114375173,0.6906713325352242,28.754949811216505
AIN,819793,2020-02-28,0000891092-20-002167,ain10k2019.htm,59949,0.0,0.5838295884835444,-0.5838295884835444
AIR,1750,2020-07-21,0001104659-20-085310,air-20200531x10k.htm,48896,0.2045157068062827,0.2045157068062827,0.0
AIT,109563,2020-08-14,0000109563-20-000083,ait-2020630x10k.htm,42730,0.0,0.0,0.0
AIV,922864,2020-02-24,0001564590-20-006053,aiv-10k_20191231.htm,61517,0.0,0.1625566916462116,-0.1625566916462116
AIZ,1267238,2020-02-19,0001267238-20-000004,aiz1231201910k.htm,108684,1.334143020131758,0.5980641124728571,0.736078907658901
AJG,354190,2020-02-07,0001193125-20-028191,d879025d10k.htm,83998,1.0119288554489394,0.4762018143289126,0.5357270411200267
AKAM,1086222,2020-02-28,0001086222-20-000045,akam10k123119.htm,53101,0.5649611118434681,0.0,0.5649611118434681
AKR,899629,2020-02-21,0001564590-20-005641,akr-10k_20191231.htm,71280,0.0,0.7014590347923682,-0.7014590347923682
AKRO,1744659,2020-03-16,0001558370-20-002798,akro-20191231x10k.htm,85392,0.0,0.5855349447255012,-0.5855349447255012
AL,1487712,2020-02-14,0001558370-20-000836,al-20191231x10k1d2204.htm,70816,0.0,1.1296882060551288,-1.1296882060551288
ALB,915913,2020-04-15,0000915913-20-000089,a1231201910-kadocument.htm,1278,0.0,0.0,0.0
ALE,66756,2020-02-13,0000066756-20-000016,ale12312019-10k.htm,68590,96.26038781163436,0.1457938474996355,96.11459396413473
ALEX,1545654,2020-02-27,0001545654-20-000007,a201910-kdoc.htm,66665,4.912622815570389,0.0,4.912622815570389
ALG,897077,2020-02-28,0000897077-20-000011,alg-20191231.htm,42136,0.0,0.7119802544142775,-0.7119802544142775
ALGN,1097149,2020-02-28,0001097149-20-000008,algn-20191231x10k.htm,58018,0.0,0.172360301975249,-0.172360301975249
ALGT,1362468,2020-02-27,0001362468-20-000011,algt201910kdoc.htm,39874,0.0,0.0,0.0
ALK,766421,2020-02-12,0000766421-20-000013,alk-20191231.htm,47378,0.2110684283844822,0.2110684283844822,0.0
ALKS,1520262,2020-02-13,0001564590-20-004489,alks-10k_20191231.htm,80899,0.1854163833916365,0.1854163833916365,0.0
ALL,899051,2020-02-21,0000899051-20-000013,allcorp-12311910xk.htm,140923,16.569332188500105,0.2838429496959332,16.28548923880417
ALLE,1579241,2020-02-18,0001579241-20-000013,alle10k12312019doc.htm,55281,0.2713409670592066,0.4522349450986777,-0.180893978039471
ALLY,40729,2020-02-25,0000040729-20-000005,ally2019123110-k.htm,132311,0.2645282705141674,1.5871696230850043,-1.322641352570837
ALNY,1178670,2020-02-13,0001178670-20-000004,alny-20191231.htm,97389,0.0,0.2567025023359928,-0.2567025023359928
ALRM,1459200,2020-02-26,0001459200-20-000005,alarmcom10-kdecember31.htm,90181,0.9979929253390404,0.4989964626695202,0.4989964626695202
ALSN,1411207,2020-02-27,0001564590-20-007355,alsn-10k_20191231.htm,54176,2.2150029533372715,0.1845835794447726,2.0304193738924985
ALV,1034670,2020-02-21,0001564590-20-005667,alv-10k_20191231.htm,65874,0.2277074414791875,0.3795124024653126,-0.151804960986125
ALX,3499,2020-02-18,0000003499-20-000005,alx10-k123119.htm,36930,1.4893040888166802,0.0,1.4893040888166802
AM,1623925,2020-02-12,0001558370-20-000723,amgp-20191231x10k3b249e.htm,75260,0.0,0.0,0.0
AMAT,6951,2020-12-11,0000006951-20-000048,amat-20201025.htm,53413,0.9361016980884804,1.1233220377061763,-0.187220339617696
AMBA,1280263,2020-03-27,0001564590-20-013513,amba-10k_20200131.htm,61916,1.6150914141740422,0.6460365656696169,0.9690548485044252
AMC,1411579,2020-02-28,0001411579-20-000027,amc-20191231x10k.htm,101022,0.148482508760468,0.1979766783472906,-0.0494941695868226
AMD,2488,2020-02-04,0000002488-20-000008,amdform10-kfy2019.htm,57749,0.7792342724549344,1.2121422015965644,-0.4329079291416302
AME,1037868,2020-02-20,0001193125-20-043133,d878806d10k.htm,45038,0.0,1.221190994271504,-1.221190994271504
AMG,1004434,2020-02-28,0001004434-20-000011,amg10-k12312019.htm,47485,0.0,0.737074865747078,-0.737074865747078
AMGN,318154,2020-02-13,0000318154-20-000019,amgn-12312019x10kq420191.htm,2216,0.0,4.512635379061372,-4.512635379061372
AMH,1562401,2020-02-28,0001562401-20-000037,amh12311910k.htm,73793,0.1355142086647785,0.8808423563210603,-0.7453281476562817
AMKR,1047127,2020-02-19,0001047127-20-000006,amkr12311910k.htm,48053,0.936465985474372,2.081035523276382,-1.1445695378020102
AMP,820027,2020-02-26,0000820027-20-000010,amp12312019.htm,130166,14.289445784613491,0.6914247960296851,13.598020988583809
AMPH,1297184,2020-03-16,0001297184-20-000007,amph-20191231x10k.htm,86631,0.0,1.0388890812757556,-1.0388890812757556
AMR,1704715,2020-04-13,0001704715-20-000016,contura1231201910-ka.htm,25269,0.0,1.187225454113736,-1.187225454113736
AMRC,1488139,2020-03-04,0001488139-20-000014,amrc1231201910-k.htm,66256,67.80517990823472,1.5092972711905337,66.29588263704419
AMRX,1723128,2020-03-02,0001564590-20-008179,amrx-10k_20191231.htm,92198,0.0,0.6507733356471941,-0.6507733356471941
AMSC,880807,2020-06-02,0001437749-20-012276,amsc20200331_10k.htm,47592,80.37065052950076,2.4163724995797615,77.954278029921
AMT,1053507,2020-02-25,0001053507-20-000028,amt1231201910k.htm,83400,0.5995203836930456,0.1199040767386091,0.4796163069544364
AMWD,794619,2020-06-29,0000794619-20-000047,amwd-2020430x10k.htm,39718,0.0,0.0,0.0
AMZN,1018724,2020-01-31,0001018724-20-000004,amzn-20191231x10k.htm,42608,0.2346977093503567,0.3520465640255351,-0.1173488546751783
AN,350698,2020-02-18,0000350698-20-000042,an10k2019.htm,55094,0.3630159363996079,0.9982938250989218,-0.6352778886993139
ANDE,821026,2020-02-27,0000821026-20-000011,ande2019123110-k.htm,51611,1.0656642963709286,0.0,1.0656642963709286
ANF,1018840,2020-03-31,0001018840-20-000021,a201910-k.htm,59553,0.0,0.4197941329571978,-0.4197941329571978
ANIP,1023024,2020-02-27,0001104659-20-025744,tm205343d1_10k.htm,66311,0.150804542232812,0.0,0.150804542232812
AON,315293,2020-02-14,0001628280-20-001607,aonplc201910-k.htm,72888,0.0,0.4115903852486006,-0.4115903852486006
AORT,784199,2020-02-19,0000784199-20-000019,cry-20191231x10k.htm,71738,0.0,0.6969806796955589,-0.6969806796955589
AOS,91142,2020-02-24,0001193125-20-046736,d846284d10k.htm,36259,1.6547615764361954,0.0,1.6547615764361954
APAM,1517302,2020-02-18,0001517302-20-000025,apam-20191231.htm,80508,0.0,0.4968450340338848,-0.4968450340338848
APD,2969,2020-11-19,0000002969-20-000049,apd-20200930.htm,67682,0.4432493129635649,1.0342483969149847,-0.5909990839514199
APH,820313,2020-02-12,0001558370-20-000728,aph-20191231x10k7e830b.htm,63355,0.2367611080419856,0.1578407386946571,0.0789203693473285
APLE,1418121,2020-02-24,0001185185-20-000213,aple20191231_10k.htm,62149,0.2413554522196656,1.2067772610983285,-0.9654218088786626
APLS,1492422,2020-02-27,0001564590-20-007350,apls-10k_20191231.htm,100837,0.0,0.5454347114650376,-0.5454347114650376
APOG,6845,2020-04-24,0000006845-20-000008,apog-202022910k.htm,34878,0.430070531567177,0.2867136877114513,0.1433568438557256
APPF,1433195,2020-03-02,0001433195-20-000019,appf12311910-k.htm,59954,0.0,0.3335890849651399,-0.3335890849651399
APPN,1441683,2020-02-20,0001441683-20-000020,appn-20191231.htm,69618,0.2872820247637105,0.6463845557183486,-0.3591025309546381
APTV,1521332,2020-02-03,0001521332-20-000012,aptv1231201910-k.htm,87385,0.8582708702866625,0.0,0.8582708702866625
AR,1433270,2020-02-12,0001558370-20-000726,ar-20191231x10kf7b183.htm,108234,2.7486741689302807,0.3695696361586932,2.3791045327715876
ARCB,894405,2020-02-28,0001558370-20-001796,arcb-20191231x10kb051b4.htm,92038,0.8692061974401878,0.5432538734001173,0.3259523240400704
ARDX,1437402,2020-03-06,0001558370-20-002138,ardx-20191231x10k.htm,71167,1.9320752596006576,0.2107718465018899,1.7213034130987677
ARE,1035443,2020-02-04,0001035443-20-000042,a4q1910-k.htm,117997,0.4237395865996593,0.3813656279396934,0.0423739586599659
ARES,1176948,2020-02-28,0001628280-20-002489,ares-20191231.htm,129002,0.930218136152928,2.364304429388692,-1.434086293235764
ARI,1467760,2020-02-13,0001467760-20-000004,ari-20191231x10k.htm,62964,0.0,1.6676195921478942,-1.6676195921478942
ARLO,1736946,2020-04-29,0001736946-20-000010,arlo-2019123110ka.htm,20980,0.4766444232602478,1.9065776930409917,-1.4299332697807436
ARLP,1086600,2020-02-20,0001558370-20-001103,arlp-20191231x10kbc62ed.htm,121857,1.6412680436905551,0.4103170109226388,1.2309510327679165
ARMK,1584509,2020-11-24,0001584509-20-000230,cik0-20201002.htm,77320,0.5173305742369374,0.9053285049146405,-0.387997930677703
AROC,1389050,2020-02-21,0001389050-20-000028,a201910karoc.htm,62193,0.0,0.0,0.0
ARQT,1787306,2020-03-19,0001787306-20-000005,arqt-20191231x10kdocum.htm,102769,0.0,0.7297920579162978,-0.7297920579162978
ARR,1428205,2020-02-19,0001428205-20-000085,arr12312019-10k.htm,59874,0.4175435080335371,2.5052610482012225,-2.0877175401676857
ARW,7536,2020-02-13,0001775474-20-000003,arw1231201910-k.htm,49486,9.95230974417007,1.5155801640868125,8.436729580083256
ARWR,879407,2020-11-23,0001564590-20-054893,arwr-10k_20200930.htm,60721,0.0,0.4940630095024786,-0.4940630095024786
ASGN,890564,2020-03-02,0000890564-20-000007,a10-k2019.htm,34294,0.0,0.0,0.0
ASH,1674862,2020-11-23,0001564590-20-054890,ash-10k_20200930.htm,80077,1.9668569002335252,0.686838917541866,1.2800179826916591
ASTE,792987,2020-03-17,0001140361-20-006100,form10k.htm,58222,0.1717563807495448,0.5152691422486346,-0.3435127614990897
ASTH,1083446,2020-03-16,0001628280-20-003626,ameh-20191231x10k.htm,84011,0.4463701181988073,1.964028520074752,-1.517658401875945
ASTS,1780312,2020-03-30,0001213900-20-008037,f10k2019_newprovidence.htm,62486,0.0,3.840860352719009,-3.840860352719009
ATEC,1350653,2020-03-17,0001564590-20-011257,atec-10k_20191231.htm,62483,0.0,0.240065297760991,-0.240065297760991
ATEN,1580808,2020-03-10,0001580808-20-000014,a1231201910-k.htm,56135,0.8907098957869422,1.1579228645230248,-0.2672129687360827
ATGE,730464,2020-08-18,0001558370-20-010728,atge-20200630x10k.htm,84960,1.353578154425612,0.5296610169491525,0.8239171374764594
ATI,1018963,2020-02-25,0001018963-20-000004,atify201910-k.htm,69854,0.429467174392304,0.0,0.429467174392304
ATKR,1666138,2020-11-19,0001666138-20-000123,atkr2020annualreport.htm,55331,0.2710957690986969,0.6325567945636262,-0.3614610254649292
ATLC,1464343,2020-03-30,0001437749-20-006586,atlc20191231_10k.htm,53042,0.0,3.2050073526639267,-3.2050073526639267
ATO,731802,2020-11-13,0000731802-20-000040,ato202093010-k.htm,49979,0.6002521058844714,0.2000840352948238,0.4001680705896476
ATR,896622,2020-02-24,0001558370-20-001217,atr-20191231x10k2d4ba9.htm,62383,0.1603000817530417,0.1603000817530417,0.0
ATRC,1323885,2020-02-24,0001323885-20-000009,atrc-20191231x10k.htm,56586,0.0,0.1767221574240978,-0.1767221574240978
ATRO,8063,2020-03-02,0000008063-20-000013,atro-20191231.htm,43224,0.0,0.6940588561910049,-0.6940588561910049
ATUS,1702780,2020-02-14,0001628280-20-001613,atus-20191231.htm,92533,1.7831476338171246,0.1621043303470113,1.6210433034701133
AUB,883948,2020-02-25,0001558370-20-001345,aub-20191231x10k5152b8.htm,94271,0.5303858026328352,0.5303858026328352,0.0
AVA,104918,2020-02-26,0000104918-20-000036,ava-20191231x10k.htm,86735,24.903441517265232,0.4611748429123191,24.442266674352915
AVAV,1368622,2020-06-24,0001558370-20-007720,avav-20200623x10k.htm,69989,2.286073525839775,0.4286387860949577,1.857434739744817
AVB,915912,2020-02-21,0000915912-20-000004,a201910-k.htm,73782,0.1355344121872543,0.8809736792171532,-0.7454392670298989
AVDL,1012477,2020-03-16,0001012477-20-000007,avdl201910k.htm,67496,0.0,0.6667061751807515,-0.6667061751807515
AVGO,1730168,2020-12-18,0001730168-20-000226,avgo-20201101.htm,75649,0.8592314505148778,0.3965683617760974,0.4626630887387803
AVNT,1122976,2020-02-19,0001122976-20-000015,pol-20191231.htm,40860,0.2447381302006852,1.713166911404797,-1.4684287812041117
AVPT,1777921,2020-03-27,0001213900-20-007685,f10k2019_apextechnology.htm,58405,0.0,4.879719202123106,-4.879719202123106
AVT,8858,2020-08-14,0000008858-20-000025,avt-20200627x10k.htm,42451,0.0,0.2355657110550988,-0.2355657110550988
AVTR,1722482,2020-02-14,0001722482-20-000029,a2019q4annualreport.htm,56122,0.0,1.69274081465379,-1.69274081465379
AVY,8818,2020-02-26,0001104659-20-025360,avy-20191228x10k9cf60b.htm,20727,0.0,0.7236937328122739,-0.7236937328122739
AWI,7431,2020-07-28,0001564590-20-033679,awi-10ka_20191231.htm,57965,0.2587768480979902,0.6900715949279738,-0.4312947468299836
AWK,1410636,2020-02-18,0001410636-20-000040,a12312019-awkx10kdocum.htm,90038,0.8885137386436838,2.498944889935361,-1.610431151291677
AWR,1056903,2020-02-24,0001056903-20-000018,awr-20191231x10k.htm,67849,7.111379681351235,0.6632374832348302,6.448142198116405
AX,1299709,2020-08-26,0001299709-20-000156,a10-k20200630doc.htm,100859,0.0,1.0410573176414597,-1.0410573176414597
AXON,1069183,2020-02-28,0001069183-20-000016,a10kaaxn123119.htm,51426,1.4584062536460156,0.0,1.4584062536460156
AXP,4962,2020-02-13,0000004962-20-000030,axp-20191231.htm,88285,0.1699042872515149,1.982216684601008,-1.812312397349493
AXS,1214816,2020-02-27,0001214816-20-000011,a201910-k.htm,126994,0.7480668378033608,1.2992739814479426,-0.5512071436445817
AXSM,1579428,2020-03-12,0001558370-20-002573,axsm-20191231x10k.htm,94066,0.318925010099292,0.637850020198584,-0.318925010099292
AXTA,1616862,2020-02-19,0001616862-20-000012,a12201910-kdocument.htm,68880,0.0,1.3792102206736354,-1.3792102206736354
AYI,1144215,2020-10-23,0001144215-20-000125,ayi-20200831x10k.htm,53756,0.0,0.558077237889724,-0.558077237889724
AZO,866787,2020-10-26,0001558370-20-011748,azo-20200829x10k.htm,48811,0.5121796316404089,0.4097437053123271,0.1024359263280817
AZTA,933974,2020-11-18,0001558370-20-013971,brks-20200930x10k.htm,67747,0.0,0.4428240364887006,-0.4428240364887006
AZZ,8947,2020-04-29,0000008947-20-000045,azz2020022910-k.htm,36800,0.5434782608695652,1.358695652173913,-0.8152173913043478
BA,12927,2020-01-31,0000012927-20-000014,a201912dec3110k.htm,63790,0.0,0.1567643831321523,-0.1567643831321523
BAH,1443646,2020-05-26,0001443646-20-000086,bah-20200331x10k.htm,78567,0.3818397036923899,1.4637188641541612,-1.0818791604617717
BALL,9389,2020-02-19,0001558370-20-001005,bll-20191231x10k1a847a.htm,69567,0.3593657912515992,1.365590006756077,-1.0062242155044778
BANC,1169770,2020-03-02,0001169770-20-000007,banc-12312019x10k.htm,99527,0.401900991690697,0.5526138635747083,-0.1507128718840113
BANF,760498,2020-02-28,0001564590-20-007763,banf-10k_20191231.htm,58535,0.0,0.7687708208763988,-0.7687708208763988
BANR,946673,2020-02-21,0000946673-20-000004,banr-12312019x10k.htm,97946,0.102097073897862,1.123067812876483,-1.020970738978621
BAX,10456,2020-03-17,0001628280-20-003693,bax-20191231.htm,95487,0.0,1.8327102118613008,-1.8327102118613008
BB,1070235,2020-04-07,0001070235-20-000025,bbry-20200229.htm,68781,4.252627905962402,1.0904174117852312,3.1622104941771707
BBIO,1743881,2020-03-03,0001564590-20-008260,bbio-10k_20191231.htm,126386,0.0,1.1472789707720792,-1.1472789707720792
BBSI,902791,2020-03-03,0001564590-20-008249,bbsi-10k_20191231.htm,30081,0.3324357567900003,0.997307270370001,-0.6648715135800006
BBWI,701985,2020-03-30,0000701985-20-000010,lb21202010k.htm,65804,0.0,0.3799161145219135,-0.3799161145219135
BBY,764478,2020-03-23,0000764478-20-000017,bby-20200201x10k.htm,47249,1.4286016635272705,2.857203327054541,-1.4286016635272705
BC,14930,2020-03-20,0000014930-20-000045,bc2019123110-ka.htm,4431,0.0,0.0,0.0
BCC,1328581,2020-02-24,0001328581-20-000024,bcc1231201910-k.htm,57803,0.0,0.9515077072124284,-0.9515077072124284
BCPC,9326,2020-02-21,0001628280-20-001968,bcpc-20191231.htm,38021,0.0,0.2630125456984298,-0.2630125456984298
BCRX,882796,2020-03-13,0001171843-20-001710,f10k_031320p.htm,68126,0.5871473446261339,0.0,0.5871473446261339
BDC,913142,2020-02-11,0000913142-20-000008,bdc-12312019x10k.htm,54131,0.0,0.8313166207903049,-0.8313166207903049
BDX,10795,2020-11-25,0000010795-20-000055,bdx-20200930.htm,60743,0.246942034473108,0.493884068946216,-0.246942034473108
BE,1664703,2020-03-31,0001664703-20-000013,a2019q410kbloom.htm,131561,57.69186917095492,0.9121244137700382,56.77974475718488
BEAM,1745999,2020-03-30,0001564590-20-014308,beam-10k_20191231.htm,131121,0.1525308684344994,0.6863889079552474,-0.533858039520748
BELFA,729580,2020-03-25,0001437749-20-006060,belfb20191231_10k.htm,44501,0.2247140513696321,0.7864991797937125,-0.5617851284240803
BEN,38777,2020-11-23,0000038777-20-000203,form10-k93020.htm,66631,2.02608395491588,0.6003211718269275,1.4257627830889528
BFAM,1437578,2020-02-27,0001437578-20-000006,bfam-123119x10xk.htm,51461,0.0,0.0,0.0
BFC,1746109,2020-03-11,0001104659-20-031995,tv537755-10k.htm,102026,0.0,1.0291494324975987,-1.0291494324975987
BFH,1101215,2020-02-28,0001101215-20-000049,ads-20191231x10k.htm,84930,0.1766160367361356,1.8839043918521137,-1.707288355115978
BFS,907254,2020-02-27,0000907254-20-000015,bfs-12312019x10k.htm,52380,0.0,0.4772814051164566,-0.4772814051164566
BGC,1094831,2020-02-28,0001564590-20-007843,bgcp-10k_20191231.htm,147804,0.1014857514005033,1.7252577738085573,-1.623772022408054
BHC,885590,2020-02-19,0000885590-20-000006,bhc2019form10-k.htm,134618,0.0742842710484482,1.077121930202499,-1.0028376591540509
BHE,863436,2020-03-02,0000863436-20-000009,bhe-20191231.htm,43711,0.3431630482029695,2.630916702889433,-2.287753654686463
BHF,1685040,2020-02-26,0001685040-20-000007,brighthouse-12312019x1.htm,126508,10.868877857526796,0.7509406519745787,10.117937205552218
BIIB,875045,2020-02-06,0000875045-20-000005,biib-20191231x10k.htm,106300,0.141110065851364,0.8936970837253058,-0.7525870178739417
BILL,1786352,2020-08-31,0001564590-20-041865,bill-10k_20200630.htm,63405,0.2365744026496333,1.4983045501143442,-1.261730147464711
BIO,12208,2020-03-02,0000012208-20-000012,a10k123119.htm,49183,0.0,0.4066445723115711,-0.4066445723115711
BJ,1531152,2020-03-19,0001531152-20-000014,bj-20200201x10k.htm,51004,0.7842522155125088,0.7842522155125088,0.0
BKD,1332349,2020-04-29,0001193125-20-126314,d924963d10ka.htm,30282,0.0,0.0,0.0
BKE,885245,2020-04-01,0000885245-20-000011,bke20200201-10k.htm,25716,0.0,0.0,0.0
BKH,1130464,2020-02-14,0001130464-20-000006,bkh10k122019.htm,76723,49.91984150776169,0.4561865411936446,49.46365496656804
BKNG,1075531,2020-02-26,0001075531-20-000011,bkng1231201910k.htm,71808,0.0,0.5570409982174688,-0.5570409982174688
BKR,1701605,2020-02-13,0001701605-20-000019,fiscalyear2019form10-k.htm,65371,2.753514555383886,2.830001070811216,-0.0764865154273301
BKU,1504008,2020-02-28,0001504008-20-000008,document-20191231.htm,72169,0.0,0.0,0.0
BL,1666134,2020-02-27,0001564590-20-007371,bl-10k_20191231.htm,57987,0.3880180040353873,1.638298239260524,-1.2502802352251368
BLBD,1589526,2020-12-17,0001589526-20-000112,a10-k2020100320.htm,49822,0.903215446991289,1.00357271887921,-0.100357271887921
BLD,1633931,2020-02-25,0001558370-20-001326,bld-20191231x10ka9e256.htm,41697,0.4796508142072571,0.2398254071036285,0.2398254071036285
BLDR,1316835,2020-02-21,0001564590-20-005717,bldr-10k_20191231.htm,47065,0.0,0.5311802825879104,-0.5311802825879104
BLFS,834365,2020-06-18,0001437749-20-013418,bioli20191231_10ka.htm,2156,0.0,0.0,0.0
BLKB,1280058,2020-02-20,0001280058-20-000011,a201910-k.htm,54677,1.4174150008230153,4.115075808841012,-2.697660808017997
BMI,9092,2020-02-21,0001564590-20-005707,bmi-10k_20191231.htm,30339,0.9888262632255512,0.8240218860212928,0.1648043772042585
BMRN,1048477,2020-02-27,0001048477-20-000009,bmrn-20191231.htm,82782,0.1811988113357976,0.1207992075571984,0.0603996037785992
BMY,14272,2020-02-24,0000014272-20-000082,bmy-20191231x10xk.htm,83489,0.0,0.7186575477008947,-0.7186575477008947
BNL,1424182,2020-02-27,0001564590-20-007050,ck1424182-10k_20191231.htm,84431,0.2368798190238182,0.4737596380476365,-0.2368798190238182
BOH,46195,2020-03-02,0000046195-20-000023,bankofhawaii10k12312019.htm,76353,0.7858237397351774,0.9822796746689716,-0.1964559349337943
BOKF,875357,2020-02-27,0000875357-20-000017,a20191231bokf10k.htm,82509,0.0,0.8483922965979469,-0.8483922965979469
BOOT,1610250,2020-05-22,0001558370-20-006925,boot-20200522x10k.htm,61906,0.2423028462507672,0.8884437695861467,-0.6461409233353794
BOX,1372612,2020-03-19,0001564590-20-011799,box-10k_20200131.htm,59606,0.167768345468577,0.671073381874308,-0.503305036405731
BPOP,763901,2020-03-02,0001193125-20-058848,d838900d10k.htm,151211,0.0,0.7605266812599613,-0.7605266812599613
BR,1383312,2020-08-11,0001383312-20-000055,br-20200630.htm,61742,0.0,0.4858929092028117,-0.4858929092028117
BRBR,1772016,2020-11-20,0001772016-20-000070,brbr-20200930.htm,56829,0.0,0.4399162399479139,-0.4399162399479139
BRC,746598,2020-09-16,0000746598-20-000097,brc-20200731.htm,56437,0.1771887237096231,0.3543774474192462,-0.1771887237096231
BRKR,1109354,2020-03-27,0001104659-20-039645,brkr-20191231x10k06be43.htm,77700,0.3861003861003861,0.2574002574002574,0.1287001287001287
BRO,79282,2020-02-24,0001564590-20-006075,bro-10k_20191231.htm,57657,0.9539171306172712,0.6937579131761972,0.2601592174410739
BRX,1581068,2020-02-10,0001581068-20-000008,brx10k12312019.htm,61677,0.7296074711805048,1.378147445563176,-0.648539974382671
BTU,1064728,2020-02-21,0001064728-20-000007,btu20191231-10k.htm,116746,2.6125092080242576,0.2569681188220581,2.3555410892021995
BURL,1579298,2020-03-13,0001564590-20-010835,burl-10k_20200201.htm,54197,0.276768086794472,0.1845120578629813,0.0922560289314906
BUSE,314489,2020-02-27,0001558370-20-001665,buse-20191231x10k33e5bd.htm,81318,0.1844610049435549,0.860818023069923,-0.6763570181263681
BV,1734713,2020-11-18,0001564590-20-054411,bv-10k_20200930.htm,62421,0.0,0.0,0.0
BWA,908255,2020-02-13,0000908255-20-000014,a2019123110k.htm,59707,3.056593029293047,0.0,3.056593029293047
BWIN,1781755,2020-03-24,0001781755-20-000022,brpfy201910-k.htm,64513,0.0,1.4725714197138562,-1.4725714197138562
BWXT,1486957,2020-02-24,0001486957-20-000006,bwxt12311910kdocument.htm,61425,0.7326007326007326,0.3256003256003256,0.4070004070004069
BX,1393818,2020-02-28,0001193125-20-056733,d844019d10k.htm,155350,0.0,1.7380109430318635,-1.7380109430318635
BXMT,1061630,2020-02-11,0001193125-20-031332,d833142d10k.htm,87278,0.0,0.9738994935722632,-0.9738994935722632
BXP,1037540,2020-03-02,0001656423-20-000007,bxpandbplp201910-k.htm,118678,0.0,1.263924231955375,-1.263924231955375
BY,1702750,2020-03-12,0001564590-20-010516,by-10k_20191231.htm,97468,0.0,0.3590922148807814,-0.3590922148807814
BYD,906553,2020-02-27,0001437749-20-003765,bgc20190819_10k.htm,77396,0.0,0.8398366840663599,-0.8398366840663599
CABO,1632127,2020-02-28,0001437749-20-003799,cabo20191231_10k.htm,54461,0.2754264519564459,0.5508529039128918,-0.2754264519564459
CACC,885550,2020-02-11,0000885550-20-000021,cacc-20191231x10k.htm,57164,0.0,1.1370792806661536,-1.1370792806661536
PBI,78814,2020-02-20,0000078814-20-000009,pbi2019123110k.htm,47366,0.0,0.0,0.0
PCG,1004980,2020-03-31,0000950157-20-000455,form10k-a.htm,49752,2.813957227850137,0.602990834539315,2.2109663933108217
PCH,1338749,2020-02-19,0001564590-20-005284,pch-10k_20191231.htm,50037,1.1991126566340908,1.398964766073106,-0.1998521094390151
PCRX,1396814,2020-02-21,0001396814-20-000008,pcrx-12312019x10k.htm,72444,0.0,0.6901882833637016,-0.6901882833637016
PCTY,1591698,2020-08-07,0001558370-20-009960,pcty-20200630x10k.htm,56181,0.0,0.1779961196845908,-0.1779961196845908
PD,1568100,2020-03-19,0001568100-20-000013,pagerdutyq42020-10k.htm,54103,0.0,2.495240559673216,-2.495240559673216
PDFS,1120914,2020-06-10,0001437749-20-012777,pdfs20200609_10ka.htm,1260,0.0,7.936507936507937,-7.936507936507937
PDM,1042776,2020-02-19,0001042776-20-000045,pdm-20191231.htm,57826,0.9511292498184208,1.729325908760765,-0.7781966589423444
PEB,1474098,2020-02-20,0001474098-20-000039,peb-20191231x10k.htm,58349,0.0,0.6855301718966906,-0.6855301718966906
PEBO,318300,2020-03-03,0000318300-20-000106,pebo-20191231.htm,98052,0.0,0.6119202056051891,-0.6119202056051891
PECO,1476204,2020-03-12,0001476204-20-000015,peco201910k.htm,68873,3.412077301700231,0.7259738939787725,2.6861034077214585
PEG,788784,2020-02-26,0000788784-20-000004,pseg201910k.htm,116075,24.014645703209133,0.6030583674348482,23.41158733577429
CACI,16058,2020-08-14,0001564590-20-040205,caci-10k_20200630.htm,42023,0.8923684648882755,0.2379649239702068,0.6544035409180687
CAG,23217,2020-07-24,0001564590-20-033366,cag-10k_20200531.htm,71309,0.0,0.9115258943471372,-0.9115258943471372
CAH,721371,2020-08-13,0000721371-20-000089,a20q410k063020form10-k.htm,57509,0.0,0.5216574796988297,-0.5216574796988297
CAKE,887596,2020-06-22,0001104659-20-075634,cake-20191231x10ka.htm,24488,0.4083632799738647,0.4083632799738647,0.0
CALM,16160,2020-07-20,0000016160-20-000078,calm-20200530.htm,37375,0.0,0.5351170568561873,-0.5351170568561873
CALX,1406666,2020-02-21,0001406666-20-000018,a2019form10-k.htm,55879,0.0,0.4473952647685176,-0.4473952647685176
CAR,723612,2020-02-20,0000723612-20-000011,car-20191231x10k.htm,64152,1.7146776406035666,1.8705574261129816,-0.1558797855094151
CARG,1494259,2020-02-14,0001564590-20-004805,carg-10k_20191231.htm,69199,0.0,0.3612768970649865,-0.3612768970649865
CASH,907471,2020-11-30,0000907471-20-000190,cash-20200930.htm,94908,3.4507101614194795,1.3170649471066715,2.133645214312808
CASY,726958,2020-06-26,0000726958-20-000085,casy-2020430x10k.htm,32455,0.3081189339084886,0.3081189339084886,0.0
CAT,18230,2020-02-19,0000018230-20-000056,cat10-k12312019.htm,84916,0.588817184040699,0.8243440576569786,-0.2355268736162796
CATY,861842,2020-03-02,0001437749-20-003977,caty20191231_10k.htm,85043,0.9113036934256789,2.9396893336312218,-2.028385640205543
CBL,910612,2020-03-11,0001564590-20-010124,cbl-20191231.htm,5044,0.0,0.0,0.0
CBOE,1374310,2020-02-21,0001558370-20-001127,cboe-20191231x10k3d7487.htm,81239,0.3692807641649946,0.1846403820824973,0.1846403820824973
CBRE,1138118,2020-03-02,0001564590-20-008056,cbre-10k_20191231.htm,75492,0.0,1.3246436708525406,-1.3246436708525406
CBRL,1067294,2020-09-25,0001140361-20-021571,brhc10015333_10k.htm,53935,0.7416334476684898,0.1854083619171224,0.5562250857513673
CBT,16040,2020-11-25,0001564590-20-055198,cbt-10k_20200930.htm,61461,0.6508192186915279,0.976228828037292,-0.3254096093457639
CBU,723188,2020-03-02,0001140361-20-004510,form10k.htm,78076,0.0,1.536963983810646,-1.536963983810646
CBZ,944148,2020-02-26,0001564590-20-006848,cbz-10k_20191231.htm,45614,0.3288464068049283,0.4384618757399044,-0.1096154689349761
CC,1627223,2020-02-14,0001564590-20-004829,cc-10k_20191231.htm,88099,0.7378063315134111,1.0215779974801076,-0.2837716659666965
CCB,1437958,2020-03-12,0001564590-20-010264,ck0001437958-10k_20191231.htm,70373,0.1420999531070154,1.4920495076236626,-1.349949554516647
CCI,1051470,2020-03-10,0001051470-20-000077,cci10k123119q4.htm,73963,0.6760136825169341,0.1352027365033868,0.5408109460135473
CCK,1219601,2020-02-28,0001219601-20-000006,cck-12312019x10xk.htm,64804,0.462934386766249,0.0,0.462934386766249
CCL,815097,2020-03-31,0000815097-20-000020,a201910-kamendment.htm,4157,0.0,2.4055809477988936,-2.4055809477988936
CCOI,1158324,2020-02-28,0001104659-20-026777,ccoi-20191231x10k90102d.htm,45400,1.156387665198238,0.9911894273127752,0.1651982378854625
CCS,1576940,2020-02-07,0001562762-20-000031,ccs-20191231x10k.htm,66928,31.302295003585943,0.1494142959598374,31.152880707626107
CDE,215466,2020-02-19,0000215466-20-000032,cde-12311910k.htm,67459,1.408262796661676,0.5188336619279859,0.88942913473369
CDNS,813672,2020-02-24,0000813672-20-000007,cdns1228201910-k.htm,50238,0.5971575301564553,0.4976312751303794,0.0995262550260758
CDP,860546,2020-02-19,0000860546-20-000007,copt10kdoc12312019.htm,71389,0.4902716104722016,0.5603104119682304,-0.0700388014960288
CDW,1402057,2020-02-28,0001402057-20-000042,cdw-20191231x10k.htm,50283,0.0,0.397748742119603,-0.397748742119603
CE,1306830,2020-02-06,0001306830-20-000018,ce-20191231x10k.htm,69855,1.574690430176795,0.7873452150883975,0.7873452150883975
CECO,3197,2020-03-04,0001564590-20-008551,cece-10k_20191231.htm,43356,2.537134421994649,0.4612971676353907,2.075837254359258
CELH,1341766,2020-03-12,0001213900-20-006069,f10k2019_celsiusholdingsinc.htm,32485,0.3078343851008158,0.6156687702016316,-0.3078343851008158
CENT,887733,2020-11-24,0000887733-20-000014,cent-20200926.htm,54765,0.0,0.2738975623116954,-0.2738975623116954
CENX,949157,2020-02-27,0000949157-20-000023,a2019123110-k.htm,51310,4.6774507893198205,0.1948937828883258,4.482557006431495
CF,1324404,2020-02-24,0001324404-20-000006,cf-12312019x10k.htm,85443,1.5214821576957738,0.6437039897943658,0.877778167901408
CFG,759944,2020-02-24,0000759944-20-000030,citizens10-kx2019.htm,95364,0.6291682395872656,1.7826433454972526,-1.153475105909987
CFR,39263,2020-02-04,0000039263-20-000010,a20191231-10k.htm,85269,0.0,1.0554832354079442,-1.0554832354079442
CG,1527166,2020-03-02,0001527166-20-000012,cg2019123110-ka.htm,1426,0.0,7.012622720897616,-7.012622720897616
CGNX,851205,2020-02-13,0000851205-20-000002,cgnx-20191231x10xk.htm,48017,0.0,0.6247787242018452,-0.6247787242018452
CHCO,726854,2020-02-27,0000726854-20-000044,chco12-31x1910xk.htm,60035,0.0,0.8328475056217206,-0.8328475056217206
CHDN,20212,2020-02-26,0000020212-20-000019,chdn-20191231.htm,65314,0.0,0.6889793918608569,-0.6889793918608569
CHE,19584,2020-02-26,0000019584-20-000006,che-20191231x10k.htm,59183,0.0,0.7603534798844263,-0.7603534798844263
CHEF,1517175,2020-02-24,0001517175-20-000004,chef-10xkmaster12272019.htm,47788,0.0,0.2092575541977065,-0.2092575541977065
CHH,1046311,2020-03-02,0001046311-20-000011,chh1231201910-k.htm,73975,0.0,0.9462656302805004,-0.9462656302805004
CHRD,1486159,2020-02-27,0001486159-20-000018,oas-20191231.htm,113954,4.387735402004318,0.2193867701002158,4.168348631904101
CHRW,1043277,2020-02-19,0001043277-20-000016,chrw-20191231.htm,39582,0.0,3.158001111616391,-3.158001111616391
CHTR,1091667,2020-01-31,0001091667-20-000024,chtr12312019-10k.htm,73919,0.6764160770573195,0.2705664308229278,0.4058496462343917
CHWY,1766502,2020-04-02,0001766502-20-000007,chwy-20200202.htm,46016,0.0,1.1952364394993045,-1.1952364394993045
CI,1739940,2020-02-27,0001739940-20-000006,ci-20191231.htm,96843,0.3614097043668618,0.4646696199002509,-0.103259915533389
CIEN,936395,2020-12-18,0000936395-20-000042,cien-20201031.htm,76980,0.779423226812159,2.533125487139517,-1.7537022603273578
CIM,1409493,2020-02-24,0001628280-20-002106,cim-123119x10xk.htm,78414,0.1912923712602341,1.2752824750682277,-1.0839901038079935
CINF,20286,2020-02-25,0000020286-20-000011,cinf-20191231x10k.htm,94439,2.382490284734061,0.529442285496458,1.8530479992376032
CIVI,1509589,2020-02-28,0001509589-20-000011,bcei-20191231.htm,71904,6.362650200267023,2.016577659101024,4.3460725411659995
CL,21665,2020-02-21,0000021665-20-000004,cl-12312019x10k.htm,58909,0.2546300225771953,1.6126568096555705,-1.358026787078375
CLDX,744218,2020-03-26,0001047469-20-001809,a2241053z10-k.htm,60984,0.0,0.1639774367047094,-0.1639774367047094
CLF,764065,2020-02-20,0000764065-20-000041,clf-2019123110xk.htm,82161,0.1825683718552598,1.0345541071798054,-0.8519857353245457
CLH,822818,2020-02-26,0000822818-20-000002,clh-20191231x10k.htm,61346,1.2225735989306556,1.6300981319075407,-0.4075245329768852
CLSK,827876,2020-12-17,0001663577-20-000499,clsk10k.htm,46544,17.99372636644895,1.074252320385012,16.91947404606394
CLX,21076,2020-08-13,0000021076-20-000016,clx-20200630.htm,24974,0.0,2.202290381997277,-2.202290381997277
CMA,28412,2020-02-11,0000028412-20-000034,a201910k.htm,86975,0.1724633515377982,0.4599022707674619,-0.2874389192296637
CMC,22444,2020-10-15,0000022444-20-000047,cmc-20200831.htm,49675,3.019627579265224,1.409159536990438,1.610468042274786
CMCSA,1166691,2020-01-30,0001166691-20-000008,cmcsa-12312019x10k.htm,90335,0.0,0.2213981291858083,-0.2213981291858083
CME,1156375,2020-02-28,0001156375-20-000013,cme-2019123110k.htm,56501,0.0,0.5309640537335623,-0.5309640537335623
CMG,1058090,2020-02-05,0001058090-20-000010,cmg-20191231x10k.htm,35052,0.0,2.5676138308798357,-2.5676138308798357
CMI,26172,2020-02-11,0000026172-20-000009,cmi201910-kdocument.htm,67597,2.0710978297853453,1.0355489148926726,1.0355489148926726
CMPR,1262976,2020-08-11,0001262976-20-000060,cmpr0630202010-k.htm,69185,0.2168100021681,0.9395100093951,-0.7227000072270001
CMS,811156,2020-02-06,0000811156-20-000004,a2019form10-kxcmsenerg.htm,78127,35.64708743456167,4.223891868368169,31.423195566193503
CNA,21175,2020-02-11,0000021175-20-000017,cna2019q4.htm,70841,0.0,0.1411611919651049,-0.1411611919651049
CNC,1071739,2020-02-18,0001071739-20-000060,form10k.htm,68536,0.2188630792576164,2.3345395120812418,-2.1156764328236255
CNK,1385280,2020-02-21,0001564590-20-005646,cnk-10k_20191231.htm,64147,0.3897298392754142,0.54562177498558,-0.1558919357101657
CNLHN,23426,2020-02-27,0000072741-20-000008,a201910kdocument.htm,122505,39.263703522305214,1.469327782539488,37.79437573976572
CNMD,816956,2020-02-24,0000816956-20-000003,cnmd10k2019.htm,40254,0.0,0.0,0.0
CNNE,1704720,2020-03-25,0001704720-20-000023,cnne12311910-ka.htm,2158,0.0,0.0,0.0
CNO,1224608,2020-02-25,0001224608-20-000009,cno1231201910-k.htm,107055,1.0275092242305357,1.6813787305590586,-0.6538695063285227
CNOB,712771,2020-03-02,0001206774-20-000674,cob3663101-10k.htm,63937,0.2346059402224064,1.485837621408574,-1.2512316811861677
CNP,1130310,2020-02-27,0001130310-20-000016,cnp10k12312019.htm,137414,7.222699288282127,3.9661169895352737,3.256582298746853
CNR,1710366,2020-02-14,0001710366-20-000006,ceix-12312019form10xk.htm,88092,1.816282976887799,1.8730418199155427,-0.0567588430277437
CNS,1284812,2020-02-28,0001284812-20-000092,cns-10kx123119.htm,39233,0.0,2.039099737465909,-2.039099737465909
CNX,1070412,2020-02-10,0001070412-20-000011,cnx-123119x10k.htm,77200,1.94300518134715,0.2590673575129533,1.6839378238341969
CNXN,1050377,2020-02-06,0001558370-20-000576,cnxn-20191231x10k.htm,38337,0.0,0.0,0.0
COGT,1622229,2020-03-26,0001564590-20-013188,umrx-10k_20191231.htm,82774,0.7852707371880059,0.2416217652886172,0.5436489718993887
COHR,820318,2020-08-26,0000820318-20-000023,iivi-20200630.htm,59605,0.2516567402063585,1.3421692811005788,-1.0905125408942202
COHU,21535,2020-03-10,0001437749-20-004691,cohu20191228_10k.htm,49895,0.0,0.0,0.0
COKE,317540,2020-02-25,0001564590-20-006432,coke-10k_20191229.htm,58348,0.0,0.6855419208884623,-0.6855419208884623
COLB,887343,2020-02-27,0000887343-20-000070,colb2019form10-k.htm,68767,0.0,0.3635464685096048,-0.3635464685096048
COLD,1455863,2020-03-02,0001628280-20-002690,k20191231artandsubs10-k.htm,121046,0.4956793285197363,0.6609057713596485,-0.1652264428399121
COLL,1267565,2020-02-27,0001558370-20-001625,coll-20191231x10k3059df.htm,75943,0.0,0.4608719697667988,-0.4608719697667988
COLM,1050797,2020-02-27,0001050797-20-000012,colm-20191231.htm,44833,0.0,0.0,0.0
COMM,1517228,2020-02-20,0001564590-20-005564,comm-10k_20191231.htm,74572,1.7432816606769297,1.609183071394089,0.1340985892828407
COO,711404,2020-12-11,0000711404-20-000042,coo20201031-10k.htm,67591,0.0,0.8137178026660354,-0.8137178026660354
COOP,933136,2020-02-28,0000933136-20-000005,mrcooper1231201910-k.htm,88436,0.0,2.0919082726491474,-2.0919082726491474
COP,1163165,2020-02-18,0001193125-20-039954,d875559d10k.htm,94370,0.1589488184804493,1.2715905478435945,-1.1126417293631452
COR,1140859,2020-11-19,0001140859-20-000050,abc-20200930.htm,62490,0.0,2.0003200512081936,-2.0003200512081936
CORT,1088856,2020-02-24,0001628280-20-002122,cort12311910-kdoc.htm,40310,0.0,0.2480774001488464,-0.2480774001488464
COST,909832,2020-10-07,0000909832-20-000017,cost-20200830.htm,34442,0.0,0.0,0.0
COTY,1024305,2020-08-27,0001024305-20-000084,coty-20200630.htm,95565,0.0,1.15104902422435,-1.15104902422435
CP,16875,2020-04-29,0001193125-20-124561,d900615d10ka.htm,28419,0.3518772652098947,2.1112635912593687,-1.7593863260494738
CPAY,1175454,2020-03-02,0001175454-20-000008,flt10-k12312019.htm,79369,0.5039751036298807,1.4489284229359072,-0.9449533193060264
CPB,16732,2020-09-24,0000016732-20-000111,cpb-20200802.htm,58157,0.0,0.7737675602249084,-0.7737675602249084
CPK,19745,2020-06-29,0001193125-20-181408,d18818d10ka.htm,3724,0.0,2.6852846401718584,-2.6852846401718584
CPRI,1530721,2020-07-08,0001530721-20-000062,cpri-20200328.htm,67895,0.4418587524854555,2.6511525149127326,-2.209293762427277
CPRT,900075,2020-09-28,0000900075-20-000021,cprt-20200731.htm,57980,0.0,1.2935494998275268,-1.2935494998275268
CPRX,1369568,2020-04-29,0001193125-20-126361,d923343d10ka.htm,14110,0.0,2.1261516654854713,-2.1261516654854713
CPT,906345,2020-03-06,0000906345-20-000016,a201910-kaxexhibitindex.htm,3604,0.0,5.549389567147614,-5.549389567147614
CQP,1383650,2020-02-25,0001383650-20-000006,cqp2019form10k.htm,73543,1.2237738465931496,0.1359748718436833,1.0877989747494663
CRAI,1053706,2020-02-27,0001047469-20-001076,a2240826z10-k.htm,48758,0.2050945485868985,0.4101890971737971,-0.2050945485868985
CRC,1609253,2020-02-26,0001609253-20-000066,a2019ye10-kdocument.htm,70316,5.404175436600489,0.4266454292053017,4.977530007395187
CRI,1060822,2020-02-24,0001060822-20-000004,a10k-crix20191228.htm,51217,0.0,1.4643575375363649,-1.4643575375363649
CRK,23194,2020-11-12,0000023194-20-000009,crk-20191231.htm,2318,0.0,0.0,0.0
CRL,1100682,2020-02-11,0001100682-20-000005,crl1228201910-k.htm,71033,0.2111694564498191,1.126237101065702,-0.9150676446158827
CRNX,1658247,2020-03-09,0001564590-20-009365,crnx-10k_20191231.htm,71227,0.2105942971064343,0.4913866932483468,-0.2807923961419125
CRON,1656472,2020-03-30,0001656472-20-000033,cronosdraftfy2019fsdocvers.htm,78897,0.1267475315918222,1.013980252734578,-0.8872327211427558
CROX,1334036,2020-02-27,0001334036-20-000010,crox-20191231.htm,47312,0.0,1.0568143388569498,-1.0568143388569498
CRS,17843,2020-09-04,0000017843-20-000071,crs630202010k.htm,52337,0.0,0.0,0.0
CRUS,772406,2020-05-20,0000772406-20-000007,crus-20200328.htm,41889,0.0,0.7161784716751414,-0.7161784716751414
CRVL,874866,2020-08-21,0001564590-20-040951,crvl-10ka_20200331.htm,3321,0.0,0.0,0.0
CRWD,1535527,2020-03-23,0001535527-20-000006,crwd-20200131.htm,78356,0.0,0.8933585175353514,-0.8933585175353514
CSCO,858877,2020-09-03,0000858877-20-000010,csco-2020725x10k.htm,67666,0.0,0.5911388289539798,-0.5911388289539798
CSGP,1057352,2020-02-26,0001057352-20-000036,csgp20191231-10k.htm,56731,0.0,0.0,0.0
CSGS,1005757,2020-02-21,0001564590-20-005691,csgs-10k_20191231.htm,53916,0.3709473996587284,0.0,0.3709473996587284
CSL,790051,2020-02-10,0000790051-20-000071,csl-20191231.htm,44485,0.0,1.3487692480611444,-1.3487692480611444
CSR,798359,2020-02-19,0001628280-20-001795,iret123119-10k.htm,55311,0.0,0.4519896584766141,-0.4519896584766141
CSW,1624794,2020-05-20,0001624794-20-000051,cswi-20200331.htm,44263,0.0,0.9036893116146668,-0.9036893116146668
CSX,277948,2020-02-12,0000277948-20-000008,csx-12312019x10k.htm,47268,0.3173394262503173,0.0,0.3173394262503173
CTAS,723254,2020-07-29,0000723254-20-000025,ctas-20200531.htm,40622,0.0,0.3692580375166166,-0.3692580375166166
CTBI,350852,2020-02-28,0001140361-20-004386,form10k.htm,59379,0.0,1.7683019249229526,-1.7683019249229526
CTOS,1709682,2020-03-16,0001709682-20-000017,nsco-12312019xreport.htm,65465,2.444054074696403,1.2220270373482014,1.2220270373482014
CTRA,858470,2020-02-25,0000858470-20-000012,cog-12312019x10k.htm,57940,0.0,0.1725923369002416,-0.1725923369002416
CTRE,1590717,2020-02-20,0001628280-20-001900,ctre2019123110kq4.htm,66647,0.0,0.0,0.0
CTS,26058,2020-02-20,0000026058-20-000016,ctscorp-20191231x10xk.htm,38080,0.0,0.7878151260504203,-0.7878151260504203
CTVA,1755672,2020-02-14,0001755672-20-000006,ctva-12x31x201910xk.htm,115052,2.803080346278205,0.7822549803567083,2.0208253659214965
CUBE,1298675,2020-02-21,0001298675-20-000008,cube-20191231x10k.htm,89042,0.0,0.2246131039284832,-0.2246131039284832
CUBI,1488813,2020-03-02,0001488813-20-000033,cubi-20191231.htm,104470,0.0,0.3828850387671101,-0.3828850387671101
CUZ,25232,2020-02-05,0000025232-20-000004,form10-kdecember312019.htm,52637,0.2849706480232536,1.6148336721317704,-1.329863024108517
CVBF,354647,2020-03-02,0001193125-20-059185,d872938d10k.htm,78831,0.0,2.0930852075959967,-2.0930852075959967
CVCO,278166,2020-05-27,0000278166-20-000028,cvco-2020328x10k.htm,53108,2.54198990735859,0.6590344204263011,1.882955486932289
CVI,1376139,2020-02-20,0001376139-20-000015,cvi-20191231.htm,61075,10.02865329512894,0.9005321326238231,9.128121162505115
CVLT,1169561,2020-05-15,0001169561-20-000018,a2020033110k.htm,44168,0.3396123890599529,0.9056330374932078,-0.5660206484332548
CVS,64803,2020-02-18,0000064803-20-000007,a2019form10-k.htm,116116,0.0,0.1291811636639223,-0.1291811636639223
CVX,93410,2020-02-21,0000093410-20-000010,cvx12312019-10kdoc.htm,70127,3.279763857002296,1.2120866428051962,2.0676772141970994
CW,26324,2020-02-27,0000026324-20-000004,cw-20191231.htm,42991,0.3489102370263544,0.4652136493684725,-0.1163034123421181
CWH,1669779,2020-02-28,0001558370-20-001794,cwh-20191231x10k80094a.htm,103464,1.2806386762545428,0.338281914482332,0.9423567617722108
CWK,1628369,2020-02-28,0001628369-20-000014,a201910k.htm,62964,0.0,1.2705673083031574,-1.2705673083031574
CWST,911177,2020-02-21,0000911177-20-000010,cwst-20191231.htm,74820,2.1384656508954825,0.6682705159048383,1.470195134990644
CWT,1035201,2020-02-27,0001035201-20-000002,cwt-12312019x10k.htm,57799,0.0,0.6920534957352203,-0.6920534957352203
CXT,25445,2020-02-25,0001628280-20-002133,cr-20191231x10kq4.htm,55787,0.0,0.8066395396777026,-0.8066395396777026
CXW,1070985,2020-02-20,0001564590-20-005570,cxw-10k_20191231.htm,82554,0.3633985027981685,6.238340964701892,-5.874942461903724
CZR,1590895,2020-04-30,0001193125-20-127554,d889146d10ka.htm,22543,0.0,0.0,0.0
D,715957,2020-02-28,0001193125-20-054469,d854390d10k.htm,169752,23.961426080399644,0.5007304774023281,23.460695602997315
DAKT,915779,2020-06-12,0000915779-20-000028,dakt_2020050210-k.htm,48649,0.0,0.5138851774959403,-0.5138851774959403
DAL,27904,2020-02-13,0000027904-20-000004,dal-20191231.htm,56326,3.9946028477079856,0.7989205695415971,3.1956822781663883
DAN,26780,2020-02-14,0000026780-20-000006,dan-20191231x10k.htm,65939,4.246348898224117,0.0,4.246348898224117
DAR,916540,2020-02-25,0000916540-20-000007,dar-2019122810xk.htm,92208,10.30279368384522,1.1387298282144716,9.164063855630747
DAY,1725057,2020-02-28,0001564590-20-007850,cday-10k_20191231.htm,69252,0.0,0.5054005660486339,-0.5054005660486339
DBD,28823,2020-02-26,0000028823-20-000056,dbd12312019-10k.htm,75652,0.0,0.3965526357531856,-0.3965526357531856
DBRG,1679688,2020-03-02,0001679688-20-000014,clny201910-k.htm,176166,0.0851469636592759,0.5960287456149314,-0.5108817819556555
DBX,1467623,2020-02-21,0001467623-20-000011,a12311910-k.htm,60663,0.0,0.5769579480078466,-0.5769579480078466
DCI,29644,2020-09-25,0000029644-20-000046,dci-20200731.htm,37932,0.3954444795950648,0.2636296530633765,0.1318148265316882
DCO,30305,2020-02-20,0001628280-20-001898,dco10-k2019.htm,43688,0.0,0.5722395165720564,-0.5722395165720564
DCOM,846617,2020-03-11,0000846617-20-000012,bdge-20191231x10k.htm,54793,0.0,1.277535451608782,-1.277535451608782
DD,1666700,2020-02-14,0001666700-20-000006,dupont201910-k.htm,91636,1.9097298005150811,0.8184556287921777,1.0912741717229038
DE,315189,2020-12-17,0001558370-20-014436,de-20201101x10k.htm,84579,0.1773489873372823,1.7143735442603958,-1.5370245569231131
DEA,1622194,2020-02-25,0001564590-20-006375,dea-10k_20191231.htm,60717,0.1646985193603109,0.6587940774412439,-0.4940955580809328
DECK,910521,2020-06-01,0000910521-20-000016,deck331202010-k.htm,64778,0.2315600975639877,4.55401525209176,-4.322455154527772
DEI,1364250,2020-02-14,0001364250-20-000008,a2019q410-k.htm,52667,0.2848083239979493,0.4746805399965823,-0.1898722159986329
DELL,1571996,2020-03-27,0001571996-20-000017,delltechnologiesfy2010k.htm,109888,0.0,1.547029702970297,-1.547029702970297
DFIN,1669811,2020-02-26,0001564590-20-006801,dfin-10k_20191231.htm,53042,0.0,0.1885298442743486,-0.1885298442743486
DG,29534,2020-03-19,0001558370-20-002915,dg-20200131x10ka41072.htm,48341,0.0,1.4480461719865123,-1.4480461719865123
DGII,854775,2020-11-25,0000854775-20-000032,dgii-20200930.htm,44411,0.0,0.5629236000090068,-0.5629236000090068
DGX,1022079,2020-02-20,0001022079-20-000017,dgx1231201910-k.htm,69909,0.7867370438713184,0.7867370438713184,0.0
DHC,1075415,2020-03-02,0001075415-20-000009,dhc12311910kdocument.htm,112888,0.7972503720501737,0.6200836227056906,0.177166749344483
DHI,882184,2020-11-20,0000882184-20-000143,dhi-20200930.htm,61873,0.0,0.0,0.0
DHR,313616,2020-02-21,0000313616-20-000041,dhr-20191231x10xk.htm,86158,0.0,0.7544279115114093,-0.7544279115114093
DIOD,29002,2020-02-12,0001564590-20-004248,diod-10k_20191231.htm,59972,0.5002334422730608,1.5840725671980256,-1.083839124924965
DIS,1744489,2020-11-25,0001744489-20-000197,dis-20201003.htm,81413,0.0,1.22830506184516,-1.22830506184516
DK,1694426,2020-02-28,0001694426-20-000011,dk-10kx123119q4.htm,109252,6.544502617801047,1.2814410720169882,5.263061545784058
DKL,1552797,2020-02-28,0001552797-20-000009,dkl-10kx123119q4.htm,86620,1.8471484645578389,1.0390210113137843,0.8081274532440545
DKS,1089063,2020-03-20,0001089063-20-000014,dks-20200201.htm,39811,0.0,0.3767802868553916,-0.3767802868553916
DLB,1308547,2020-11-16,0001628280-20-016459,dlb-20200925.htm,53642,0.0,0.4660527198836732,-0.4660527198836732
DLR,1297996,2020-03-02,0001558370-20-001906,dlr-20191231x10kabe894.htm,135714,7.165804559588546,0.8842123878155532,6.281592171772993
DLTR,935703,2020-03-20,0000935703-20-000006,dltr-2020x02x01x10k.htm,43165,0.0,0.8108421174562724,-0.8108421174562724
DNLI,1714899,2020-02-27,0001714899-20-000026,dnli-20191231.htm,93969,0.1596271110685438,0.7449265183198714,-0.5852994072513276
DNOW,1599617,2020-02-19,0001564590-20-005159,dnow-10k_20191231.htm,40288,2.8544479745830023,0.4964257347100874,2.358022239872915
DNTH,1690585,2020-03-03,0001193125-20-059835,d527383d10k.htm,97921,0.0,1.4807855311935132,-1.4807855311935132
DOC,765880,2020-02-13,0001628280-20-001456,healthpeak10-k12312019.htm,95903,0.0,3.336704795470423,-3.336704795470423
DOCU,1261333,2020-03-27,0001261333-20-000033,docu-20200131.htm,60823,0.0,0.9042631899117112,-0.9042631899117112
DORM,868780,2020-03-05,0001564590-20-009009,dorm-10ka_20191228.htm,1026,0.0,9.746588693957117,-9.746588693957117
DOV,29905,2020-02-14,0000029905-20-000011,dov-20191231.htm,63154,0.1583430978243658,0.3166861956487317,-0.1583430978243658
DOW,1751788,2020-02-07,0001751788-20-000007,dowinc201910k.htm,102954,1.4326786720282845,1.942615148512928,-0.5099364764846436
DPZ,1286681,2020-02-20,0001193125-20-042675,d796357d10k.htm,57419,0.0,0.4353959490760898,-0.4353959490760898
DRH,1298946,2020-02-28,0001298946-20-000032,drh10k12312019.htm,60882,0.0,0.2463782398738543,-0.2463782398738543
DRI,940944,2020-07-24,0000940944-20-000046,dri-202010xk.htm,59520,0.252016129032258,0.168010752688172,0.084005376344086
DSGR,703604,2020-02-27,0000703604-20-000016,a2019-10k.htm,25163,0.0,0.3974088940110479,-0.3974088940110479
DT,1773383,2020-05-27,0001773383-20-000053,dynatrace10-kfy20.htm,68779,0.2180898239288154,2.762471103098329,-2.5443812791695137
DTE,936340,2020-02-05,0000936340-20-000127,dteenergy2019123110k.htm,91178,15.683607887867687,0.4387023185417535,15.244905569325937
DUK,1326160,2020-02-20,0001326160-20-000034,duk-20191231x10k.htm,171470,24.858575844170993,0.9622674520324256,23.896308392138568
DVA,927066,2020-02-21,0000927066-20-000014,dva-12311910k.htm,88293,0.0,0.6795555706567904,-0.6795555706567904
DVAX,1029142,2020-03-11,0001564590-20-010075,dvax-10k_20191231.htm,54412,0.1837829890465338,0.2756744835698007,-0.0918914945232669
DVN,1090012,2020-02-19,0001564590-20-005182,dvn-10k_20191231.htm,55315,0.542348368435325,0.542348368435325,0.0
DX,826675,2020-02-25,0000826675-20-000013,dx-20191231.htm,51748,0.5797325500502435,1.8358197418257711,-1.2560871917755276
DXC,1688568,2020-06-01,0001688568-20-000032,dxcfy2010-k.htm,81534,0.2452964407486447,0.7972134324330954,-0.5519169916844506
DXCM,1093557,2020-02-13,0001093557-20-000029,dxcm-12312019x10kasof1.htm,80142,0.1247785181303186,0.8734496269122307,-0.748671108781912
DXPE,1020710,2020-03-13,0001020710-20-000015,dxpe12311910k.htm,39031,0.256206605006277,0.7686198150188313,-0.5124132100125541
DY,67215,2020-03-02,0000067215-20-000012,dyfy202010k.htm,56173,0.0,1.8692254285866876,-1.8692254285866876
EA,712515,2020-05-20,0000712515-20-000019,ea-20200331.htm,51316,0.0,0.389741990802089,-0.389741990802089
EAI,7323,2020-02-21,0000065984-20-000069,etr-12312019x10k.htm,265253,18.83107825359185,0.9236464809069076,17.907431772684944
EAT,703351,2020-08-24,0000703351-20-000059,eat202062410k.htm,53404,0.4213167552992285,0.2808778368661523,0.1404389184330761
EBAY,1065088,2020-04-29,0001206774-20-001423,ebay3749051-10ka.htm,28124,0.3555681979803726,2.133409187882236,-1.7778409899018632
ECPG,1084961,2020-02-26,0001084961-20-000024,ecpg-20191231.htm,64738,0.0,0.4634063455775588,-0.4634063455775588
ECVT,1708035,2020-02-27,0001708035-20-000009,pqform10-k12312019.htm,105609,0.4024278233862644,0.7575111969623801,-0.3550833735761157
ED,1047862,2020-02-20,0001047862-20-000041,ed-20191231x10k.htm,108384,39.212429878948925,1.2917035724830237,37.9207263064659
EEFT,1029199,2020-03-02,0001029199-20-000009,eeft1231201910k.htm,64660,0.0,0.5412929167955459,-0.5412929167955459
EFC,1411342,2020-03-13,0001411342-20-000030,efc-2019123110xk.htm,148519,0.0,1.447626229640652,-1.447626229640652
EFSC,1025835,2020-02-21,0001025835-20-000014,efsc-20191231_10k.htm,63656,0.1570943823048887,0.6283775292195551,-0.4712831469146663
EFX,33185,2020-02-20,0000033185-20-000011,efx-20191231.htm,78336,0.3191380718954248,0.3829656862745098,-0.0638276143790849
EG,1095073,2020-03-02,0001095073-20-000006,re-20191231.htm,91668,0.8181699175284723,0.7090805951913427,0.1090893223371296
EGP,49600,2020-02-13,0000049600-20-000030,egp1231201910k.htm,59474,0.252211050206813,0.7566331506204392,-0.5044221004136261
EHC,785161,2020-02-27,0000785161-20-000011,ehc10k123119.htm,97883,0.0,0.4597325378257716,-0.4597325378257716
EIG,1379041,2020-02-20,0001379041-20-000030,eig-2019x10k.htm,61207,0.0,0.1633800055549202,-0.1633800055549202
EIX,827052,2020-02-27,0000827052-20-000026,eix-sceq4201910k.htm,94392,13.136706500550892,1.7480294940249173,11.388677006525976
EL,1001250,2020-08-28,0001001250-20-000065,el-20200630.htm,82436,0.2426124508709786,1.6982871560968509,-1.455674705225872
ELAN,1739104,2020-02-28,0001739104-20-000005,elan-20191231.htm,69713,0.0,1.0758395134336494,-1.0758395134336494
ELF,1600033,2020-05-29,0001600033-20-000036,q42020form10-ka.htm,17017,0.0,1.1752952929423517,-1.1752952929423517
ELME,104894,2020-03-06,0000104894-20-000039,wre10-kx12312019amendm.htm,26211,0.0,0.3815192094921979,-0.3815192094921979
ELS,895417,2020-02-24,0000895417-20-000019,els1231201910k.htm,69748,0.9319263634799564,0.0,0.9319263634799564
ELV,1156039,2020-02-19,0001156039-20-000003,antm-2019123110kq42019.htm,96913,0.0,0.0,0.0
EME,105634,2020-02-27,0000105634-20-000043,eme-20191231x10k.htm,63391,0.8676310517265858,0.1577511003139247,0.7098799514126611
EMN,915389,2020-02-26,0000915389-20-000016,emn2019123110k.htm,66872,0.4486182557722216,1.2710850580212945,-0.8224668022490729
EMR,32604,2020-11-16,0000032604-20-000041,emr-20200930.htm,40206,0.2487190966522409,0.4974381933044819,-0.2487190966522409
ENB,895728,2020-03-09,0001193125-20-067327,d885928d10ka.htm,29510,5.083022704168078,3.727549983056591,1.3554727211114876
ENOV,1420800,2020-02-24,0001420800-20-000005,cfx10-kx201910k.htm,67489,0.3704307368608217,0.5186030316051504,-0.1481722947443287
ENPH,1463101,2020-02-21,0001463101-20-000021,a2019q410-kdoc.htm,60257,74.84607597457557,0.2489337338400518,74.59714224073552
ENR,1632790,2020-11-17,0001632790-20-000094,enr-20200930.htm,75387,22.483982649528432,0.3316221629723958,22.15236048655603
ENS,1289308,2020-06-01,0001289308-20-000029,ens-10k3312020.htm,66419,8.770080850359083,2.032550926692663,6.73752992366642
ENSG,1125376,2020-02-05,0001125376-20-000018,ensg1231201910k.htm,90228,0.0,0.1108303409141286,-0.1108303409141286
ENTG,1101302,2020-02-07,0001101302-20-000013,entg-12312019x10k.htm,60227,1.6603848772145382,0.4150962193036345,1.2452886579109037
ENVA,1529864,2020-02-27,0001564590-20-007473,enva-10k_20191231.htm,75316,0.1327739125816559,1.7924478198523557,-1.6596739072706996
EOG,821189,2020-02-27,0000821189-20-000010,a2019123110-k.htm,64117,0.2339473150646474,0.4678946301292949,-0.2339473150646474
EPAC,6955,2020-10-26,0000006955-20-000046,epac-20200831.htm,42449,0.0,0.0,0.0
EPAM,1352010,2020-03-02,0001352010-20-000012,epam-20191231x10k.htm,54342,0.0,0.8280887711162637,-0.8280887711162637
EPC,1096752,2020-11-20,0001096752-20-000059,epc-20200930.htm,58864,0.0,2.208480565371025,-2.208480565371025
EPD,1061219,2020-02-28,0001061219-20-000014,form10k.htm,137226,0.4007986824654219,1.0202148280938013,-0.6194161456283794
EPR,1045450,2020-02-25,0001045450-20-000019,epr-12312019x10k.htm,75198,0.1994733902497406,0.1329822601664937,0.0664911300832468
EPRT,1728951,2020-03-02,0001564590-20-007962,eprt-10k_20191231.htm,90747,0.3305894409732553,1.4325542442174397,-1.1019648032441844
EQH,1333986,2020-02-27,0001333986-20-000015,eqh201910-k.htm,158575,16.695569919596405,1.229702033737979,15.465867885858428
EQIX,1101239,2020-02-21,0001628280-20-001947,eqix2019123110k.htm,83511,8.35219312425908,0.2993617607261318,8.052831363532947
EQR,906107,2020-02-20,0001564590-20-005562,eqr-10k_20191231.htm,69681,0.6458001463813665,2.296178298244859,-1.6503781518634923
EQT,33213,2020-02-27,0000033213-20-000008,a1231201910k.htm,78502,0.1273852895467631,0.6369264477338157,-0.5095411581870526
ES,72741,2020-02-27,0000072741-20-000008,a201910kdocument.htm,122505,39.263703522305214,1.469327782539488,37.79437573976572
ESE,866706,2020-11-30,0001104659-20-130486,ese-20200930x10k.htm,43643,3.780675022340352,0.2291318195357789,3.5515432028045737
ESI,1590714,2020-02-28,0001590714-20-000023,esi-20191231.htm,56242,0.977916859286654,1.3335229899363463,-0.3556061306496924
ESNT,1448893,2020-02-18,0001448893-20-000015,a12311910k.htm,75098,0.3328983461610162,2.929505446216943,-2.5966071000559268
ESRT,1541401,2020-02-28,0001628280-20-002550,esrt12-31x1910xk.htm,79474,0.1258273145934519,0.8807912021541636,-0.7549638875607116
ESS,920522,2020-02-20,0000920522-20-000026,ess-123119x10k.htm,86902,245.7941129087938,1.8411544038111896,243.9529585049826
ESTA,1688757,2020-09-25,0001688757-20-000055,esta-20191231.htm,1997,0.0,5.007511266900351,-5.007511266900351
ET,1276187,2020-02-21,0001276187-20-000011,et12-31x201910k.htm,164778,0.4855017053247399,0.2730947092451662,0.2124069960795737
ETN,1551182,2020-02-26,0001551182-20-000050,etn12312019form10-k.htm,50340,0.1986491855383393,0.1986491855383393,0.0
ETNB,1785173,2020-03-18,0001564590-20-011636,etnb-10k_20191231.htm,86588,0.4042130549267796,0.8661708319859565,-0.4619577770591768
ETSY,1370637,2020-02-27,0001370637-20-000046,etsy1231201910k.htm,81639,4.317789291882557,3.123507147319296,1.1942821445632603
EVH,1628908,2020-03-02,0001628908-20-000032,evh12311910-k.htm,99931,0.4002761905714943,1.2008285717144829,-0.8005523811429887
EVR,1360901,2020-02-25,0001360901-20-000006,evr1231201910k.htm,84345,0.2964016835615626,0.4149623569861876,-0.118560673424625
EVRG,1711269,2020-03-02,0001711269-20-000012,evrg-12312019x10k.htm,90847,13.34661573854943,0.605413497418737,12.741202241130692
EVTC,1559865,2020-02-27,0001559865-20-000006,evertec10k12312019.htm,62446,0.2402075393139672,0.7206226179419019,-0.4804150786279345
EW,1099800,2020-02-14,0001099800-20-000005,ew10-kq42019.htm,53832,0.0,0.4644077871897756,-0.4644077871897756
EWBC,1069157,2020-02-27,0001069157-20-000016,ewbc10k12312019.htm,101019,8.760728179847355,0.7424345915124877,8.018293588334867
EXAS,1124140,2020-02-21,0001124140-20-000010,exas-20191231.htm,81369,0.0,0.3072423158696801,-0.3072423158696801
EXC,1109357,2020-02-11,0001109357-20-000053,exc-20191231x10k.htm,214160,18.315745237205828,0.8871871497945462,17.428558087411282
EXE,895126,2020-04-29,0000895126-20-000108,chk-2019123110kxa.htm,22421,0.0,3.1220730565095223,-3.1220730565095223
EXEL,939767,2020-02-25,0000939767-20-000035,exel2019123110-k.htm,80729,0.0,1.4864546817128914,-1.4864546817128914
EXLS,1297989,2020-02-27,0001297989-20-000003,exls-12312019x10k.htm,78618,1.3037726729247754,1.208374672466865,0.0953980004579103
EXP,918646,2020-05-22,0001564590-20-026773,exp-10k_20200331.htm,63772,0.0,0.470425892241109,-0.470425892241109
EXPD,746515,2020-02-21,0001564590-20-005719,expd-10k_20191231.htm,36288,0.0,0.2755731922398589,-0.2755731922398589
EXPE,1324424,2020-04-29,0001324424-20-000027,q42019-10kaproxy.htm,32054,0.0,0.9359206339302428,-0.9359206339302428
EXPI,1495932,2020-03-12,0001558370-20-002569,expi-20191231x10k.htm,41498,0.0,3.2531688274133694,-3.2531688274133694
EXPO,851520,2020-02-28,0001564590-20-007824,expo-10k_20200103.htm,32365,5.098099799165766,0.4634636181059787,4.634636181059787
EXR,1289490,2020-02-25,0001628280-20-002202,q4201910kexrdocument.htm,47634,2.7291430490825883,1.049670403493303,1.679472645589285
EXTR,1078271,2020-08-31,0001564590-20-042032,extr-10k_20200630.htm,68836,0.7990005229821605,0.4358184670811784,0.363182055900982
EYE,1710155,2020-02-26,0001710155-20-000010,nvhi201910-k.htm,77076,0.0,0.4540972546577404,-0.4540972546577404
EYPT,1314102,2020-03-16,0001564590-20-010956,eypt-10k_20191231.htm,89714,0.0,0.4458612925518871,-0.4458612925518871
EZPW,876523,2020-12-14,0000876523-20-000059,ezpw-20200930.htm,68439,0.0,2.483963821797513,-2.483963821797513
F,37996,2020-02-05,0000037996-20-000010,f1231201910-k.htm,86198,1.3341376830088865,1.1601197243555534,0.174017958653333
FAF,1472787,2020-02-18,0001564590-20-005064,faf-10k_20191231.htm,61980,0.2420135527589545,0.484027105517909,-0.2420135527589545
FANG,1539838,2020-02-27,0001539838-20-000021,diamondback201910-k.htm,107353,0.4657531694503181,0.4657531694503181,0.0
FAST,815556,2020-02-06,0000815556-20-000011,fast1231201910-k.htm,38461,0.0,1.3000182002548035,-1.3000182002548035
FBIN,1519751,2020-02-26,0001564590-20-006812,fbhs-10k_20191231.htm,47177,0.0,0.0,0.0
FBK,1649749,2020-03-13,0001649749-20-000069,fbk4q1910kmaster.htm,101435,0.098585300931631,0.4929265046581554,-0.3943412037265243
FBNC,811589,2020-02-28,0001628280-20-002559,fbnc-20191231x10k.htm,77360,0.5170630816959669,1.3572905894519132,-0.8402275077559462
FBP,1057706,2020-03-02,0001057706-20-000005,fbp12312019x10k.htm,165007,0.0909052343233923,0.8484488536849951,-0.7575436193616029
FBRT,1562528,2020-03-19,0001562528-20-000014,bsprt-201910k.htm,68541,0.4376942268131483,1.0212865292306794,-0.5835923024175311
FCF,712537,2020-03-02,0000712537-20-000006,fcf-20191231x10k.htm,68423,0.2192245297633836,0.7307484325446122,-0.5115239027812285
FCFS,840489,2020-02-03,0000840489-20-000020,fcfs1231201910-k.htm,55816,1.0749605847785582,1.3437007309731976,-0.2687401461946395
FCN,887936,2020-02-25,0000887936-20-000017,fti-123119x10k.htm,60214,0.2491115023084332,1.992892018467466,-1.743780516159033
FCNCA,798941,2020-02-26,0000798941-20-000014,fcnca10k12312019.htm,69495,0.0,0.8633714655730629,-0.8633714655730629
FCPT,1650132,2020-02-27,0001650132-20-000031,fcpt201910-k.htm,76659,0.0,0.7826869643486087,-0.7826869643486087
FCX,831259,2020-02-14,0000831259-20-000004,a2019form10-k.htm,111803,0.715544305608973,0.715544305608973,0.0
FDP,1047340,2020-02-20,0001047340-20-000020,fdp-122719x10k.htm,72101,0.6587980749226778,0.138694331562669,0.5201037433600089
FDS,1013237,2020-10-29,0001013237-20-000153,fds-20200831.htm,53193,0.0,1.5039572876130318,-1.5039572876130318
FDX,1048911,2020-07-20,0001564590-20-032775,fdx-10k_20200531.htm,90496,3.121684936350778,0.9945190947666196,2.1271658415841586
FE,1031296,2020-11-19,0001031296-20-000043,fe-20191231.htm,50033,8.294525613095358,1.1992085223752325,7.095317090720124
FELE,38725,2020-02-25,0000038725-20-000053,fele-20191231.htm,35377,0.424004296576872,0.848008593153744,-0.424004296576872
FFBC,708955,2020-02-21,0000708955-20-000011,q42019form10-k.htm,25811,0.5811475727403046,0.0,0.5811475727403046
FFIN,36029,2020-02-14,0001193125-20-037760,d876138d10k.htm,58714,0.9367442177334196,1.5328541744728683,-0.5961099567394488
FFIV,1048695,2020-11-19,0001048695-20-000041,ffiv-20200930.htm,49980,0.0,0.900360144057623,-0.900360144057623
FHB,36377,2020-02-28,0001558370-20-001695,fhb-20191231x10k63b83d.htm,119953,0.0,1.0420748126349486,-1.0420748126349486
FHI,1056288,2020-02-21,0001056288-20-000015,fii-10kfy2019.htm,64165,0.0,2.8052676692901115,-2.8052676692901115
FHN,36966,2020-02-28,0000930413-20-000605,c95148_10k-ixbrl.htm,137832,0.7255209240234488,0.906901155029311,-0.1813802310058622
FI,798354,2020-02-27,0000798354-20-000006,fisv1231201910-k.htm,70914,0.1410158783879064,2.2562540542065035,-2.115238175818597
FIBK,860413,2020-02-27,0000860413-20-000054,fibk-20191231x10k.htm,83371,0.0,0.3598373535162106,-0.3598373535162106
FICO,814547,2020-11-12,0000814547-20-000012,fico10-k2020.htm,57958,0.0,1.2940405120949652,-1.2940405120949652
FIS,1136893,2020-02-20,0001136893-20-000032,a10-k2019.htm,72451,0.0,1.4492553587942194,-1.4492553587942194
FIVE,1177609,2020-03-19,0001177609-20-000009,form10k2019fivebelowfo.htm,47169,0.0,0.0,0.0
FIVN,1288847,2020-02-27,0001288847-20-000028,fivn-20191231.htm,65699,0.0,0.4566279547633906,-0.4566279547633906
FIX,1035983,2020-02-26,0001558370-20-001491,fix-20191231x10ka923f7.htm,55442,0.1803686735687745,0.2705530103531618,-0.0901843367843872
FIZZ,69891,2020-07-01,0001437749-20-014395,fizz20200502_10k.htm,19150,1.5665796344647522,2.088772845953003,-0.5221932114882507
FLEX,866374,2020-05-28,0000866374-20-000009,flex331202010-k.htm,73483,3.7423621790073898,4.490834614808867,-0.7484724358014779
FLG,910073,2020-05-18,0001193125-20-145172,d911909d10ka.htm,2194,0.0,4.557885141294439,-4.557885141294439
FLO,1128928,2020-02-19,0001564590-20-005163,flo-10k_20191228.htm,71264,0.7016165244723843,0.9121014818140996,-0.2104849573417153
FLR,1124198,2020-10-14,0001104659-20-114914,tm207321d2_10ka.htm,32710,0.0,1.5285845307245491,-1.5285845307245491
FLS,30625,2020-02-18,0000030625-20-000007,fls12312019financialst.htm,65572,1.7537973525285182,1.5250411761117548,0.2287561764167632
FMC,37785,2020-02-28,0000037785-20-000035,fmc-20191231.htm,71007,0.0,0.9858182996042644,-0.9858182996042644
FN,1408710,2020-08-18,0001193125-20-223682,d932260d10k.htm,64127,0.0,2.1051974987134905,-2.1051974987134905
FNB,37808,2020-02-27,0000037808-20-000004,fnb-10xk2019xq4.htm,89709,1.0311117056259684,1.3933941967918493,-0.3622824911658808
FND,1507079,2020-02-20,0001558370-20-001086,fnd-20191226x10k178fb5.htm,64639,0.0,1.3923482727146148,-1.3923482727146148
FNF,1331875,2020-02-14,0001331875-20-000008,fnf12311910-k.htm,61943,0.0,0.3228774841386436,-0.3228774841386436
FOLD,1178879,2020-03-02,0001178879-20-000015,amicus1231201910-k.htm,78097,0.1920688374713497,0.1920688374713497,0.0
FOR,1406587,2020-11-19,0001406587-20-000087,for-20200930.htm,31500,0.0,1.2698412698412698,-1.2698412698412698
FORM,1039399,2020-02-21,0001039399-20-000011,form-20191228.htm,42870,0.2332633543270352,0.4665267086540704,-0.2332633543270352
FOXA,1754301,2020-08-10,0001564590-20-038975,fox-10k_20200630.htm,68921,0.2176404869343161,0.3627341448905268,-0.1450936579562107
FOXF,1424929,2020-03-03,0001424929-20-000014,foxf-20200103.htm,56844,0.0,0.0,0.0
FR,921825,2020-02-13,0000921825-20-000011,fr-20191231x10k.htm,59990,0.2500416736122687,1.3335555925987663,-1.0835139189864975
FRHC,924805,2020-07-14,0001654954-20-007646,frhc_10k.htm,36995,0.0,1.892147587511826,-1.892147587511826
FRME,712534,2020-02-28,0000712534-20-000060,frme-1231201910k.htm,76210,0.0,1.1153391943314526,-1.1153391943314526
FRPT,1611647,2020-04-29,0001564590-20-019813,frpt-10ka_20191231.htm,16700,0.0,0.5988023952095808,-0.5988023952095808
FRT,34903,2020-02-10,0000034903-20-000008,frt-1231201910k.htm,54629,0.0,0.2745794358307858,-0.2745794358307858
FSLR,1274494,2020-02-21,0001274494-20-000011,fslr10-k12x31x2019.htm,83917,143.68363978693233,0.1191653657780902,143.56447442115424
FSLY,1517413,2020-03-04,0001517413-20-000043,fsly-10kx123119.htm,72621,0.4131036477052092,0.6885060795086821,-0.2754024318034728
FSS,277509,2020-02-27,0000277509-20-000006,fss10k20191231.htm,57683,0.0,0.3467226045802056,-0.3467226045802056
FTAI,1590364,2020-02-28,0001590364-20-000002,ftai-20191231.htm,70321,0.0,0.7110251560700218,-0.7110251560700218
FTDR,1727263,2020-02-28,0001562762-20-000077,ftdr-20191231x10k.htm,54952,0.1819769981074392,1.0008734895909157,-0.8188964914834765
FTNT,1262039,2020-02-26,0001262039-20-000011,ftnt-201910xk.htm,63227,0.0,0.7117212583231848,-0.7117212583231848
FTV,1659166,2020-02-27,0001659166-20-000071,a20191231-10k.htm,65452,0.0,0.7639185968343214,-0.7639185968343214
FUBO,1484769,2020-08-11,0001493152-20-015142,form10-ka.htm,31797,0.0,0.6289901563040539,-0.6289901563040539
FULT,700564,2020-02-21,0000700564-20-000014,fult1231201910k.htm,76765,0.0,0.6513385006187716,-0.6513385006187716
FYBR,20520,2020-04-28,0001140361-20-009993,form10ka.htm,17853,0.5601299501484345,1.120259900296869,-0.5601299501484345
G,1398659,2020-03-02,0001564590-20-008158,g-10k_20191231.htm,86179,0.0,1.3344318221376437,-1.3344318221376437
GABC,714395,2020-03-02,0000714395-20-000008,gabc-123119x10k.htm,63201,0.0,1.9778168066960968,-1.9778168066960968
GAP,39911,2020-03-17,0000039911-20-000019,fy201910-k.htm,43877,0.0,0.3418647583016159,-0.3418647583016159
GATX,40211,2020-03-30,0000040211-20-000026,gatx20191231-10ka.htm,3158,0.0,0.0,0.0
GBCI,868671,2020-02-21,0000868671-20-000032,gbci-20191231.htm,66195,0.0,1.057481682906564,-1.057481682906564
GBX,923120,2020-10-28,0001564590-20-048326,gbx-10k_20200831.htm,50246,0.0,0.0,0.0
GD,40533,2020-02-10,0000040533-20-000015,gd-2019123110k.htm,53922,0.5563591854901524,0.5563591854901524,0.0
GDDY,1609711,2020-02-21,0001609711-20-000022,gddy-20191231.htm,80347,0.0,1.306831617857543,-1.306831617857543
GE,40545,2020-02-24,0000040545-20-000009,ge10-k2019.htm,100802,20.28729588698637,0.297613142596377,19.98968274438999
GEF,43920,2020-12-17,0000043920-20-000074,gef-20201031.htm,62787,0.0,3.5039100450730247,-3.5039100450730247
GEL,1022321,2020-02-27,0001022321-20-000026,gel1231201910-k.htm,105113,0.2854071332756177,1.0940606775565345,-0.8086535442809167
GEN,849399,2020-05-28,0000849399-20-000004,nlokfy2010-k.htm,54445,0.0,0.6428505831573147,-0.6428505831573147
GEO,923796,2020-02-26,0001193125-20-049748,d841729d10k.htm,104847,0.0,5.4364931757704085,-5.4364931757704085
GFF,50725,2020-11-13,0000050725-20-000063,gff-20200930x10k.htm,75653,0.859186020382536,0.9913684850567724,-0.1321824646742363
GGG,42888,2020-02-18,0000042888-20-000015,ggg1227201910-k.htm,32902,0.4558993374262963,0.0,0.4558993374262963
GH,1576280,2020-03-02,0001628280-20-002613,gh-12312019x10k.htm,102857,0.0,0.6805565007729177,-0.6805565007729177
GHC,104889,2020-02-26,0000104889-20-000007,a2019q410-k.htm,85244,0.3519309276899254,0.1173103092299751,0.2346206184599502
GIC,945114,2020-03-13,0000945114-20-000008,a123119systemax10-k.htm,36005,4.027218441883072,1.2498264129981946,2.777392028884877
GIII,821002,2020-03-30,0001558370-20-003389,giii-20200131x10k3bd50d.htm,65323,0.0,0.4592563109471396,-0.4592563109471396
GILD,882095,2020-02-25,0000882095-20-000006,a2019form10-k.htm,66747,0.0,0.2247292013124185,-0.2247292013124185
GIS,40704,2020-07-02,0001193125-20-186469,d89717d10k.htm,58436,0.3422547744541036,0.855636936135259,-0.5133821616811555
GKOS,1192448,2020-03-02,0001558370-20-001862,gkos-20191231x10k48f45f.htm,58502,0.0,1.2820074527366585,-1.2820074527366585
GL,320335,2020-02-27,0000320335-20-000008,gl-20191231.htm,60158,2.992120748695103,0.9142591176568372,2.077861631038266
GLP,1323468,2020-03-06,0001558370-20-002120,glp-20191231x10k.htm,115086,13.098899953078568,0.8689154197730393,12.22998453330553
GLPI,1575965,2020-02-21,0001575965-20-000012,glpi-2019123110xk.htm,76841,0.1301388581616585,0.3904165744849754,-0.260277716323317
GM,1467858,2020-02-05,0001467858-20-000028,gm201910k.htm,67987,6.545368967596747,0.8089781870063395,5.736390780590407
GME,1326380,2020-03-27,0001326380-20-000022,a10k-fy19q4.htm,42979,0.3490076549012308,0.9306870797366156,-0.5816794248353847
GMED,1237831,2020-03-02,0001237831-20-000015,gmed-20191231x10ka.htm,54238,0.0,0.9218629005494304,-0.9218629005494304
GNL,1526113,2020-02-28,0001526113-20-000006,gnl1231201910-k.htm,96261,0.0,0.5713632727688264,-0.5713632727688264
GNRC,1474735,2020-02-25,0001437749-20-003516,gnrc20191231_10k.htm,54115,16.261664972743233,0.5543749422526102,15.707290030490622
GNTX,355811,2020-02-26,0000355811-20-000007,gntx12312019-10k.htm,33559,0.4469739861140082,0.2979826574093387,0.1489913287046693
GNW,1276520,2020-04-10,0001206774-20-001132,gnw3726331-10ka.htm,30891,0.0,1.6185944126120877,-1.6185944126120877
GO,1771515,2020-03-25,0001771515-20-000005,go-20191228.htm,64853,0.1541948714785746,0.3854871786964365,-0.2312923072178619
GOGO,1537054,2020-03-13,0001193125-20-072797,d857662d10k.htm,92173,0.9764247664717434,1.084916407190826,-0.1084916407190826
GOLF,1672013,2020-12-17,0001672013-20-000065,golf12311910-kadoc.htm,1079,0.0,18.535681186283597,-18.535681186283597
GPC,40987,2020-02-21,0000040987-20-000010,gpc-12312019x10k.htm,45632,0.3287166900420757,0.9861500701262272,-0.6574333800841514
GPI,1031203,2020-02-13,0001031203-20-000006,a2019form10-k.htm,65606,0.0,1.066975581501692,-1.066975581501692
GPK,1408075,2020-02-11,0001408075-20-000009,gpk-20191231.htm,48740,0.2051702913418137,0.8206811653672548,-0.6155108740254411
GPN,1123360,2020-02-21,0001123360-20-000009,gpn20191231-10k.htm,60574,0.0,0.9079803215901212,-0.9079803215901212
GPOR,874499,2020-02-27,0001628280-20-002453,gpor-12312019x10k.htm,68816,4.21413624738433,1.017205301092769,3.1969309462915603
GRBK,1373670,2020-03-06,0001373670-20-000005,a201910-k.htm,46500,0.0,1.3978494623655917,-1.3978494623655917
GRC,42682,2020-03-02,0001193125-20-058694,d730837d10k.htm,24732,0.606501698204755,1.21300339640951,-0.606501698204755
GRPN,1490281,2020-02-18,0001490281-20-000021,a201910-k.htm,66337,0.0,0.3014908723638392,-0.3014908723638392
GSAT,1366868,2020-02-28,0001366868-20-000030,gsat-20191231x10k.htm,61783,3.601314277390221,0.4046420536393507,3.1966722237508702
GSHD,1726978,2020-03-16,0001726978-20-000088,gshd-20191231.htm,55103,0.5444349672431628,0.3629566448287752,0.1814783224143876
GT,42582,2020-02-11,0000950123-20-001393,gt-q4201910k.htm,73642,0.0,0.0,0.0
GTES,1718512,2020-02-21,0001718512-20-000013,gtes-201910xk.htm,63325,0.0,0.3158310303987366,-0.3158310303987366
GTLS,892553,2020-02-14,0000892553-20-000034,gtls-20191231x10xk.htm,70976,0.2113390441839495,0.6340171325518484,-0.422678088367899
GTY,1052752,2020-02-27,0001564590-20-007390,gty-10k_20191231.htm,74598,0.1340518512560658,0.0,0.1340518512560658
GWRE,1528396,2020-09-28,0001528396-20-000053,gwre-20200731.htm,59569,0.0,1.0911715825345398,-1.0911715825345398
GWW,277135,2020-02-20,0000277135-20-000007,gww20191231-10k.htm,31391,0.3185626453442069,0.3185626453442069,0.0
HAE,313143,2020-05-20,0000313143-20-000028,fy202010-kdocument.htm,58760,0.0,0.2552756977535738,-0.2552756977535738
HAL,45012,2020-02-11,0000045012-20-000031,hal12312019-10k.htm,41259,0.3635570420999054,0.7271140841998109,-0.3635570420999054
HALO,1159036,2020-02-24,0001159036-20-000013,halo2019-10k.htm,50599,0.0,0.5928970928279215,-0.5928970928279215
HAS,46080,2020-02-27,0000046080-20-000028,has-20191229x10k.htm,78265,0.0,0.8943972401456589,-0.8943972401456589
HASI,1561894,2020-03-27,0001561894-20-000059,hasi1231201910-ka.htm,3186,15.69365976145637,3.138731952291274,12.554927809165097
HBI,1359841,2020-02-11,0001359841-20-000027,hbi-20191228x10k.htm,67533,0.4812462055587638,1.9249848222350552,-1.4437386166762916
HCA,860730,2020-02-20,0001193125-20-043524,d864235d10k.htm,73691,0.2035526726465918,0.6106580179397756,-0.4071053452931837
HCC,1691303,2020-02-19,0001691303-20-000014,a123119form10-k.htm,80743,0.0,1.8577461823315953,-1.8577461823315953
HCI,1400810,2020-03-06,0001564590-20-009164,hci-10k_20191231.htm,53644,2.6097979270747897,0.1864141376481992,2.42338378942659
HCSG,731012,2020-02-21,0000731012-20-000033,hcsg-20191231.htm,35600,1.9662921348314608,0.2808988764044944,1.6853932584269664
HD,354950,2020-03-25,0000354950-20-000015,hd10k02022020.htm,42666,2.4609759527492616,1.6406506351661745,0.8203253175830872
HE,354707,2020-02-28,0000354707-20-000045,hei-201910kuseforsingl.htm,122367,39.164970948049714,2.696805511289808,36.46816543675991
HEI,46619,2020-12-23,0000046619-20-000078,hei-20201031.htm,47649,2.5184159163885917,0.3148019895485739,2.2036139268400174
HESM,1789832,2020-02-21,0001564590-20-005754,hesm-10k_20191231.htm,66331,0.4899669837632479,0.5276567517450362,-0.0376897679817883
HGV,1674168,2020-03-02,0001564590-20-008097,hgv-10k_20191231.htm,71170,0.0,1.2645777715329491,-1.2645777715329491
HI,1417398,2020-11-12,0001417398-20-000042,hi-20200930.htm,75430,0.0,1.2594458438287155,-1.2594458438287155
HIG,874766,2020-02-21,0000874766-20-000020,hig1231201910-kdocument.htm,147880,4.040438193129565,0.4395455774952664,3.600892615634298
HIW,921082,2020-02-04,0000921082-20-000004,hiw1231201910k.htm,63084,0.0,0.4755564009891573,-0.4755564009891573
HL,719413,2020-02-13,0001437749-20-002531,hl20200212_10ka.htm,2528,0.0,0.0,0.0
HLI,1302215,2020-05-15,0001302215-20-000074,fy2010-k.htm,50445,0.0,0.495589255624938,-0.495589255624938
HLIO,1024795,2020-02-25,0001564590-20-006215,hlio-10k_20191228.htm,41054,1.096117308910216,0.8525356847079456,0.2435816242022701
HLIT,851310,2020-03-02,0000851310-20-000006,hlit-20191231x10k.htm,61087,0.0,0.7366542799613667,-0.7366542799613667
HLNE,1433642,2020-05-28,0001433642-20-000039,hlne-20200331.htm,71347,0.0,0.4204801883751243,-0.4204801883751243
HLT,1585689,2020-02-11,0001585689-20-000013,hlt-20191231.htm,72229,0.0,1.107588364784228,-1.107588364784228
HLX,866829,2020-02-27,0000866829-20-000007,hlx12312019-10k.htm,50761,4.629538425168929,1.6745138984653571,2.9550245267035717
HMN,850141,2020-03-02,0001628280-20-002596,a201910k.htm,81194,9.852944798876765,1.108456289873636,8.744488509003128
HNI,48287,2020-02-25,0000048287-20-000045,a2019form10-k.htm,38179,0.3928861415961654,0.6548102359936091,-0.2619240943974436
HOG,793952,2020-02-19,0000793952-20-000008,hog10-k12x31x2019.htm,63324,0.0,1.6581390941823004,-1.6581390941823004
HOLX,859737,2020-11-17,0000859737-20-000039,holx-20200926.htm,83558,0.0,3.2911271212810265,-3.2911271212810265
CPTP,202947,2020-03-06,0001564590-20-009173,cptp-10k_20191231.htm,11986,0.0,0.0,0.0
HOMB,1331520,2020-02-26,0001564590-20-006652,homb-10k_20191231.htm,92436,0.0,1.2981955082435417,-1.2981955082435417
HOPE,1128361,2020-06-24,0001128361-20-000026,hope-12x31x201910xka1.htm,1155,0.0,0.0,0.0
HOUS,1398987,2020-02-25,0001398987-20-000010,rlgy-20191231.htm,103128,0.3393840664029167,0.5333178186331549,-0.1939337522302381
HP,46765,2020-11-20,0000046765-20-000032,hp-20200930x10k.htm,70435,1.4197487044793071,1.2777738340313765,0.1419748704479307
HPE,1645590,2020-12-10,0001645590-20-000056,hpe-20201031.htm,91722,0.0,2.3440395979154403,-2.3440395979154403
HPP,1482512,2020-02-24,0001482512-20-000040,hpp-20191231.htm,77664,0.1931396786155748,3.3477544293366295,-3.1546147507210547
HPQ,47217,2020-12-10,0000047217-20-000045,hpq-20201031.htm,78321,0.3191991930644399,2.6174333831284073,-2.2982341900639676
HQY,1428336,2020-03-31,0001428336-20-000012,hqy-20200131.htm,57378,0.2614242392554637,0.5228484785109275,-0.2614242392554637
HR,1360604,2020-02-18,0001360604-20-000025,hta2019123110-k.htm,73860,0.2030869212022745,0.1353912808015163,0.0676956404007581
HRB,12659,2020-06-17,0001574842-20-000021,hrb2020043010k.htm,50000,0.0,0.2,-0.2
HRI,1364479,2020-02-27,0001364479-20-000005,herc2019form10-k.htm,55798,0.0,0.8064805190150185,-0.8064805190150185
HRL,48465,2020-12-04,0000048465-20-000043,hrl-20201025.htm,42723,0.0,1.0532968190436065,-1.0532968190436065
HROW,1360214,2020-03-13,0001493152-20-003862,form10-k.htm,65975,0.0,0.6820765441455097,-0.6820765441455097
HSIC,1000228,2020-02-20,0001000228-20-000018,hsic-20191228.htm,81146,0.0,0.8010253123998718,-0.8010253123998718
HSII,1066605,2020-02-24,0001066605-20-000005,hsii-123119x10k.htm,36947,0.0,0.4059869542858689,-0.4059869542858689
HST,1070750,2020-02-25,0001564590-20-006404,hst-10k_20191231.htm,79381,0.1889620942039027,1.7006588478351243,-1.5116967536312216
HTGC,1280784,2020-02-20,0001564590-20-005567,htgc-10k_20191231.htm,118065,10.841485622326683,0.8893406174564858,9.952145004870198
HTH,1265131,2020-02-27,0001558370-20-001651,hth-20191231x10k08cf14.htm,145376,0.275148580233326,1.0318071758749725,-0.7566585956416465
HTO,766829,2020-03-02,0000766829-20-000055,sjw2019q410k.htm,67485,0.0,2.148625620508261,-2.148625620508261
HTZ,1657853,2020-02-25,0001657853-20-000007,hghthc201910-k.htm,101637,0.0,1.869397955468973,-1.869397955468973
HUBB,48898,2020-02-14,0001628280-20-001557,hubb-20191231x10k.htm,55631,0.0,1.527925077744423,-1.527925077744423
HUBG,940942,2020-02-28,0001564590-20-007787,hubg-10k_20191231.htm,37620,0.2658160552897395,0.3987240829346092,-0.1329080276448697
HUBS,1404655,2020-02-12,0001564590-20-004381,hubs-10k_20191231.htm,57738,0.0,0.4329904049326267,-0.4329904049326267
HUM,49071,2020-02-20,0000049071-20-000032,hum-20191231x10k.htm,75712,0.1320794590025359,0.7924767540152156,-0.6603972950126796
HUN,1307954,2020-02-13,0001558370-20-000780,hun-20191231x10kd4ad18.htm,95693,1.4630119235471768,0.522504258409706,0.9405076651374707
HURN,1289848,2020-02-26,0001289848-20-000006,hurn2019123110-k.htm,60683,0.0,0.9887447884910108,-0.9887447884910108
HWC,750577,2020-02-25,0001564590-20-006172,hwc-10k_20191231.htm,86717,0.0,1.0955176032381195,-1.0955176032381195
HWKN,46250,2020-05-20,0000046250-20-000027,hwkn-20200329.htm,30217,0.0,0.3309395373465268,-0.3309395373465268
HWM,4281,2020-02-27,0000004281-20-000038,form10k4q19.htm,81936,0.0,0.3661394258933802,-0.3661394258933802
HXL,717605,2020-02-18,0001564590-20-005037,hxl-10k_20191231.htm,47969,7.9738998102941485,1.2508078133794742,6.723091996914674
IART,917520,2020-02-21,0000917520-20-000010,iart-20191231x10k.htm,72285,0.0,0.8992183717230409,-0.8992183717230409
IBKR,1381197,2020-02-28,0001381197-20-000006,ibkr-20191231x10k.htm,66096,0.7942992011619463,0.9834180585814573,-0.189118857419511
IBOC,315709,2020-02-27,0001558370-20-001608,iboc-20191231x10k97a722.htm,22680,0.0,1.984126984126984,-1.984126984126984
IBP,1580905,2020-02-27,0001193125-20-052757,d853980d10k.htm,53281,0.0,0.938420825434958,-0.938420825434958
IBRX,1326110,2020-03-25,0001564590-20-012816,nk-10k_20191231.htm,107715,0.0,0.974794596852806,-0.974794596852806
ICFI,1362004,2020-02-28,0001564590-20-007616,icfi-10k_20191231.htm,54547,0.8249766256622729,0.8249766256622729,0.0
ICUI,883984,2020-03-02,0000883984-20-000014,icui1231201910-k.htm,58064,0.0,0.6027831358500965,-0.6027831358500965
IDA,1057877,2020-02-20,0001057877-20-000040,ida12311910k.htm,91639,28.508604415150753,1.8551053590720108,26.653499056078743
IDCC,1405495,2020-02-20,0001405495-20-000007,idcc-2019x10k.htm,69552,0.4313319530710835,1.0064412238325282,-0.5751092707614447
IDT,1005731,2020-12-22,0001213900-20-044095,f10k2020a1_idtcorp.htm,1679,0.0,0.0,0.0
IDXX,874716,2020-02-14,0000874716-20-000006,idxx201910k.htm,71810,0.0,1.531820080768695,-1.531820080768695
IEP,813762,2020-02-28,0000813762-20-000008,iep-20191231.htm,92563,3.943260265981007,0.2700863195877402,3.673173946393267
IESC,1048268,2020-12-07,0001048268-20-000033,iesc-20200930.htm,48450,2.063983488132094,0.3095975232198142,1.7543859649122806
IEX,832101,2020-02-21,0000832101-20-000007,iex-20191231x10k.htm,50356,1.8369211216141077,1.2908094368099134,0.5461116848041941
IIIV,1728688,2020-11-23,0001728688-20-000086,iiiv-20200930.htm,76905,0.0,1.690397243352188,-1.690397243352188
IIPR,1677576,2020-05-01,0001104659-20-055535,tm2018227d1_10ka.htm,2106,0.0,4.748338081671415,-4.748338081671415
ILMN,1110803,2020-02-11,0001110803-20-000018,form10-k2019classic.htm,48508,0.0,0.4123031252576895,-0.4123031252576895
IMAX,921582,2020-02-19,0001564590-20-005319,imax-10k_20191231.htm,82961,0.7835006810428997,0.964308530514338,-0.1808078494714383
IMKTA,50493,2020-12-10,0000050493-20-000021,imkt-20200926x10ka.htm,2742,0.0,0.0,0.0
IMO,49938,2020-02-26,0001193125-20-050268,d849034d10k.htm,89331,1.735119947162799,2.9105237823375982,-1.1754038351747993
INCY,879169,2020-02-13,0001558370-20-000774,incy-20191231x10k6c65b7.htm,84673,1.771521027954602,0.1181014018636401,1.6534196260909615
INDB,776901,2020-02-27,0000776901-20-000064,indb12-31x201910xk.htm,87912,0.1706251706251706,1.308126308126308,-1.1375011375011377
INOD,903651,2020-03-16,0001104659-20-034167,tm205362d1_10k.htm,37419,0.2672439135198696,0.668109783799674,-0.4008658702798043
INSM,1104506,2020-02-25,0001104506-20-000007,insm-20191231.htm,68436,0.2191828862002454,1.6804021275352152,-1.4612192413349698
INSP,1609550,2020-02-25,0001609550-20-000011,insp-20191231.htm,71449,4.198799143444975,0.9797198001371608,3.219079343307814
INSW,1679049,2020-03-03,0001558370-20-001928,insw-20191231x10k.htm,92243,0.1084093101915592,0.9214791366282536,-0.8130698264366943
INTC,50863,2020-01-24,0000050863-20-000011,a12282019q4-10kdocument.htm,66238,3.6232978048854134,2.5665026117938345,1.0567951930915789
INVA,1080014,2020-02-21,0001104659-20-023924,inva-20191231x10ka16146.htm,16174,0.0,0.6182762458266353,-0.6182762458266353
INVH,1687229,2020-02-19,0001687229-20-000004,a12312019ihinc10kdocum.htm,82754,0.5437803610701597,1.9334412838050123,-1.3896609227348526
INVX,1042893,2020-02-27,0001564590-20-007447,drq-10k_20191231.htm,48543,0.4120058504830768,0.2060029252415384,0.2060029252415384
IOSP,1054905,2020-02-19,0001193125-20-041516,d853900d10k.htm,38116,0.0,0.2623570154265925,-0.2623570154265925
IP,51434,2020-02-19,0000051434-20-000011,a10-k123119.htm,63054,0.8722682145462619,1.5066450978526342,-0.6343768833063723
IPAR,822663,2020-11-02,0001213900-20-034569,f10k2019a1_interparfums.htm,851,0.0,0.0,0.0
IPG,51644,2020-02-21,0000051644-20-000013,ipg12311910k.htm,59734,0.0,2.092610573542706,-2.092610573542706
IPGP,1111928,2020-02-24,0001111928-20-000030,ipgp-20191231.htm,55123,2.7211871632530884,0.7256499102008236,1.9955372530522648
IQV,1478242,2020-02-18,0001564590-20-004901,iqv-10k_20191231.htm,70829,0.2117776616922446,1.6942212935379577,-1.4824436318457128
IR,1699150,2020-02-26,0001140361-20-004146,form10k.htm,72572,0.0,0.62007385768616,-0.62007385768616
IRDM,1418819,2020-02-25,0001418819-20-000004,irdm1231201910k.htm,62354,1.4433717163293454,1.844308304198608,-0.4009365878692625
IRM,1020569,2020-02-13,0001020569-20-000029,irm201910k.htm,104556,1.0759784230460232,2.677990741803435,-1.6020123187574125
IRT,1466085,2020-02-18,0001564590-20-005043,irt-10k_20191231.htm,54850,0.2734731084776663,0.820419325432999,-0.5469462169553327
IRTC,1388658,2020-03-02,0001388658-20-000034,irtc-20191231.htm,72325,1.0369858278603523,1.244382993432423,-0.2073971655720705
ISRG,1035267,2020-02-07,0001035267-20-000032,isrg-20191231.htm,74733,0.0,1.2042872626550518,-1.2042872626550518
ITGR,1114483,2020-02-20,0001114483-20-000003,form10-k20191231.htm,58260,2.5746652935118433,0.4291108822519739,2.1455544112598695
ITRI,780571,2020-02-27,0000780571-20-000004,itri-20191231.htm,60425,0.4964832436905254,0.1654944145635084,0.3309888291270169
ITT,216228,2020-02-21,0000216228-20-000005,itt10-kx12312019.htm,61990,1.129214389417648,0.1613163413453782,0.9678980480722696
ITW,49826,2020-02-14,0000049826-20-000020,itw-20191231x10k.htm,43152,0.0,0.8110863922877272,-0.8110863922877272
IVT,1307748,2020-02-21,0001307748-20-000020,ivtp1231201910-k.htm,62214,0.0,2.7325039380203813,-2.7325039380203813
J,52988,2020-11-24,0000052988-20-000070,jec-20201002.htm,81389,1.5972674440034895,2.211601076312524,-0.6143336323090344
JAZZ,1232524,2020-04-24,0001193125-20-119160,d859263d10ka.htm,46164,0.0,0.8664760419374404,-0.8664760419374404
JBGS,1689796,2020-02-25,0001689796-20-000003,jbgs-12311910xk.htm,99387,0.3018503426001389,3.57189572076831,-3.270045378168171
JBHT,728535,2020-03-02,0001437749-20-004119,jbht20191231_10k.htm,29033,0.0,0.0,0.0
JBL,898293,2020-10-22,0001193125-20-274411,d25678d10k.htm,55786,0.4481411106729287,1.7925644426917149,-1.3444233320187862
JBLU,1158463,2020-02-18,0001158463-20-000012,a201910-k.htm,61146,1.798972949988552,2.1260589408955615,-0.3270859909070094
JBTM,1433660,2020-03-02,0001433660-20-000008,a123119-jbt10xk.htm,56368,0.5322168606301447,3.8142208345160378,-3.2820039738858924
JCI,833444,2020-11-16,0000833444-20-000048,jci-20200930.htm,76790,0.5209011590050788,1.302252897512697,-0.7813517385076183
JJSF,785956,2020-11-25,0001437749-20-024447,jjsf20200926_10k.htm,34372,0.0,0.7273362038868847,-0.7273362038868847
JKHY,779152,2020-08-25,0000779152-20-000064,jkhy-20200630.htm,39483,0.0,0.6331839019324772,-0.6331839019324772
JLL,1037976,2020-02-27,0001037976-20-000011,jll10kq42019.htm,69028,0.0,4.563365590774758,-4.563365590774758
JNJ,200406,2020-02-18,0000200406-20-000010,form10-k20191229.htm,74431,0.0,1.0076446641856216,-1.0076446641856216
JOE,745308,2020-02-26,0001558370-20-001483,joe-20191231x10k.htm,63198,0.0,3.0855406816671413,-3.0855406816671413
KAI,886346,2020-02-25,0000886346-20-000019,kai201910k.htm,58285,0.5147121901003688,0.4289268250836408,0.0857853650167281
KALU,811596,2020-02-25,0000811596-20-000010,kalu-12312019x10k.htm,53088,0.4709162145871006,0.8476491862567811,-0.3767329716696805
KAR,1395942,2020-02-19,0001395942-20-000018,kar-20191231x10k.htm,61366,0.2444350291692468,1.5480885180718964,-1.3036534889026496
KBH,795266,2020-01-24,0000795266-20-000007,kbh-11302019x10k.htm,64813,0.2314350516100165,0.6171601376267107,-0.3857250860166942
KBR,1357615,2020-02-24,0001357615-20-000034,kbr1231201910-k.htm,77443,0.1291272290587916,0.9684542179409372,-0.8393269888821455
KDP,1418135,2020-02-27,0001418135-20-000007,kdp-10kx12312019.htm,71270,0.0,0.0,0.0
KEX,56047,2020-02-24,0001140361-20-003820,form10-k.htm,65371,0.3059460617093206,0.458919092563981,-0.1529730308546603
KEY,91576,2020-02-26,0000091576-20-000007,key-123119x10k.htm,116758,0.085647236163689,0.7280015073913565,-0.6423542712276674
KEYS,1601046,2020-12-17,0001601046-20-000154,keys-10312020x10k.htm,68277,1.7575464651346715,2.416626389560174,-0.6590799244255019
KFY,56679,2020-07-15,0001564590-20-032398,kfy-10k_20200430.htm,73413,0.0,1.5664800512170869,-1.5664800512170869
KHC,1637459,2020-02-14,0001637459-20-000027,form10-k2019.htm,81253,1.5691728305416417,0.55382570489705,1.0153471256445916
KIM,879101,2020-02-25,0001437749-20-003500,kim20191231_10k.htm,72405,0.0,2.5550721635246187,-2.5550721635246187
KKR,1404912,2020-02-18,0001404912-20-000006,kkr-2019123110xk.htm,170806,0.0,1.8149245342669464,-1.8149245342669464
KLAC,319201,2020-08-07,0000319201-20-000047,klac-20200630.htm,79344,2.205585803589434,0.5041338979632991,1.7014519056261346
KLIC,56978,2020-11-20,0000056978-20-000146,klic-20201003.htm,44113,0.0,0.226690544737379,-0.226690544737379
KMB,55785,2020-02-13,0000055785-20-000016,kmb2019form10k.htm,34633,0.0,0.866225853954321,-0.866225853954321
KMI,1506307,2020-02-12,0001506307-20-000022,kmi-2019x10k.htm,90238,0.5540902945544006,1.6068618542077615,-1.052771559653361
KMPR,860748,2020-02-14,0000860748-20-000033,kmpr20191231201910k.htm,84495,0.5325758920646192,0.118350198236582,0.4142256938280372
KMT,55242,2020-08-20,0000055242-20-000026,kmt630202010k.htm,50875,0.7371007371007371,0.1965601965601965,0.5405405405405405
KMX,1170010,2020-04-21,0001170010-20-000033,kmxfy2010-k.htm,51792,0.1930800123571208,0.5792400370713624,-0.3861600247142416
KN,1587523,2020-02-12,0001587523-20-000006,knowles20191231-10xk.htm,53364,0.0,0.0,0.0
KNSA,1730430,2020-03-05,0001558370-20-002081,knsa-20191231x10k.htm,109841,0.0,0.5007237734543567,-0.5007237734543567
KNSL,1669162,2020-03-02,0001669162-20-000007,knsl10-k12312019.htm,58868,0.2548073656315825,0.4246789427193042,-0.1698715770877217
KNTK,1692787,2020-03-16,0001784031-20-000003,altusmidstream2019-10xk.htm,63293,0.0,1.7379489043022134,-1.7379489043022134
KNX,1492691,2020-02-27,0001492691-20-000013,knx-10k12312019.htm,80381,0.1866112638558863,0.870852564660803,-0.6842413008049166
KO,21344,2020-02-24,0000021344-20-000006,a2019123110-k.htm,108555,0.5066556123623969,0.6448344157339597,-0.1381788033715628
KR,56873,2020-04-01,0001558370-20-003501,kr-20200201x10k.htm,62455,0.1601152830037627,1.2809222640301017,-1.120806981026339
KRC,1025996,2020-02-13,0001025996-20-000050,a123119krckrlp10-k.htm,106751,1.264625155736246,1.6393289055840226,-0.3747037498477766
KRG,1286043,2020-02-20,0001286043-20-000032,krg-20191231x10k.htm,66030,0.1514463122822959,0.3786157807057398,-0.2271694684234439
KRP,1657788,2020-02-28,0001558370-20-001706,krp-20191231x10k.htm,95584,0.0,1.1508202209574825,-1.1508202209574825
KRYS,1711279,2020-03-10,0001564590-20-009550,krys-10k_20191231.htm,55892,0.0,1.6102483360767192,-1.6102483360767192
KTOS,1069258,2020-02-24,0001069258-20-000006,ktos20191229form10-k.htm,64142,0.0,0.3897602195129556,-0.3897602195129556
KW,1408100,2020-02-28,0001408100-20-000061,kw2019123110k.htm,80672,0.0,1.4875049583498612,-1.4875049583498612
KWR,81362,2020-03-20,0000081362-20-000002,kwr-20191231.htm,74174,0.2696362606843368,0.9437269123951788,-0.674090651710842
L,60086,2020-02-12,0001193125-20-031657,d816698d10k.htm,96250,0.0,0.1038961038961039,-0.1038961038961039
LAD,1023128,2020-02-28,0001023128-20-000030,lad2019q4-10ka.htm,21136,0.0,0.9462528387585164,-0.9462528387585164
LADR,1577670,2020-02-28,0001577670-20-000004,ladr1231201910k.htm,128427,0.0,0.3503936088205751,-0.3503936088205751
LAMR,1090425,2020-02-20,0001564590-20-005593,lamr-10k_20191231.htm,66728,0.1498621268433041,4.420932741877473,-4.271070615034168
LASR,1124796,2020-03-09,0001124796-20-000037,nlightq4201910-k.htm,42922,0.3494711336843576,1.5143749126322166,-1.164903778947859
LAUR,912766,2020-02-27,0001628280-20-002350,laur12312019-10xk.htm,136271,0.2935327399079775,1.7611964394478652,-1.4676636995398875
LAZ,1311370,2020-02-25,0001564590-20-006094,laz-10k_20191231.htm,72013,0.0,0.83318289753239,-0.83318289753239
LBRDA,1611983,2020-02-03,0001558370-20-000441,lbrda-20191231x10k26291c.htm,55480,0.9012256669069936,0.3604902667627974,0.5407354001441961
LBRT,1694028,2020-02-27,0001694028-20-000019,lbrt-20191231.htm,61774,0.4856412082753262,0.6475216110337683,-0.161880402758442
LCII,763744,2020-02-27,0000763744-20-000030,lcii-20191231.htm,43333,0.0,0.9230840237232594,-0.9230840237232594
LEA,842162,2020-02-04,0000842162-20-000006,lear-2019123110xk.htm,68559,6.126110357502297,1.1668781633337708,4.959232194168526
LECO,59527,2020-02-27,0000059527-20-000007,leco-20191231x10k.htm,43332,0.0,0.4615526631588664,-0.4615526631588664
LEN,920760,2020-01-27,0001628280-20-000559,len-20191130x10k.htm,77971,2.148234600043606,0.3847584358287055,1.7634761642149002
LEU,1065059,2020-03-27,0001065059-20-000005,leu-20191231x10k.htm,61840,1.2128072445019404,0.4042690815006468,0.8085381630012936
LFUS,889331,2020-02-21,0000889331-20-000014,lfus-122819x10k.htm,52724,3.129504589940065,0.5690008345345573,2.560503755405508
LGIH,1580670,2020-02-25,0001580670-20-000017,a12311910k.htm,48020,0.0,0.3123698458975427,-0.3123698458975427
LGND,886163,2020-02-27,0000886163-20-000025,lgnd-20191231.htm,55582,0.0,1.0794861645856573,-1.0794861645856573
LH,920148,2020-03-05,0000920148-20-000016,lh10-ka2019.htm,2973,0.0,3.3636057854019508,-3.3636057854019508
LII,1069202,2020-02-18,0001069202-20-000004,lii-20191231x10k.htm,49158,0.0,0.2034256885959559,-0.2034256885959559
LILA,1712184,2020-04-29,0001712184-20-000135,lla10-ka04x29x2020.htm,31071,0.0,2.896591677126581,-2.896591677126581
LIN,1707925,2020-03-02,0001707925-20-000015,lin201910-k.htm,74373,0.8739730816290857,0.268914794347411,0.6050582872816748
LITE,1633978,2020-08-25,0001633978-20-000011,lumentumfy20-10k.htm,70820,1.376729737362327,0.1412030499858797,1.2355266873764474
LIVN,1639691,2020-04-28,0001639691-20-000043,a201910-ka.htm,22926,0.0,3.489487917648085,-3.489487917648085
LKFN,721994,2020-02-24,0001104659-20-024065,lkfn-20191231x10k489b45.htm,78396,0.0,1.211796520230624,-1.211796520230624
LKQ,1065696,2020-02-27,0001065696-20-000008,lkq-2019123110k.htm,86277,0.2897643636195046,0.9851988363063156,-0.695434472686811
LMAT,1158895,2020-05-20,0001437749-20-011418,lmat20200520_10ka.htm,12874,0.0,1.5535187199005749,-1.5535187199005749
LMB,1606163,2020-12-04,0001628280-20-017124,form10-ka.htm,1126,0.0,8.880994671403197,-8.880994671403197
LMT,936468,2020-02-07,0000936468-20-000016,lmtq4201910k.htm,75738,1.353349705563918,0.3961023528479759,0.957247352715942
LNC,59558,2020-02-20,0000059558-20-000012,lnc-20191231x10k.htm,124905,14.671150074056282,0.2401825387294343,14.430967535326849
LNG,3570,2020-02-25,0000003570-20-000043,cei2019form10k.htm,85369,0.7028312385057808,0.0,0.7028312385057808
LNN,836157,2020-10-22,0001564590-20-047271,lnn-10k_20200831.htm,38562,0.2593226492401846,0.7779679477205539,-0.5186452984803692
LNT,352541,2020-02-21,0000352541-20-000021,lnt1231201910-k.htm,71337,49.93902182598091,1.5419768142759018,48.39704501170501
LNTH,1521036,2020-02-25,0001628280-20-002197,lnth_12312019x10k.htm,72344,0.5529138560212319,1.03671348003981,-0.4837996240185779
LNW,750004,2020-02-18,0000750004-20-000007,sgms1231201910k.htm,93917,0.1597154934676363,1.2244854499185451,-1.0647699564509088
LOB,1462120,2020-02-27,0001564590-20-007421,lob-10k_20191231.htm,91055,7.05617483938279,2.80050518917138,4.255669650211411
LOPE,1434588,2020-02-20,0001558370-20-001013,lope-20191231x10ka0a80b.htm,58537,0.7687445547260706,0.0,0.7687445547260706
LOW,60667,2020-03-23,0000060667-20-000036,form10k01312020.htm,48223,2.6439665719677334,1.1405345996723557,1.5034319722953775
LPG,1596993,2020-06-12,0001596993-20-000019,lpg-20200331x10k.htm,89678,0.6411828988157631,1.7284060750685786,-1.0872231762528155
LPLA,1397911,2020-02-21,0001397911-20-000023,lpla2019123110-kx2019.htm,57357,1.220426451871611,1.7434663598165874,-0.5230399079449761
LPX,60519,2020-02-13,0001793498-20-000014,lpx1231201910k.htm,44218,0.3392283685376996,0.0,0.3392283685376996
LRCX,707549,2020-08-18,0000707549-20-000138,lrcx10k2020document.htm,58796,0.0,0.595278590380298,-0.595278590380298
LRN,1157408,2020-08-12,0001558370-20-010355,lrn-20200630x10k.htm,74730,0.0,0.5352602703064365,-0.5352602703064365
LSTR,853816,2020-02-21,0001193125-20-044766,d837995d10k.htm,42713,0.5853018987193594,0.2341207594877437,0.3511811392316156
LTC,887905,2020-02-20,0001558370-20-001096,ltc-20191231x10kd9bbf1.htm,64732,0.0,1.2358647963912748,-1.2358647963912748
LULU,1397187,2020-03-26,0001397187-20-000012,lulu-20200202x10k.htm,46142,0.2167222920549607,0.3250834380824411,-0.1083611460274803
LUMN,18926,2020-02-28,0000018926-20-000009,ctl2019123110k.htm,96126,0.6241807627488921,0.4161205084992614,0.2080602542496307
LUV,92380,2020-02-04,0000092380-20-000024,luv-12312019x10k.htm,71924,0.4171069462210111,0.7646960680718536,-0.3475891218508425
LVS,1300514,2020-02-07,0001300514-20-000011,lvs-20191231x10k.htm,74998,0.2666737779674125,1.06669511186965,-0.8000213339022375
LW,1679273,2020-07-28,0001558370-20-008501,lw-20200531x10k.htm,57187,0.961757042684526,0.262297375277598,0.6994596674069281
LXP,910108,2020-02-20,0001444838-20-000003,lxp2019123110k.htm,56797,0.2640984559043611,2.3768861031392503,-2.112787647234889
LYB,1489393,2020-02-20,0001489393-20-000009,a2019q410k.htm,71300,0.8415147265077139,0.6311360448807855,0.2103786816269284
LYV,1335258,2020-06-30,0001335258-20-000134,lyv-20191231.htm,3382,0.0,0.0,0.0
LZB,57131,2020-06-23,0000057131-20-000035,lzb-20200425x10k.htm,50409,0.0,0.0,0.0
M,794367,2020-03-30,0000794367-20-000040,m-0201202010xk.htm,51444,0.0,0.0,0.0
MA,1141391,2020-02-14,0001141391-20-000032,ma12312019-10xk.htm,64851,0.0,1.5419962683690305,-1.5419962683690305
MAA,912595,2020-02-20,0001564590-20-005582,maa-10k_20191231.htm,70124,0.0,0.855627174719069,-0.855627174719069
MAC,912242,2020-02-25,0000912242-20-000004,mac-20191231.htm,63029,0.2379856891272271,0.1586571260848181,0.079328563042409
MAN,871763,2020-02-21,0001564590-20-005762,man-10k_20191231.htm,57053,0.0,0.2629134313708307,-0.2629134313708307
MANH,1056696,2020-02-10,0001564590-20-003915,manh-10k_20191231.htm,44053,0.0,0.907997185208726,-0.907997185208726
MAR,1048286,2020-02-27,0001628280-20-002376,mar-q42019x10k.htm,53773,0.0,0.1859669350789429,-0.1859669350789429
MARA,1507605,2020-03-24,0001493152-20-004558,form10-k.htm,46988,0.0,1.8089725036179451,-1.8089725036179451
MAS,62996,2020-02-11,0000062996-20-000006,mas2019123110k.htm,41913,0.0,0.0,0.0
MASI,937556,2020-02-19,0000937556-20-000030,masi-20191228xform10k.htm,78117,0.9600983140673603,0.7680786512538884,0.1920196628134721
MAT,63276,2020-02-27,0001628280-20-002456,mat1231201910-ka.htm,1194,0.0,16.75041876046901,-16.75041876046901
MATX,3453,2020-04-09,0001558370-20-003777,matx-20191231x10ka21c9e.htm,3710,0.0,0.0,0.0
MBIN,1629019,2020-03-16,0001558370-20-002771,mbin-20191231x10k.htm,62243,0.4016515913436048,0.4819819096123258,-0.0803303182687209
MC,1596967,2020-02-27,0001564590-20-006910,mc-10k_20191231.htm,46267,0.0,0.9726154710700932,-0.9726154710700932
MCD,63908,2020-02-26,0000063908-20-000022,mcd-12312019x10k.htm,39934,0.2504131817498873,1.0016527269995492,-0.7512395452496619
MCHP,827054,2020-05-22,0000827054-20-000119,a2020-03x3110k.htm,72627,0.2065347598000743,1.7211229983339529,-1.5145882385338787
MCK,927653,2020-05-22,0000927653-20-000033,mck10k3312020.htm,83485,0.0,0.119781996765886,-0.119781996765886
MCO,1059556,2020-02-24,0001059556-20-000005,mco-20191231.htm,73166,0.0,4.783642675559687,-4.783642675559687
MCRI,907242,2020-03-12,0001558370-20-002525,mcri-20191231x10k.htm,42973,0.0,0.2327042561608451,-0.2327042561608451
MCY,64996,2020-02-12,0000064996-20-000012,mcy-20191231x10k.htm,63920,0.7040050062578223,2.424906132665832,-1.72090112640801
MD,893949,2020-04-28,0001193125-20-123354,d919155d10ka.htm,30614,0.6532958777030117,2.286535571960541,-1.6332396942575291
MDB,1441816,2020-03-27,0001441816-20-000067,mdb-013120x10k.htm,71294,0.0,1.542906836479928,-1.542906836479928
MDGL,1157601,2020-02-26,0001193125-20-049021,d796399d10k.htm,48130,0.0,0.2077706212341575,-0.2077706212341575
MDLZ,1103982,2020-02-07,0001103982-20-000003,mdlz10k123119document1.htm,78188,0.1918452959533432,0.9592264797667162,-0.767381183813373
MDT,1613103,2020-06-19,0001613103-20-000021,mdt-20200424.htm,80051,1.3741239959525802,0.4996814530736655,0.8744425428789147
MDU,67716,2020-02-21,0000067716-20-000010,a2019form10-k.htm,78478,5.033257728280537,0.6371212314279161,4.396136496852621
MEDP,1668397,2020-02-25,0001564590-20-006385,medp-10k_20191231.htm,62080,0.7248711340206186,0.0,0.7248711340206186
MELI,1099590,2020-12-23,0001562762-20-000435,meli-20191231x10ka.htm,33035,0.0,1.2108369910700771,-1.2108369910700771
METC,1687187,2020-02-20,0001558370-20-001079,metc-20191231x10k.htm,49088,3.055736636245111,1.4260104302477183,1.6297262059973925
MFA,1055160,2020-02-21,0001055160-20-000006,mfa-12312019x10k.htm,99147,0.6051620321341039,2.118067112469364,-1.51290508033526
MGEE,1161728,2020-02-27,0001161728-20-000016,mgee-20191231.htm,64861,44.05574998843681,1.0792309708453462,42.976519017591464
MGNI,1595974,2020-02-27,0001595974-20-000026,rubiq42019.htm,84286,0.0,0.8898274921101963,-0.8898274921101963
MGRC,752714,2020-02-25,0001564590-20-006373,mgrc-10k_20191231.htm,50743,0.1970715172536113,2.561929724296947,-2.364858207043336
MGY,1698990,2020-02-26,0001698990-20-000004,a10-k2019.htm,54548,0.6416367236195644,1.4665982254161471,-0.8249615017965828
MHK,851968,2020-02-28,0000851968-20-000020,a2019q410-kdocument.htm,48434,0.9290993929883966,0.7226328612131974,0.2064665317751992
MHO,799292,2020-02-21,0000799292-20-000033,mho-20191231x10k.htm,62578,2.197257822237847,1.917606826680303,0.2796509955575442
MIDD,769520,2020-02-26,0000769520-20-000004,midd-2019122819x10kq4.htm,49627,0.0,0.0,0.0
MKL,1096343,2020-02-21,0001096343-20-000039,mkl1231201910k.htm,86202,0.3480197675227953,0.3480197675227953,0.0
MKSI,1049502,2020-02-28,0001193125-20-056028,d114808d10k.htm,71207,0.6319603409777128,0.6319603409777128,0.0
MKTX,1278021,2020-02-18,0001564590-20-004935,mktx-10k_20191231.htm,59514,0.0,0.5040830728904123,-0.5040830728904123
MLI,89439,2020-02-26,0000089439-20-000016,mli12281910-k.htm,43773,0.9138053137778996,0.2284513284444749,0.6853539853334247
MLKN,66382,2020-07-28,0000066382-20-000038,hmi10k05302020.htm,52705,0.0,0.948676596148373,-0.948676596148373
MLM,916076,2020-02-21,0001564590-20-005784,mlm-10k_20191231.htm,75201,0.3324423877342056,1.5957234611241873,-1.2632810733899815
MMC,62709,2020-02-20,0000062709-20-000010,mmc1231201910k.htm,79939,0.0,1.06331077446553,-1.06331077446553
MMI,1578732,2020-03-02,0001193125-20-058202,d825656d10k.htm,49792,0.2008354755784061,0.5020886889460154,-0.3012532133676092
MMM,66740,2020-02-06,0001558370-20-000581,mmm-20191231x10k62bf35.htm,101317,1.0857013136985896,0.592200716562867,0.4935005971357225
MMS,1032220,2020-11-19,0001032220-20-000102,mms-20200930.htm,46483,1.129445173504292,0.3226986210012262,0.8067465525030657
MMSI,856982,2020-04-29,0000856982-20-000019,mmsi-20191231x10ka.htm,23384,0.0,5.986999657885734,-5.986999657885734
MNKD,899460,2020-02-25,0001564590-20-006198,mnkd-10k_20191231.htm,65113,0.0,0.0,0.0
MNST,865752,2020-02-28,0001104659-20-027209,mnst-20191231x10kb9432b.htm,65937,0.4549797534009737,0.3033198356006491,0.1516599178003245
MO,764180,2020-05-19,0000764180-20-000055,a2019form10-ka.htm,1106,0.0,0.0,0.0
MOD,67347,2020-05-29,0001140361-20-012690,form10k.htm,52418,2.81391888282651,0.38154832309512,2.43237055973139
MODG,837465,2020-03-02,0000837465-20-000002,ely-20191231x10k.htm,73853,0.0,2.031061703654557,-2.031061703654557
MOH,1179929,2020-02-14,0001179929-20-000026,moh-12312019x10k.htm,56872,0.0,2.285834857223238,-2.285834857223238
MOS,1285785,2020-02-20,0001618034-20-000003,mos-20191231x10k.htm,94620,0.951173113506658,0.5812724582540689,0.3699006552525893
MPC,1510295,2020-02-28,0001510295-20-000006,mpc-20191231x10k.htm,91186,6.41545851336828,1.9191542561358104,4.49630425723247
MPLX,1552000,2020-02-28,0001552000-20-000007,mplx-20191231x10k.htm,132484,2.188943570544368,0.641586908607832,1.5473566619365358
MPW,1287865,2020-02-27,0001564590-20-006950,mpw-10k_20191231.htm,80086,0.4994630771920186,0.9989261543840372,-0.4994630771920186
MRC,1439095,2020-02-14,0001439095-20-000015,mrc-20191231x10k.htm,50788,1.2798298810742696,0.5906907143419706,0.689139166732299
MRCY,1049521,2020-08-18,0001049521-20-000034,mrcy-20200703.htm,59418,0.0,3.1135346191389814,-3.1135346191389814
MRK,310158,2020-02-26,0000310158-20-000005,mrk1231201910k.htm,91490,0.0,0.109301563012351,-0.109301563012351
MSA,66570,2020-02-20,0000066570-20-000005,a2019-10xkxmsa.htm,48006,0.0,0.0,0.0
MSEX,66004,2020-02-27,0001174947-20-000248,msex10k2019.htm,39281,0.0,0.2545760036658944,-0.2545760036658944
MSGS,1636519,2020-08-31,0001636519-20-000025,msgs0630202010k.htm,79241,0.1261972968539013,0.0,0.1261972968539013
MSI,68505,2020-02-14,0000068505-20-000006,msi201910-k.htm,71720,0.2091466815393196,0.139431121026213,0.0697155605131065
MSM,1003078,2020-10-27,0001003078-20-000283,msm-20200829x10k.htm,41126,0.2431551816369206,0.364732772455381,-0.1215775908184603
MSTR,1050446,2020-02-14,0001564590-20-004679,mstr-10k_20191231.htm,47425,0.0,0.5271481286241434,-0.5271481286241434
MTCH,891103,2020-04-29,0001104659-20-053357,tm2011652-2_10ka.htm,21175,0.0,1.4167650531286895,-1.4167650531286895
MTD,1037646,2020-02-07,0001037646-20-000005,mtd10k12312019.htm,49181,0.0,0.0,0.0
MTDR,1520006,2020-03-02,0001520006-20-000037,a20191231mtdr10-k.htm,107569,3.695302549991169,0.9296358616329984,2.76566668835817
MTG,876437,2020-02-24,0000876437-20-000007,mtg-123119x10k.htm,87612,1.712094233666621,1.9403734648221704,-0.2282792311555494
MTH,833079,2020-02-18,0000833079-20-000026,mth-20191231.htm,44565,0.6731740154830024,1.3463480309660047,-0.6731740154830024
MTN,812011,2020-09-24,0000812011-20-000059,mtn2020073110-k.htm,77358,1.2280565681636029,0.517076449753096,0.7109801184105069
MTRN,1104657,2020-02-13,0001104657-20-000013,mtrn2019123110k.htm,45777,0.6553509404285995,1.7476025078095987,-1.0922515673809992
MTSI,1493594,2020-11-18,0001493594-20-000063,mtsi-20201002.htm,53063,1.2720728191018225,0.2826828486892939,0.9893899704125284
MTX,891014,2020-02-14,0000891014-20-000010,form10k.htm,54832,0.0,0.1823752553253574,-0.1823752553253574
MTZ,15615,2020-02-27,0000015615-20-000005,mtz12311910-k.htm,79565,18.098410104945643,0.5655753157795513,17.532834789166092
MU,723125,2020-10-19,0000723125-20-000082,mu-20200903.htm,52374,0.2864016496735021,0.6682705159048382,-0.3818688662313361
MUR,717423,2020-02-27,0000717423-20-000008,mur-20191231x10k.htm,65037,0.0,0.3843965742577302,-0.3843965742577302
MUSA,1573516,2020-02-18,0001573516-20-000007,musa1231201910-kdoc.htm,52069,3.360924926539784,0.4801321323628262,2.8807927941769575
MVST,1760689,2020-03-13,0001213900-20-006365,f10k2019_tuscanholdings.htm,39497,0.0,4.810491936096412,-4.810491936096412
MWA,1350593,2020-11-19,0001350593-20-000066,mwa-20200930.htm,46046,0.0,1.1944577161968466,-1.1944577161968466
MXL,1288469,2020-02-05,0001288469-20-000013,a12311910-k.htm,67132,0.6703211583149616,0.8937615444199488,-0.2234403861049872
MYRG,700923,2020-03-04,0001104659-20-029253,tv536230-ar.htm,71576,5.867888677769084,0.6287023583324018,5.239186319436683
MZTI,57515,2020-08-27,0000057515-20-000024,lanc-2020630x10k.htm,36826,0.0,0.2715472763808179,-0.2715472763808179
NAVI,1593538,2020-02-27,0001564590-20-007457,navi-10k_20191231.htm,99536,0.2009323259926057,0.2009323259926057,0.0
NBHC,1475841,2020-02-26,0001558370-20-001499,nbhc-20191231x10ke69e64.htm,84842,0.0,1.237594587586337,-1.237594587586337
NBIX,914475,2020-02-07,0001564590-20-003773,nbix-10k_20191231.htm,55732,0.0,0.2691451948611211,-0.2691451948611211
NBTB,790359,2020-03-02,0001140361-20-004533,form10k.htm,71315,0.3505573862441281,2.5941246582065483,-2.24356727196242
NCLH,1513761,2020-02-27,0001558370-20-001661,nclh-20191231x10kc19a9c.htm,61551,0.0,1.2997351789572875,-1.2997351789572875
NDAQ,1120193,2020-02-25,0001120193-20-000004,ndaq1231201910-k.htm,78522,2.769924352410789,2.3560276100965334,0.4138967423142559
NDSN,72331,2020-12-18,0000072331-20-000024,ndsn-20201031.htm,47466,0.6320313487548982,1.896094046264695,-1.2640626975097964
NEE,753308,2020-02-14,0000753308-20-000021,nee-12312019x10k.htm,84460,57.867629647170254,0.8879943168363722,56.979635330333885
NEM,1164727,2020-02-20,0001558370-20-001041,nem-20191231x10k047aaa.htm,152795,0.6871952616250531,1.57073202657155,-0.8835367649464969
NEO,1077183,2020-02-28,0001077183-20-000022,neo-20191231.htm,60426,0.0,1.1584417303809618,-1.1584417303809618
NEOG,711377,2020-07-30,0001193125-20-204007,d925387d10k.htm,39040,0.0,0.8965163934426229,-0.8965163934426229
NEU,1282637,2020-02-18,0001282637-20-000005,neu-2019123110k.htm,40121,0.3738690461354403,0.3738690461354403,0.0
NEXT,1612720,2020-03-03,0001437749-20-004261,next20191231_10k.htm,31720,0.9457755359394704,0.7881462799495587,0.1576292559899117
NFG,70145,2020-11-20,0000070145-20-000032,nfg-20200930.htm,77272,1.035303861683404,1.552955792525106,-0.517651930841702
NG,1173420,2020-01-22,0001171843-20-000396,ng20191130_10k.htm,45584,1.755001755001755,2.303439803439803,-0.5484380484380484
NGVT,1653477,2020-02-26,0001653477-20-000014,ngvt-20191231.htm,69351,2.379201453475797,0.2883880549667633,2.090813398509034
NHC,1047335,2020-02-21,0001437749-20-003248,nhc20191231_10k.htm,47269,0.0,1.375108422010197,-1.375108422010197
NHI,877860,2020-02-25,0000877860-20-000026,a10-kaslc2019.htm,906,0.0,11.037527593818984,-11.037527593818984
NI,1111711,2020-02-28,0001111711-20-000013,ni-20191231x10k.htm,81697,13.770395485758351,0.3060087885724078,13.464386697185944
NIC,1174850,2020-02-28,0001174850-20-000012,ncbs-12312019x10k.htm,57025,0.0,0.6137658921525646,-0.6137658921525646
NJR,356309,2020-11-30,0000356309-20-000098,njr-20200930.htm,94085,27.60801402986661,1.0097252484455546,26.598288781421054
NKE,320187,2020-07-24,0000320187-20-000047,nke-531202010k.htm,64232,0.0,0.8562710175613402,-0.8562710175613402
NLY,1043219,2020-02-14,0001628280-20-001548,a2019nly10-k.htm,101186,0.0,1.828316170221177,-1.828316170221177
NMIH,1547903,2020-02-14,0001547903-20-000018,nmih201910k.htm,77075,1.3298734998378203,1.4271813168991243,-0.0973078170613039
NMRK,1690680,2020-04-28,0001193125-20-123286,d892599d10ka.htm,53476,0.0,1.6829979804024235,-1.6829979804024235
NNI,1258602,2020-02-27,0001258602-20-000019,nni-20191231.htm,99936,3.4021773935318604,1.100704450848543,2.301472942683317
NNN,751364,2020-02-11,0000751364-20-000021,nnn-20191231x10k.htm,131221,0.0,0.266725600323119,-0.266725600323119
NOC,1133421,2020-01-30,0001133421-20-000006,noc-12312019x10k.htm,57361,0.1743344781297397,0.0,0.1743344781297397
NOG,1104485,2020-07-10,0001104485-20-000147,nog-20191231.htm,1564,0.0,0.0,0.0
NOV,1021860,2020-02-13,0001564590-20-004552,nov-10k_20191231.htm,48238,2.3840126041709855,0.0,2.3840126041709855
NOVT,1076930,2020-02-26,0001564590-20-006601,novt-10k_20191231.htm,64450,0.4654771140418929,0.4654771140418929,0.0
NPKI,71829,2020-02-21,0000071829-20-000009,a2019q410k.htm,45003,4.110837055307424,0.5555185209874898,3.5553185343199343
NPO,1164863,2020-03-11,0001164863-20-000012,npo-10kx12312019.htm,70635,0.4247186239116585,0.3539321865930488,0.0707864373186097
NRG,1013871,2020-02-27,0001013871-20-000013,nrg-20191231.htm,103686,20.68746021642266,0.4822251798699921,20.20523503655267
NSA,1618563,2020-02-26,0001618563-20-000022,nsa-20191231.htm,72744,0.2062025734081161,0.962278675904542,-0.7560761024964258
NSIT,932696,2020-02-21,0001564590-20-005741,nsit-10k_20191231.htm,49853,0.0,0.9026538021784044,-0.9026538021784044
NSP,1000753,2020-02-12,0001000753-20-000013,a12312019-documentx10k.htm,45685,0.0,0.6566706796541535,-0.6566706796541535
NSSC,69633,2020-09-15,0001104659-20-105150,tm2024728-1_10k.htm,29140,0.0,0.0,0.0
NTAP,1002047,2020-06-15,0001564590-20-029349,ntap-10k_20200424.htm,59064,0.0,1.0158472165786263,-1.0158472165786263
NTCT,1078075,2020-05-20,0001628280-20-008116,ntct-20200331.htm,64724,0.0,0.2317532908967307,-0.2317532908967307
NTLA,1652130,2020-02-27,0001564590-20-007409,ntla-10k_20191231.htm,96405,0.0,0.3111871790882216,-0.3111871790882216
NTNX,1618732,2020-09-23,0001618732-20-000112,ntnx-20200731.htm,76262,0.0,0.7867614277097374,-0.7867614277097374
NUE,73309,2020-02-28,0001564590-20-007794,nue-10k_20191231.htm,46694,0.9637212489827388,0.9637212489827388,0.0
NVAX,1000694,2020-04-29,0001104659-20-053438,tm2017933d1_10ka.htm,21362,0.4681209624566988,2.808725774740193,-2.340604812283494
NVCR,1645113,2020-02-27,0001645113-20-000025,nvcr-20191231.htm,65234,2.759297298954533,0.2299414415795444,2.5293558573749886
NVR,906163,2020-02-19,0000906163-20-000026,a201910-k.htm,39185,0.0,1.403598315682021,-1.403598315682021
NVRI,45876,2020-02-21,0000045876-20-000026,hsc-201910kxq42019.htm,72187,0.0,2.0779364705556405,-2.0779364705556405
NVT,1720635,2020-02-25,0001720635-20-000009,nvent201910-k.htm,47040,0.0,1.0629251700680271,-1.0629251700680271
NWBI,1471265,2020-03-02,0001471265-20-000016,nwbi-12312019x10k.htm,78877,0.0,0.8874576872852669,-0.8874576872852669
NWL,814453,2020-03-02,0000814453-20-000078,nwl-20191231x10k.htm,77007,0.0,1.233654083395016,-1.233654083395016
NWN,1733998,2020-03-02,0001733998-20-000006,form10-k20191.htm,95527,5.731363907586337,0.7851183435049777,4.94624556408136
NXRT,1620393,2020-02-21,0001564590-20-005798,nxrt-10k_20191231.htm,75439,0.0,0.5965084372804517,-0.5965084372804517
NYT,71691,2020-02-27,0000071691-20-000003,a201910-kq4project.htm,54357,0.1839689460419081,0.0,0.1839689460419081
O,726728,2020-02-24,0000726728-20-000033,realtyincome10k2019.htm,59781,0.0,1.0036633713052645,-1.0036633713052645
OBK,1516912,2020-02-28,0001516912-20-000020,a12312019obnkannualrep.htm,78669,0.0,1.3347061739694164,-1.3347061739694164
OCFC,1004702,2020-02-28,0001004702-20-000027,ocfc-12312019x10k.htm,69220,0.0,1.5891360878358856,-1.5891360878358856
OCUL,1393434,2020-03-12,0001558370-20-002537,ocul-20191231x10k.htm,133144,0.2253199543351559,1.1265997716757796,-0.9012798173406238
ODFL,878927,2020-02-26,0001564590-20-006626,odfl-10k_20191231.htm,33808,1.7747278750591575,1.3310459062943685,0.4436819687647894
OFG,1030469,2020-03-03,0001030469-20-000010,ofg10k2019.htm,92389,0.0,1.4612129149574082,-1.4612129149574082
OGE,1021635,2020-02-27,0001021635-20-000016,oge-20191231.htm,77046,18.819925758637694,0.973444435791605,17.846481322846092
OGS,1587732,2020-02-20,0001587732-20-000017,onegas10-k2019.htm,53335,1.9686884784850471,0.1874941408080997,1.7811943376769477
OHI,888491,2020-02-28,0000888491-20-000007,ohi-20191231x10k.htm,113156,0.0,0.3976810774505991,-0.3976810774505991
OI,812074,2020-02-21,0001558370-20-001125,oi-20191231x10keddfad.htm,67762,0.0,0.1475753372096455,-0.1475753372096455
OII,73756,2020-02-27,0000073756-20-000018,oii10k12312019.htm,46302,1.187853656429528,0.53993348019524,0.647920176234288
OKE,1039684,2020-02-25,0001039684-20-000012,oke10-k2019.htm,71415,0.8401596303297627,0.4900931176923616,0.3500665126374011
OKTA,1660134,2020-03-06,0001660134-20-000006,okta-131202010k.htm,65161,0.2301990454412915,0.4603980908825831,-0.2301990454412915
OLED,1005284,2020-03-20,0001564590-20-012064,oled-10ka_20191231.htm,2744,0.0,3.6443148688046647,-3.6443148688046647
OLLI,1639300,2020-03-25,0001140361-20-006788,form10k.htm,43062,0.0,0.6966699177929496,-0.6966699177929496
OLN,74303,2020-02-25,0000074303-20-000072,oln-2019x1231x10xk.htm,71400,1.2605042016806722,0.0,1.2605042016806722
OMC,29989,2020-02-11,0000029989-20-000005,omc-20191231.htm,43034,0.0,0.6971232049077474,-0.6971232049077474
OMCL,926326,2020-02-26,0000926326-20-000010,omcl-20191231.htm,59655,0.1676305422848042,0.1676305422848042,0.0
OMF,1584207,2020-02-14,0001584207-20-000011,omf-20191231.htm,73813,0.0,0.6773874520748379,-0.6773874520748379
ON,1097864,2020-02-19,0001193125-20-041751,d864442d10k.htm,76562,0.9142916851701888,2.2857292129254723,-1.3714375277552833
ONTO,704532,2020-02-25,0001564590-20-006357,onto-10k_20191231.htm,52119,1.5349488670158675,0.9593430418849171,0.5756058251309504
OPCH,1014739,2020-03-05,0001014739-20-000013,bios-20191231x10k.htm,46769,0.0,0.6414505334730269,-0.6414505334730269
OPK,944809,2020-03-02,0000944809-20-000007,opk-12312019x10k.htm,106709,0.0,0.9371280772943238,-0.9371280772943238
ORA,1296445,2020-03-03,0001437749-20-004270,ora20191231_10ka.htm,1018,0.0,0.0,0.0
ORC,1518621,2020-02-21,0001275477-20-000030,orc10k20191231.htm,60119,0.4990102962457792,1.5801992714449675,-1.0811889751991883
ORCL,1341439,2020-06-22,0001564590-20-030125,orcl-10k_20200531.htm,71141,0.0,0.702829591937139,-0.702829591937139
ORI,74260,2020-02-28,0000074260-20-000024,ori201910-k.htm,64688,0.6183527083848627,0.463764531288647,0.1545881770962156
ORLY,898173,2020-02-28,0000898173-20-000007,orly-20191231x10k.htm,52848,5.582046624280957,1.040720557069331,4.541326067211626
OSIS,1039065,2020-08-21,0001104659-20-097650,osis-20200630x10k.htm,68249,0.3663057334173394,1.6850063737197616,-1.318700640302422
OSW,1758488,2020-04-29,0001564590-20-019704,osw-10ka_20191231.htm,12618,0.0,5.547630369313679,-5.547630369313679
OTEX,1002638,2020-08-06,0001002638-20-000026,a10-kq4x20.htm,113178,0.7068511548180741,1.943840675749704,-1.2369895209316295
OTTR,1466593,2020-02-20,0001437749-20-003157,ottr20191231_10k.htm,91394,34.958531194607964,1.0394555441276232,33.91907565048034
OUT,1579877,2020-02-26,0001579877-20-000038,a20191231-10xkxoutfront.htm,65064,0.0,1.0758637649083975,-1.0758637649083975
OXY,797468,2020-02-28,0000797468-20-000004,oxy10k12-31x2019.htm,76191,0.7874945859747214,0.6562454883122679,0.1312490976624535
PAA,1070423,2020-02-27,0001070423-20-000004,paa-20191231.htm,117741,0.2547965449588503,1.401380997273677,-1.1465844523148263
PAG,1019849,2020-02-21,0001558370-20-001163,pag-20181231x10k724ca0.htm,72135,1.2476606363069247,0.970402717127608,0.2772579191793166
PAGP,1581990,2020-02-27,0001581990-20-000005,pagp-20191231.htm,120636,0.248681985476972,1.2848569249643556,-1.0361749394873836
PAHC,1069899,2020-08-26,0001104659-20-098687,tm2024863-1_10k.htm,86416,0.1735789668579892,0.8100351786706166,-0.6364562118126273
PANW,1327567,2020-09-04,0001327567-20-000032,panw-20200731.htm,68711,0.0,0.4366113140545182,-0.4366113140545182
PAR,708821,2020-03-16,0000708821-20-000018,par12311910-k.htm,39338,0.3813106919518023,0.7626213839036047,-0.3813106919518023
PARR,821483,2020-03-27,0000821483-20-000021,a2019123110-ka20191231.htm,5467,8.231205414304005,0.0,8.231205414304005
PATK,76605,2020-02-27,0000076605-20-000046,patk12-31x1910xk.htm,40699,0.0,0.4914125654192978,-0.4914125654192978
PAYC,1590955,2020-02-13,0001564590-20-004636,payc-10k_20191231.htm,46426,0.0,0.2153965450394175,-0.2153965450394175
PAYX,723531,2020-07-17,0000723531-20-000048,payx-20200531x10k.htm,49255,0.0,0.9136128311846512,-0.9136128311846512
PB,1068851,2020-02-28,0001564590-20-007837,pb-10k_20191231.htm,76103,0.3285021615442229,0.5913038907796013,-0.2628017292353783
PBF,1534504,2020-02-20,0001534504-20-000030,pbf-2019123110k.htm,106499,4.600982168846656,0.469487976412924,4.131494192433732
PBH,1295947,2020-05-08,0001295947-20-000018,pbh-20200331.htm,55095,0.0,0.2722570106180234,-0.2722570106180234
PEN,1321732,2020-02-26,0001321732-20-000047,pen-20191231.htm,73419,0.2043067870714665,0.8172271482858662,-0.6129203612143996
PENG,1616533,2020-10-22,0001564590-20-047291,sgh-10k_20200828.htm,85038,0.2939862179261036,1.117147628119194,-0.8231614101930902
PENN,921738,2020-02-27,0000921738-20-000009,penn1231201910k.htm,79068,0.1897101229321596,0.0,0.1897101229321596
PEP,77476,2020-02-13,0000077476-20-000015,pepsico201910-k.htm,76223,0.1967909948440759,2.1647009432848354,-1.9679099484407592
PFGC,1618673,2020-08-18,0001564590-20-040455,pfgc-10k_20200627.htm,58946,0.1696467953720354,0.1696467953720354,0.0
PFS,1178970,2020-03-02,0001628280-20-002687,pfs-20191231.htm,75819,0.3956791833181656,1.5167702027196348,-1.1210910194014692
PFSI,1745916,2020-02-28,0001558370-20-001774,pfsi-20191231x10k.htm,75783,13.459482997506038,2.8370478867292137,10.622435110776824
PGRE,1605607,2020-02-12,0001564590-20-004379,pgre-10k_20191231.htm,64706,0.0,0.6181806942169196,-0.6181806942169196
PH,76334,2020-08-26,0000076334-20-000099,ph630202010-k.htm,39922,0.7514653574470218,0.0,0.7514653574470218
PHM,822416,2020-01-30,0000822416-20-000007,a201910-k.htm,47112,0.2122601460349804,0.5306503650874512,-0.3183902190524707
PI,1114995,2020-03-02,0001564590-20-008171,pi-10k_20191231.htm,57181,0.7869746943914936,1.3116244906524894,-0.5246497962609957
PII,931015,2020-02-14,0001628280-20-001541,pii-12312019x10xk.htm,47853,4.074979625101874,0.940379913485048,3.1345997116168265
PINC,1577916,2020-08-25,0001577916-20-000012,pinc-20200630x10k.htm,97485,1.6925680873980613,0.307739652254193,1.3848284351438682
PIPR,1230245,2020-02-28,0001230245-20-000031,pscq4201910k.htm,67338,0.0,0.8910273545397844,-0.8910273545397844
PJT,1626115,2020-02-27,0001564590-20-007455,pjt-10k_20191231.htm,54677,0.0,1.0973535490242698,-1.0973535490242698
PK,1617406,2020-02-27,0001564590-20-007367,pk-10k_20191231.htm,64191,0.0,0.7010328550731411,-0.7010328550731411
PKG,75677,2020-02-26,0001564590-20-006774,pkg-10k_20191231.htm,47667,0.6293662282081944,0.6293662282081944,0.0
PLD,1045609,2020-02-11,0001564590-20-004096,pld-10k_20191231.htm,70381,0.8525028061550701,2.770634120003978,-1.918131313848908
PLNT,1637207,2020-02-28,0001637207-20-000008,plnt10-k12312019docume.htm,81332,0.0,1.9672453646781096,-1.9672453646781096
PLPC,80035,2020-03-06,0001564590-20-009196,plpc-10k_20191231.htm,38714,9.04065712662086,0.0,9.04065712662086
PLSE,1625101,2020-03-31,0001625101-20-000015,plse-20191231x10ka.htm,14778,0.0,0.6766815536608473,-0.6766815536608473
PLUG,1093691,2020-03-10,0001558370-20-002267,plug-20191231x10k.htm,62713,7.893100314129447,0.1594565720026151,7.733643742126832
PLUS,1022408,2020-05-22,0001140361-20-012223,form10k.htm,55825,0.3582624272279445,1.9704433497536944,-1.6121809225257502
PLXS,785786,2020-11-20,0000785786-20-000102,plxs-20201003.htm,50243,0.0,4.179686722528511,-4.179686722528511
PLYM,1515816,2020-02-27,0001171520-20-000141,eps8813.htm,52076,0.1920270374068668,0.864121668330901,-0.6720946309240341
PM,1413329,2020-02-07,0001413329-20-000007,pm123119form10kwrapinc.htm,70491,0.2127931225262799,0.7802414492630264,-0.5674483267367465
PMT,1464423,2020-02-21,0001564590-20-005792,pmt-10k_20191231.htm,104376,19.5447229248103,3.736491147390205,15.808231777420096
PNFP,1115055,2020-02-25,0001115055-20-000018,pnfp-20191231.htm,102384,0.0976715111736208,1.0743866229098298,-0.9767151117362088
PNR,77360,2020-02-25,0000077360-20-000006,a2019pnr-10k.htm,54927,0.0,0.8192692118630182,-0.8192692118630182
PNW,764622,2020-02-21,0000764622-20-000017,pnw2019123110-kfinal.htm,96601,47.256239583441165,0.6211115826958313,46.63512800074533
PODD,1145197,2020-02-26,0001145197-20-000004,podd-2019x12x3110xk.htm,50956,0.0,0.8831148441792919,-0.8831148441792919
POOL,945841,2020-02-27,0000945841-20-000041,pool-20191231.htm,41152,0.0,0.4860031104199067,-0.4860031104199067
POR,784977,2020-02-14,0000784977-20-000005,a201910-k.htm,57303,46.37628047397169,0.3490218662199186,46.027258607751776
POWI,833640,2020-02-07,0000833640-20-000044,powi-2019123110k.htm,43186,5.3836891585235955,0.6946695688417543,4.689019589681841
POWL,80420,2020-12-09,0000080420-20-000036,powl-20200930.htm,34898,0.0,0.0,0.0
PPC,802481,2020-02-21,0000802481-20-000009,ppc-2019x12x29x10k.htm,70022,0.0,0.4284367770129388,-0.4284367770129388
PPL,922224,2020-02-14,0000922224-20-000005,ppl-1231201910k.htm,140457,5.624497177071986,1.4239233359675916,4.200573841104395
PR,1658566,2020-02-24,0001658566-20-000040,cdev1231201910-k.htm,64092,2.808462834675155,0.3900642825937714,2.418398552081383
PRA,1127703,2020-02-20,0001706397-20-000003,pra-20191231x10k.htm,111340,0.0,1.437039698221663,-1.437039698221663
PRDO,1046568,2020-02-19,0001564590-20-005289,prdo-10k_20191231.htm,72045,0.0,1.804427788187938,-1.804427788187938
PRGO,1585364,2020-02-27,0001585364-20-000013,cy19q410k.htm,100989,0.4951034271059224,0.8911861687906604,-0.3960827416847379
PRGS,876167,2020-03-31,0000876167-20-000058,a201910-kamaster.htm,2982,0.0,0.0,0.0
PRI,1475922,2020-02-28,0001564590-20-007489,pri-10k_20191231.htm,84052,8.14971684195498,0.9517917479655452,7.197925093989435
PRIM,1361538,2020-02-25,0001558370-20-001249,prim-20191231x10ke43d96.htm,62122,7.163323782234958,0.6438942725604456,6.519429509674512
PRK,805676,2020-02-28,0000805676-20-000040,prk-20191231.htm,98755,0.0,1.670801478406157,-1.670801478406157
PRKS,1564902,2020-02-27,0001564590-20-007020,seas-10k_20191231.htm,75469,0.5300189481773974,1.6563092130543668,-1.1262902648769697
PRLB,1443669,2020-02-26,0001437749-20-003547,prlb20191231_10k.htm,45187,0.0,0.4426051740544847,-0.4426051740544847
PRO,1392972,2020-02-19,0001392972-20-000059,pro-20191231x10k.htm,49551,0.0,0.5045306855562955,-0.5045306855562955
PRSU,884219,2020-02-26,0001564590-20-006825,vvi-10k_20191231.htm,46748,0.4278257893385813,0.8556515786771627,-0.4278257893385813
PSA,1393311,2020-02-25,0001393311-20-000008,psa-20191231x10k.htm,49933,0.6008050788055995,1.201610157611199,-0.6008050788055995
PSMT,1041803,2020-10-30,0001041803-20-000047,psmt-20200831x10k.htm,66536,0.6011783094865937,0.1502945773716484,0.4508837321149452
PSTG,1474432,2020-03-27,0001628280-20-004133,pstg-20200202.htm,46059,0.0,0.8684513341583621,-0.8684513341583621
PSX,1534701,2020-02-21,0001534701-20-000070,psx-2019123110k.htm,70317,4.835246099805167,0.924385283786282,3.910860816018886
PTC,857005,2020-11-20,0001564590-20-054803,ptc-10k_20200930.htm,52068,0.3841130828916033,1.3443957901206116,-0.9602827072290082
PTCT,1070081,2020-03-02,0001070081-20-000064,ptct1231201910-k.htm,151228,0.3967519242468326,0.1983759621234163,0.1983759621234163
PTEN,889900,2020-02-14,0001564590-20-004806,pten-10ka_20191231.htm,903,0.0,0.0,0.0
PTGX,1377121,2020-03-10,0001558370-20-002334,ptgx-20191231x10k.htm,73840,2.1329902491874324,0.7448537378114843,1.388136511375948
PVH,78239,2020-04-01,0000078239-20-000023,pvh10k2019.htm,85601,0.4088737281106529,1.2266211843319588,-0.8177474562213058
PWR,1050915,2020-02-28,0001050915-20-000020,pwr-123119x10k.htm,85983,4.652082388379098,1.5700778060779454,3.0820045823011526
PYPL,1633917,2020-02-06,0001633917-20-000028,pypl201910-k.htm,76205,0.4592874483301621,0.2624499704743783,0.1968374778557837
PZZA,901491,2020-02-26,0001558370-20-001393,pzza-20191229x10kcbc0c2.htm,74679,0.0,1.4060177559956617,-1.4060177559956617
QCOM,804328,2020-11-04,0001728949-20-000067,qcom-20200927.htm,70435,0.6388869170156882,1.9166607510470648,-1.2777738340313765
QCRH,906465,2020-03-13,0001558370-20-002656,qcrh-20191231x10k.htm,80351,0.0,1.306766561710495,-1.306766561710495
QLYS,1107843,2020-02-21,0001628280-20-001963,qlys-2019x1231x10kq412.htm,55800,1.254480286738351,0.2688172043010752,0.985663082437276
QRVO,1604778,2020-05-20,0001604778-20-000030,qorvo2020032810-k.htm,55629,1.078574125006741,0.2696435312516853,0.8089305937550558
QSR,1618756,2020-02-21,0001618756-20-000004,qsr2019123110k.htm,70401,0.0,0.5681737475319952,-0.5681737475319952
QTWO,1410384,2020-02-21,0001410384-20-000025,a191231qtwo10k.htm,84840,0.0,1.0608203677510608,-1.0608203677510608
QUBT,1758009,2020-03-27,0001213900-20-007719,f10k2019_quantumcomputing.htm,33730,0.0,1.3341239252890602,-1.3341239252890602
QURE,1590560,2020-03-02,0001558370-20-001883,qure-20191231x10k5849ab.htm,86321,0.1158466653537377,0.2896166633843445,-0.1737699980306067
QXO,1236275,2020-03-26,0001185185-20-000350,silversun20191231_10k.htm,35752,0.0,2.9368986350413966,-2.9368986350413966
R,85961,2020-02-27,0000085961-20-000089,a201910-k.htm,77249,0.0,0.3883545418063664,-0.3883545418063664
RAMP,733269,2020-05-26,0000733269-20-000028,ramp-20200331.htm,51339,0.0,0.4869592317731159,-0.4869592317731159
RARE,1515673,2020-02-14,0001564590-20-004667,rare-10k_20191231.htm,80713,0.2787655024593312,1.115062009837325,-0.8362965073779937
RBC,1324948,2020-05-20,0001213900-20-013096,f10k2020_rbcbearings.htm,45089,0.0,0.8871343343165738,-0.8871343343165738
RCL,884887,2020-02-25,0000884887-20-000009,rcl-20191231.htm,76177,0.1969098284259028,0.9845491421295144,-0.7876393137036114
RCUS,1724521,2020-03-05,0001564590-20-008972,rcus-10k_20191231.htm,70512,0.0,0.709099160426594,-0.709099160426594
RDN,890926,2020-02-28,0000890926-20-000018,rdn10k12312019.htm,111026,0.2251724821213049,1.4411038855763514,-1.2159314034550466
RDNT,790526,2020-03-16,0000790526-20-000003,radnet10k2019document.htm,62001,0.3225754423315753,0.8064386058289383,-0.4838631634973629
REG,910606,2020-02-18,0001564590-20-004859,reg-10k_20191231.htm,79138,0.0,1.8322424119891836,-1.8322424119891836
REGN,872589,2020-02-07,0001532176-20-000008,regn-123119x10k.htm,82886,0.1206476365128007,0.4825905460512029,-0.3619429095384021
RES,742278,2020-02-28,0001104659-20-027017,res-20191231x10k4d7590.htm,44892,0.0,0.222756838634946,-0.222756838634946
REX,744187,2020-04-01,0000930413-20-000944,c95495_10k.htm,34616,18.849664894846313,0.0,18.849664894846313
REXR,1571283,2020-02-19,0001571283-20-000013,rexr-20191231x10k.htm,90839,0.3302546263168903,0.2752121885974086,0.0550424377194817
REZI,1740332,2020-02-27,0001564590-20-007105,rezi-10k_20191231.htm,63458,0.4727536323237417,0.4727536323237417,0.0
RF,1281761,2020-02-21,0001281761-20-000010,rf-20191231x10k.htm,113550,0.0880669308674592,0.836635843240863,-0.7485689123734038
RGA,898174,2020-02-27,0000898174-20-000005,a201910-k.htm,115072,6.170050055617352,2.2594549499443826,3.9105951056729698
RGEN,730272,2020-02-26,0001193125-20-050136,d862842d10k.htm,57525,0.0,0.7822685788787483,-0.7822685788787483
RGLD,85535,2020-08-06,0001558370-20-009452,rgld-20200630x10k.htm,48736,0.2051871306631648,0.3077806959947472,-0.1025935653315824
RH,1528849,2020-03-30,0001558370-20-003383,rh-20200201x10k54063e.htm,111285,0.2695781102574471,1.2131014961585118,-0.9435233859010648
RHI,315213,2020-02-14,0000315213-20-000029,rhi-20191231.htm,28229,0.0,0.5313684508838429,-0.5313684508838429
RHP,1040829,2020-02-25,0001558370-20-001342,rhp-20191231x10kf1e0a6.htm,81291,0.1845222718382108,0.9226113591910544,-0.7380890873528435
RIG,1451505,2020-02-18,0001451505-20-000020,rig-20191231x10k.htm,79019,0.3796555258861793,0.7593110517723586,-0.3796555258861793
RIOT,1167419,2020-04-29,0001079973-20-000321,ex31.htm,500,0.0,0.0,0.0
RITM,1556593,2020-02-20,0001556593-20-000004,nrz-20191231x10xk.htm,158622,0.0945644362068313,0.6619510534478193,-0.567386617240988
RJF,720005,2020-11-24,0000720005-20-000063,rjf-20200930.htm,98260,0.3053124363932424,1.4756767759006717,-1.1703643395074292
RL,1037038,2020-05-27,0001037038-20-000014,rl-20200328x10k.htm,86481,0.0,2.0235658699598753,-2.0235658699598753
RLI,84246,2020-02-21,0000084246-20-000010,rli-20191231x10k.htm,82625,1.2102874432677762,0.3630862329803328,0.8472012102874433
RLJ,1511337,2020-02-26,0001511337-20-000006,rlj-12312019x10k.htm,66622,0.225150851070217,0.3752514184503617,-0.1501005673801446
RMBS,917273,2020-02-26,0000917273-20-000005,rmbs-20191231x10xk.htm,64132,0.0,0.1559283976797854,-0.1559283976797854
RMD,943819,2020-08-13,0000943819-20-000013,rmd-20200630x10k.htm,61651,0.4866101117581223,0.3244067411720815,0.1622033705860407
RNG,1384905,2020-02-26,0001384905-20-000008,rng-20191231x10k.htm,58968,0.2543752543752544,0.7631257631257631,-0.5087505087505088
RNR,913144,2020-02-07,0000913144-20-000024,rnr10-k2019.htm,141954,0.0,1.162348366372205,-1.162348366372205
RNST,715072,2020-02-27,0000715072-20-000046,rnst1231201910k.htm,85478,0.0,0.6434404174173471,-0.6434404174173471
ROAD,1718227,2020-12-11,0001718227-20-000093,road-20200930.htm,48325,0.2069322296947749,1.0346611484738748,-0.8277289187790998
ROCK,912562,2020-02-28,0000912562-20-000007,rock-20191231x10k.htm,40027,31.041546955804833,0.0,31.041546955804833
ROG,84748,2020-02-21,0000084748-20-000009,rog-20191231x10k.htm,45263,2.540706537348386,0.4418620064953715,2.0988445308530146
ROK,1024478,2020-11-10,0001024478-20-000038,fy2020form10k.htm,53202,0.281944287808729,0.281944287808729,0.0
ROKU,1428439,2020-03-02,0001564590-20-007916,roku-10k_20191231.htm,70192,0.1424663779348073,0.4986323227718258,-0.3561659448370184
ROL,84839,2020-02-28,0001171200-20-000103,i20108_rol-10k.htm,37209,0.0,0.2687521836114918,-0.2687521836114918
ROP,882835,2020-02-28,0000882835-20-000006,a201910-kdoc.htm,36686,0.0,1.9080848279997824,-1.9080848279997824
ROST,745732,2020-03-31,0000745732-20-000016,rost-20200201.htm,35500,0.2816901408450704,0.4225352112676056,-0.1408450704225352
RPD,1560327,2020-02-28,0001560327-20-000046,rp-20191231.htm,63626,0.0,1.257347625184673,-1.257347625184673
RPM,110621,2020-07-27,0001564590-20-033611,rpm-10k_20200531.htm,70329,0.4265665657125794,2.061738400944134,-1.6351718352315543
RRC,315852,2020-02-27,0001564590-20-007459,rrc-10k_20191231.htm,87395,3.861776989530293,1.6019223067681216,2.2598546827621715
RRR,1653653,2020-02-21,0001653653-20-000005,rrr12-31x2019x10xk.htm,70249,0.0,1.1388062463522612,-1.1388062463522612
RRX,82811,2020-02-26,0000082811-20-000035,rbc-20191228x10k.htm,51029,1.1758019949440517,0.3919339983146838,0.7838679966293676
RS,861884,2020-02-27,0001558370-20-001637,rs-20191231x10kfac9e5.htm,49797,0.0,0.3012229652388698,-0.3012229652388698
RTX,101829,2020-02-06,0000101829-20-000013,utx-20191231_d2.htm,22934,0.0,1.0900845905642278,-1.0900845905642278
RUSHA,1012019,2020-02-26,0001437749-20-003589,rusha20191119_10k.htm,44076,0.6806425265450585,0.3403212632725292,0.3403212632725292
RVTY,31791,2020-02-25,0000031791-20-000003,pki1229201910k.htm,80604,0.6203166095975385,1.6128231849536003,-0.9925065753560616
RYN,52827,2020-02-24,0000052827-20-000011,q4rayonier201910k.htm,54510,1.100715465052284,0.8255365987892129,0.275178866263071
RYTM,1649904,2020-03-02,0001558370-20-001896,rytm-20191231x10k.htm,107926,0.0,0.5559364749921243,-0.5559364749921243
SAFE,1095651,2020-02-24,0001095651-20-000012,star-12312019x10k.htm,75072,0.0,0.8658354646206309,-0.8658354646206309
SAFT,1172052,2020-02-28,0001172052-20-000006,saft-20191231x10k.htm,65691,0.0,0.9133671279170664,-0.9133671279170664
SAH,1043509,2020-02-21,0001043509-20-000006,sah-20191231.htm,70277,0.2845881298291048,0.2845881298291048,0.0
SAIA,1177702,2020-02-25,0001564590-20-006382,saia-10k_20191231.htm,37923,0.0,0.3955383276639506,-0.3955383276639506
SAIC,1571123,2020-03-27,0001571123-20-000013,saic2020-01x3110xk.htm,50226,0.5973002030820691,0.398200135388046,0.199100067694023
SAM,949870,2020-02-19,0001193125-20-041944,d860744d10k.htm,47066,0.3187013980367994,0.6374027960735988,-0.3187013980367994
SANM,897723,2020-11-13,0000897723-20-000034,sanm-20201003.htm,52851,2.838167678946472,1.7029006073678832,1.1352670715785889
SATS,1415404,2020-02-20,0001415404-20-000005,sats12311910kdocument1.htm,88573,9.709505153940816,0.5080555022410893,9.201449651699727
SBAC,1034054,2020-02-24,0001034054-20-000003,sbac-20191231x10k.htm,63831,0.3916592251413889,0.1566636900565556,0.2349955350848334
SBCF,730708,2020-02-27,0000730708-20-000015,sbcf2019123110k.htm,76039,0.394534383671537,0.9863359591788424,-0.5918015755073055
SBH,1368458,2020-11-24,0001564590-20-054910,sbh-10k_20200930.htm,45784,0.0,0.4368338284116722,-0.4368338284116722
SBRA,1492298,2020-02-24,0001492298-20-000007,sbra10k2019.htm,83891,0.2384045964406193,1.1920229822030968,-0.9536183857624776
SBUX,829224,2020-11-12,0000829224-20-000078,sbux-20200927.htm,60286,0.1658759911090468,0.8293799555452344,-0.6635039644361875
SCCO,1001838,2020-04-29,0001104659-20-053164,tm2016906-1_10ka.htm,18802,1.329645782363578,0.5318583129454313,0.7977874694181469
SCI,89089,2020-02-18,0000089089-20-000010,sci-12312019x10k.htm,52056,0.1921008145074535,0.384201629014907,-0.1921008145074535
SCL,94049,2020-02-27,0001564590-20-007326,scl-10k_20191231.htm,56555,0.2652285385907523,0.4420475643179206,-0.1768190257271682
SCS,1050825,2020-04-27,0001050825-20-000098,scs-02282020x10k.htm,49235,0.0,0.5077688636132832,-0.5077688636132832
SCSC,918965,2020-10-28,0001193125-20-279831,d63528d10ka.htm,21311,0.4692412369199005,1.876964947679602,-1.4077237107597016
SEB,88121,2020-02-19,0000088121-20-000010,seb-20191231x10k.htm,50927,2.454493687042237,0.0,2.454493687042237
SEDG,1419612,2020-02-27,0001178913-20-000672,sedg10k2019.htm,64399,150.39053401450332,0.931691485892638,149.4588425286107
SEE,1012100,2020-03-02,0001628280-20-002658,q4201910-kdocument.htm,86598,1.761010646897157,0.9815469179426776,0.7794637289544794
SEI,1697500,2020-02-19,0001697500-20-000006,soi-20191231x10k.htm,54590,0.549551199853453,1.4654698662758747,-0.9159186664224216
SEIC,350894,2020-02-24,0000350894-20-000012,seic-123119form10xk.htm,54223,0.2766353761318997,2.397506593143131,-2.1208712170112314
SEM,1320414,2020-02-20,0001628280-20-001905,sem-12311910k.htm,76403,0.0,0.3272122822402262,-0.3272122822402262
SF,720672,2020-04-30,0001564590-20-020169,sf-10ka_20191231.htm,3181,0.0,3.1436655139893115,-3.1436655139893115
SFBS,1430723,2020-03-27,0001171843-20-002094,sfbs20191231_10ka.htm,25261,0.0,1.5834685879418866,-1.5834685879418866
SFM,1575515,2020-02-21,0001564590-20-005794,sfm-10ka_20191229.htm,1146,0.0,0.0,0.0
SGI,1206264,2020-02-24,0001206264-20-000079,tpx-20191231x10k.htm,62925,0.2383790226460071,0.55621771950735,-0.3178386968613428
SGRY,1638833,2020-03-13,0001638833-20-000012,a201910-kfiling.htm,71061,0.0,1.1961554157695502,-1.1961554157695502
SHAK,1620533,2020-02-24,0001620533-20-000006,shak-2019122510k.htm,69039,0.0,1.4484566694187342,-1.4484566694187342
SHO,1295810,2020-02-19,0001558370-20-000962,sho-20191231x10kd4cf15.htm,70083,0.0,0.6420958006934635,-0.6420958006934635
SHOO,913241,2020-03-02,0001628280-20-002674,shoo-20191231x10k.htm,48946,0.0,0.0,0.0
SHW,89800,2020-02-21,0000089800-20-000005,shw-12312019x10k.htm,58842,2.506712892151864,0.3398932735121172,2.166819618639747
SIG,832988,2020-03-26,0000832988-20-000018,fy20q410k.htm,86818,0.6911009237715682,0.2303669745905227,0.4607339491810454
SIGI,230557,2020-02-12,0000230557-20-000005,sigi-12312019x10k.htm,85314,0.4688562252385306,0.7032843378577959,-0.2344281126192653
SILA,1567925,2020-03-27,0001567925-20-000014,a201910-kreitii12312019.htm,89519,0.3351243870016421,2.0666003865101263,-1.7314759995084843
SITE,1650729,2020-02-26,0001650729-20-000004,site1229201910kdocument.htm,58217,0.1717711321435319,0.0,0.1717711321435319
SJM,91419,2020-06-19,0000091419-20-000065,sjm-20200430.htm,50408,0.2975718139977781,1.1902872559911124,-0.8927154419933343
SKT,899715,2020-02-19,0000899715-20-000057,skt10k2019123119.htm,62618,0.3992462231307292,0.0,0.3992462231307292
SKY,90896,2020-05-21,0001564590-20-026572,sky-10k_20200328.htm,43998,0.2272830583208327,0.0,0.2272830583208327
SKYW,793733,2020-02-18,0001558370-20-000911,skyw-20191231x10k797c47.htm,44032,0.0,0.4542151162790697,-0.4542151162790697
SLAB,1038074,2020-01-29,0001104659-20-007928,slab-20191228x10kc9cad4.htm,47390,1.8991348385735387,0.5275374551593163,1.3715973834142223
SLB,87347,2020-01-22,0001564590-20-001578,slb-10k_20191231.htm,36223,0.6901692294950722,0.4141015376970433,0.2760676917980288
SLG,1040971,2020-02-28,0001040971-20-000006,a19q4slg10kdoc.htm,85555,0.0,1.285722634562562,-1.285722634562562
SLGN,849869,2020-03-02,0000849869-20-000010,slgn-2019x1231x10k.htm,59099,1.3536608064434257,0.0,1.3536608064434257
SLM,1032033,2020-02-28,0001628280-20-002579,a2019form10-k.htm,96841,0.0,2.271765058188164,-2.271765058188164
SLNO,1484565,2020-03-04,0001564590-20-008705,slno-10k_20191231.htm,57480,0.0,0.8698677800974252,-0.8698677800974252
SM,893538,2020-02-20,0000893538-20-000009,sm-20191231x10k.htm,77901,4.685434076584383,1.4762326542663124,3.2092014223180705
SMCI,1375365,2020-08-31,0001375365-20-000064,smci-2020630x10k.htm,83563,0.0,0.4786807558369134,-0.4786807558369134
SMPL,1702744,2020-10-28,0001702744-20-000100,smpl10k2020.htm,57662,0.1734244389719399,1.1272588533176096,-0.9538344143456696
SMTC,88941,2020-03-20,0000088941-20-000003,smtc-01262020x10k.htm,63281,0.4740759469667041,0.6321012626222721,-0.158025315655568
SNA,91440,2020-02-13,0000091440-20-000004,sna-20191228.htm,67837,0.2948243583884901,0.2948243583884901,0.0
SNAP,1564408,2020-02-05,0001564590-20-003323,snap-10k_20191231.htm,86369,0.0,1.331496254443145,-1.331496254443145
SNDR,1692063,2020-02-19,0001692063-20-000032,a201910k.htm,47185,0.0,0.6357952739217972,-0.6357952739217972
SNDX,1395937,2020-03-05,0001564590-20-009016,sndx-10k_20191231.htm,70049,0.0,0.2855144256163542,-0.2855144256163542
SNEX,913760,2020-12-14,0000913760-20-000206,intl-20200930.htm,94050,1.036682615629984,1.063264221158958,-0.0265816055289739
SNPS,883241,2020-12-15,0000883241-20-000015,snps10312010-k.htm,53411,0.0,3.5573196532549476,-3.5573196532549476
SNV,18349,2020-03-02,0000018349-20-000011,snv-12312019x10k.htm,90614,0.8276866709338513,0.3310746683735405,0.4966120025603107
SONO,1314727,2020-11-23,0001314727-20-000052,sono-20201003.htm,48823,0.2048214980644368,0.6144644941933105,-0.4096429961288736
SPB,109177,2020-11-18,0000109177-20-000058,spb-20200930.htm,93173,1.019608684919451,0.5902997649533663,0.4293089199660846
SPG,1063761,2020-02-21,0001558370-20-001135,spg-20191231x10k.htm,92671,0.0,1.780492279138026,-1.780492279138026
SPGI,64040,2020-02-10,0000064040-20-000055,spgi-20191231x10k.htm,69233,0.0,3.3221151762887637,-3.3221151762887637
SPH,1005210,2020-11-25,0001564590-20-055186,sph-10k_20200926.htm,78564,3.8185428440507105,0.4454966651392495,3.3730461789114607
SPNT,1576018,2020-02-28,0001576018-20-000014,tpre-20191231x10k.htm,97883,0.0,0.8173022894680384,-0.8173022894680384
SPR,1364885,2020-02-28,0001628280-20-002543,spr-20191231x10k.htm,83380,0.1199328376109378,0.959462700887503,-0.8395298632765651
SPSC,1092699,2020-02-25,0001564590-20-006450,spsc-10k_20191231.htm,39267,0.0,0.382000152800061,-0.382000152800061
SPXC,88205,2020-02-14,0000088205-20-000008,spxc-20191231.htm,75500,3.3112582781456954,0.1986754966887417,3.112582781456954
SR,1126956,2020-11-18,0001564590-20-054448,sr-10k_20200930.htm,81199,0.0,0.8620795822608653,-0.8620795822608653
SRCE,34782,2020-02-20,0000034782-20-000035,sce-20191231x10k.htm,58653,7.075511909024262,1.5344483658124906,5.541063543211771
SRE,1032208,2020-02-27,0001032208-20-000006,sre20191231form10k.htm,156251,21.263863911270967,0.8319946752340784,20.43186923603689
SRPT,873303,2020-02-26,0001564590-20-006769,srpt-10k_20191231.htm,83557,0.5385545196692079,1.1967878214871286,-0.6582333018179207
SRRK,1727196,2020-03-12,0001558370-20-002536,srrk-20191231x10k.htm,96628,0.0,0.6726828662499483,-0.6726828662499483
SSB,764038,2020-03-06,0001558370-20-002156,ssb-20191231x10ka06697.htm,32643,0.0,1.2253775694635909,-1.2253775694635909
SSD,920371,2020-02-25,0000920371-20-000054,ssd10k2019.htm,48073,1.2481018451105612,0.0,1.2481018451105612
SSNC,1402436,2020-02-28,0001564590-20-007695,ssnc-10k_20191231.htm,62361,0.2405349497281955,0.6414265326085213,-0.4008915828803258
ST,1477294,2020-02-11,0001477294-20-000009,st1231201910-k.htm,78367,3.955746679086861,0.5104189263337885,3.445327752753072
STAA,718937,2020-02-26,0001564590-20-006791,staa-10k_20200103.htm,51821,0.2894579417610621,0.1929719611740414,0.0964859805870207
STAG,1479094,2020-02-12,0001479094-20-000006,stag-123119x10k.htm,75019,0.4332235833588824,0.0,0.4332235833588824
STBA,719220,2020-03-02,0000719220-20-000013,stba-20191231x10k.htm,76942,0.0,0.9747602089885888,-0.9747602089885888
STC,94344,2020-02-27,0000094344-20-000006,stewart201910-k.htm,36224,0.8281802120141344,0.6901501766784452,0.138030035335689
STE,1757898,2020-05-29,0001757898-20-000012,ste03312020.htm,55791,2.957466257998602,0.5377211378179276,2.4197451201806746
STEL,1473844,2020-02-26,0001558370-20-001356,cbtx-20191231x10k.htm,62057,0.0,0.4028554393541422,-0.4028554393541422
STGW,876883,2020-04-29,0001104659-20-053365,tm2016846d1_10ka.htm,22926,0.0,2.617115938236064,-2.617115938236064
STLD,1022671,2020-02-27,0001558370-20-001641,stld-20191231x10kf63a8c.htm,53302,0.0,0.2814153315072605,-0.2814153315072605
STRA,1013934,2020-03-02,0001013934-20-000004,stra-20191231x10k.htm,67543,0.0,0.2220807485601764,-0.2220807485601764
STRC,1050446,2020-02-14,0001564590-20-004679,mstr-10k_20191231.htm,47425,0.0,0.5271481286241434,-0.5271481286241434
STRL,874238,2020-03-03,0000874238-20-000033,strl_123119x10kdocument.htm,44678,0.4476476117999911,0.0,0.4476476117999911
STWD,1465128,2020-02-25,0001558370-20-001281,stwd-20191231x10k996996.htm,131306,0.4569478927086348,0.8758167943582167,-0.4188689016495819
STX,1137789,2020-08-07,0001137789-20-000057,stx-20200703.htm,61956,0.0,0.8877267738394989,-0.8877267738394989
STZ,16918,2020-04-21,0000016918-20-000078,stz229202010k.htm,76920,0.1950078003120124,0.9750390015600624,-0.7800312012480499
SUI,912593,2020-02-20,0000912593-20-000041,sui2019123110-k.htm,73193,0.6831254354924652,0.4098752612954791,0.273250174196986
SUN,1552275,2020-02-21,0001552275-20-000007,sun-12312019x10k.htm,74086,2.19339686310504,0.5399130739950868,1.6534837891099534
SUPN,1356576,2020-02-28,0001356576-20-000010,supn-20191231x10k.htm,66460,0.0,0.6018657839301835,-0.6018657839301835
SWKS,4127,2020-11-17,0000004127-20-000058,swks-20201002.htm,37809,0.6612182284641223,1.0579491655425957,-0.3967309370784734
SWX,1692115,2020-03-02,0001692115-20-000016,swx12311910k.htm,20431,4.405070725857765,0.0,4.405070725857765
SXI,310354,2020-08-25,0001437749-20-018688,sxi20200630_10k.htm,48730,0.0,0.3078185922429715,-0.3078185922429715
SXT,310142,2020-02-21,0001140361-20-003752,form10k.htm,41218,0.0,0.8491435780484254,-0.8491435780484254
SYK,310764,2020-02-06,0000310764-20-000014,syk10k12312019.htm,38128,0.0,0.0,0.0
SYNA,817720,2020-08-21,0001564590-20-040946,syna-10k_20200627.htm,53189,0.5640263964353531,0.7520351952471376,-0.1880087988117844
SYRE,1636282,2020-02-24,0001564590-20-005888,agle-10k_20191231.htm,68914,0.0,0.7980961778448501,-0.7980961778448501
SYY,96021,2020-08-26,0000096021-20-000100,syy-20200627.htm,74021,0.3377419921373664,0.4052903905648397,-0.0675483984274732
TALO,1724965,2020-03-12,0001564590-20-010495,talo-10k_20191231.htm,80130,1.372769249968801,0.5615874204417821,0.8111818295270187
TAP,24545,2020-02-12,0000024545-20-000005,tap2019123110-k.htm,98718,0.0,0.8610385137462265,-0.8610385137462265
TBBK,1295401,2020-03-16,0001295401-20-000025,tbbk-20191231x10k.htm,85761,0.6413171488205595,1.3992374156084937,-0.7579202667879339
TCBI,1077428,2020-03-02,0001077428-20-000041,a12312019-10ka.htm,16168,0.0,1.8555170707570512,-1.8555170707570512
TCBK,356171,2020-03-02,0000356171-20-000021,tcbk-20191231.htm,69623,0.0,1.2926762707725894,-1.2926762707725894
TDC,816761,2020-02-28,0000816761-20-000008,tdc-12311910xk.htm,48592,0.3086927889364504,1.1318735594336515,-0.8231807704972012
TDG,1260221,2020-11-12,0001260221-20-000099,tdg-20200930.htm,73419,0.272409049428622,0.3405113117857775,-0.0681022623571555
TDS,1051512,2020-02-25,0001051512-20-000014,tds1231201910-k.htm,42948,0.3492595697122101,0.6985191394244202,-0.3492595697122101
TDW,98222,2020-04-29,0001564590-20-019722,tdw-10ka_20191231.htm,25807,0.3874917657999767,1.1624752973999302,-0.7749835315999535
TDY,1094285,2020-02-24,0001094285-20-000045,tdy-20191229.htm,69699,1.0760556105539534,0.8608444884431627,0.2152111221107907
TECH,842023,2020-08-26,0001437749-20-018754,tech20200630_10k.htm,43922,0.0,0.0,0.0
TEL,1385157,2020-11-10,0001558370-20-013511,tel-20200925x10k.htm,62281,0.7225317512564025,1.445063502512805,-0.7225317512564025
TENB,1660280,2020-02-28,0001660280-20-000012,q42019tenablefinancial.htm,54571,0.0,1.0994850744901137,-1.0994850744901137
TER,97210,2020-03-02,0001193125-20-058676,d860886d10k.htm,60592,3.4658040665434378,1.155268022181146,2.310536044362292
TEVA,818686,2020-02-21,0001193125-20-044221,d852939d10k.htm,102842,0.0,0.6806557632095837,-0.6806557632095837
TEX,97216,2020-02-14,0000097216-20-000027,tex201910-k.htm,61683,0.0,1.134834557333463,-1.134834557333463
TFIN,1539638,2020-02-11,0001564590-20-004218,tbk-10k_20191231.htm,84017,0.0,0.8926764821405191,-0.8926764821405191
TFSL,1381668,2020-11-24,0001381668-20-000107,tfsl-20200930.htm,86826,0.0,0.3455186234538041,-0.3455186234538041
TFX,96943,2020-02-21,0000096943-20-000017,tfx-20191231.htm,63472,0.0,1.3391731787244767,-1.3391731787244767
TGLS,1534675,2020-03-06,0001493152-20-003520,form10-k.htm,47123,3.819790760350571,0.8488423911890159,2.970948369161556
TGNA,39899,2020-03-02,0000039899-20-000006,tgna-20191231x10k.htm,57935,0.517821696729093,1.7260723224303098,-1.2082506257012169
TGT,27419,2020-03-11,0000027419-20-000008,tgt-20200201.htm,32491,0.6924994613893078,0.7694438459881198,-0.0769443845988119
TGTX,1001316,2020-03-02,0001558370-20-001897,tmb-20191231x10k248225.htm,85340,0.0,0.0,0.0
THC,70318,2020-02-24,0000070318-20-000014,thc-2019123110xk.htm,105037,0.1428068204537448,2.0468977598370097,-1.904090939383265
THG,944695,2020-02-24,0001564590-20-006025,thg-10k_20191231.htm,94763,1.5828962780832183,0.3165792556166436,1.2663170224665743
THO,730263,2020-09-28,0000730263-20-000019,tho-20200731.htm,55144,0.0,0.9067169592340054,-0.9067169592340054
THRM,903129,2020-02-20,0001564590-20-005507,thrm-10k_20191231.htm,51525,15.041242115477925,0.485201358563804,14.556040756914118
TILE,715787,2020-02-26,0000715787-20-000009,interfaceinc10-k122919.htm,51941,0.577578406268651,1.5402090833830693,-0.9626306771144184
TJX,109198,2020-03-27,0000109198-20-000004,tjx-20200201.htm,46828,0.0,0.6406423507303323,-0.6406423507303323
TKR,98362,2020-02-14,0000098362-20-000045,tkr10k123119.htm,55415,4.73698457096454,0.5413696652530904,4.195614905711451
TLRY,1731348,2020-04-29,0001564590-20-019701,tlry-10ka_20191231.htm,20120,0.4970178926441352,4.970178926441352,-4.473161033797217
TMHC,1562476,2020-02-19,0001628280-20-001799,tmhc-123119x10k.htm,65525,0.0,1.2972148035101103,-1.2972148035101103
TMO,97745,2020-02-26,0000097745-20-000009,tmo-20191231.htm,56265,0.0,0.7109215320359016,-0.7109215320359016
TMP,1005817,2020-03-02,0001005817-20-000005,tmp-20191231x10k.htm,87603,0.1141513418490234,0.4566053673960937,-0.3424540255470703
TNC,97134,2020-02-27,0000097134-20-000008,form10-k12312019.htm,44515,0.0,0.0,0.0
TNET,937098,2020-02-13,0000937098-20-000067,tnet-123119x10k.htm,43707,0.0,0.2287963026517491,-0.2287963026517491
TNL,1361658,2020-02-26,0001361658-20-000012,wynd-20191231x10k.htm,80132,0.187191134627864,2.620675884790096,-2.4334847501622323
TOL,794170,2020-12-22,0000794170-20-000066,tol-20201031.htm,76482,0.0,0.1307497188881043,-0.1307497188881043
TPB,1290677,2020-03-12,0001140361-20-005641,hc10009574x1_10k.htm,58754,1.2765088334411274,1.106307655648977,0.1702011777921503
TPC,77543,2020-02-26,0000077543-20-000008,tpc-20191231x10k.htm,48620,0.0,0.2056766762649115,-0.2056766762649115
TPH,1561680,2020-02-19,0001561680-20-000021,tph1231201910-k.htm,68797,0.2180327630565286,0.145355175371019,0.0726775876855095
TPR,1116132,2020-08-13,0001116132-20-000022,tpr6272020-10k.htm,65338,0.0,1.6070280694236128,-1.6070280694236128
TR,98677,2020-02-28,0001558370-20-001773,tr-20191231x10k96d800.htm,32376,1.853224610822832,1.081047689646652,0.7721769211761799
TREX,1069878,2020-02-24,0001193125-20-046696,d781012d10k.htm,40090,0.3741581441756049,1.8707907208780243,-1.4966325767024196
TRGP,1389170,2020-02-20,0001564590-20-005592,trgp-10k_20191231.htm,126960,0.5907372400756143,1.8115942028985508,-1.2208569628229364
TRIP,1526520,2020-02-19,0001564590-20-005269,trip-10k_20191231.htm,75013,0.0,0.3332755655686348,-0.3332755655686348
TRMB,864749,2020-05-22,0000864749-20-000068,trmb201910ka.htm,2262,0.0,8.841732979664014,-8.841732979664014
TRMK,36146,2020-02-20,0001564590-20-005569,trmk-10k_20191231.htm,95874,0.0,1.4080981287940422,-1.4080981287940422
TRN,99780,2020-02-20,0000099780-20-000025,trn1231201910k-q4.htm,60473,0.0,2.8938534552610253,-2.8938534552610253
TRNO,1476150,2020-02-06,0001476150-20-000003,trno-20191231.htm,64086,0.0,0.9362419249133976,-0.9362419249133976
TROW,1113169,2020-02-13,0001113169-20-000008,a201910k.htm,47223,0.0,0.8470448722021049,-0.8470448722021049
TRS,842633,2020-02-27,0000842633-20-000014,trs201910-k.htm,52294,0.1912265269438176,0.2868397904157265,-0.0956132634719088
TRU,1552033,2020-02-18,0001552033-20-000014,transunion-20191231x10k.htm,72756,0.0,0.549782835779867,-0.549782835779867
TRV,86312,2020-02-13,0000086312-20-000011,trv-12312019x10k.htm,135188,2.404059531911116,0.7027250939432493,1.7013344379678668
TSCO,916365,2020-02-20,0000916365-20-000050,tsco-20191228.htm,45690,0.6565988181221274,0.2188662727073758,0.4377325454147516
TSLA,1318605,2020-04-28,0001564590-20-018984,tsla-10ka_20191231.htm,27380,39.26223520818115,0.3652300949598246,38.897005113221326
TSN,100493,2020-11-16,0000100493-20-000132,tsn202010kq4.htm,73382,0.2725464010247744,0.6132294023057425,-0.340683001280968
TTC,737758,2020-12-18,0000737758-20-000029,ttc-20201031.htm,89323,5.037896174557504,2.3510182147935024,2.6868779597640025
TTD,1671933,2020-02-28,0001564590-20-007498,ttd-10k_20191231.htm,50712,0.0,0.5915759583530525,-0.5915759583530525
TTEK,831641,2020-11-23,0000831641-20-000154,ttek-20200927.htm,63653,3.063484831822538,2.199425007462335,0.864059824360203
TTMI,1116942,2020-02-26,0001564590-20-006477,ttmi-10k_20191230.htm,62554,0.8392748665153308,1.1989640950219012,-0.3596892285065703
TTWO,946581,2020-05-22,0001628280-20-008291,ttwo-20200331.htm,57106,0.0,1.400903582810913,-1.400903582810913
TVTX,1438533,2020-02-24,0001438533-20-000004,rtrx-20191231x10k.htm,66814,0.0,0.8980153859969466,-0.8980153859969466
TWLO,1447669,2020-03-02,0001447669-20-000045,twlo-20191231x10k.htm,75891,0.1976518954816776,0.6588396516055922,-0.4611877561239145
TWO,1465740,2020-02-26,0001465740-20-000037,two1231201910kdocument.htm,98471,0.0,1.370962009119436,-1.370962009119436
TXN,97476,2020-02-20,0000097476-20-000009,txn-20191231.htm,32178,0.9323140033563304,0.3107713344521101,0.6215426689042203
TXNM,1108426,2020-03-02,0001108426-20-000014,pnm1231201910-k.htm,139401,62.481617778925546,1.3988421890804226,61.08277558984512
TXRH,1289460,2020-02-28,0001558370-20-001734,txrh-20191231x10k7d0b0f.htm,51789,0.0,0.5792735909169902,-0.5792735909169902
TXT,217346,2020-02-25,0001104659-20-024773,txt-20200104x10k00cfc1.htm,54903,0.0,0.0,0.0
TYL,860731,2020-02-19,0000860731-20-000008,tyl12312019-10k.htm,42854,0.2333504456993513,0.8167265599477295,-0.5833761142483782
UAA,1336917,2020-02-26,0001336917-20-000010,ua-20191231.htm,60375,0.0,0.165631469979296,-0.165631469979296
UAL,100517,2020-02-25,0000100517-20-000010,ual201910k.htm,64316,0.0,0.6219292244542571,-0.6219292244542571
UAN,1425292,2020-02-20,0001425292-20-000006,cvi-20191231.htm,59967,1.0005503026664666,0.6670335351109777,0.3335167675554888
UBSI,729986,2020-03-02,0001193125-20-058900,d837039d10k.htm,80180,0.2494387627837365,0.9353953604390122,-0.6859565976552756
UCB,857855,2020-02-27,0000857855-20-000011,ucbi1231201910-k.htm,84744,0.1770036816765788,0.4720098178042103,-0.2950061361276314
UCTT,1275014,2020-03-11,0001564590-20-010037,uctt-10k_20191227.htm,47101,0.8492388696630645,1.1677034457867137,-0.3184645761236492
UDR,74208,2020-02-18,0000074208-20-000031,udr-20191231x10k.htm,116514,0.1716531918911032,0.5578728736460854,-0.3862196817549822
UE,1611547,2020-02-13,0001611547-20-000008,ue-12312019x10k.htm,60854,0.4108193380878824,0.1643277352351529,0.2464916028527294
UEC,1334933,2020-10-29,0001437749-20-021877,uec20200731c_10k.htm,84425,0.7403020432336394,1.0068107787977494,-0.2665087355641101
UELMO,100826,2020-02-28,0001002910-20-000077,aee201910-k.htm,108590,29.44562114375173,0.6906713325352242,28.754949811216505
UFPT,914156,2020-03-13,0001171843-20-001695,f10k_031320p.htm,28836,0.5201831044527674,1.907338049660147,-1.3871549452073797
UGI,884614,2020-11-20,0000884614-20-000052,ugi-20200930.htm,91193,3.783185112892437,0.6579452370247717,3.1252398758676656
UHAL,4457,2020-05-27,0000004457-20-000053,uhal-20200331.htm,60188,1.6199242373895129,0.6645843025187745,0.9553399348707384
UHS,352915,2020-02-26,0001564590-20-006793,uhs-10k_20191231.htm,95004,0.842069807587049,1.578880889225717,-0.7368110816386678
ULTA,1403568,2020-03-27,0001558370-20-003272,ulta-20200201x10k11b4b7.htm,45389,0.22031769812069,0.3304765471810351,-0.110158849060345
UNF,717954,2020-10-28,0001564590-20-048412,unf-10k_20200829.htm,51589,0.0,0.4845994301110701,-0.4845994301110701
UNFI,1020859,2020-09-29,0001020859-20-000064,f2010-k.htm,89829,2.0872992018167853,0.278306560242238,1.8089926415745472
UNM,5513,2020-02-18,0000005513-20-000027,unm-20191231.htm,110484,3.439412041562579,1.1766409615871982,2.262771079975381
UPBD,933036,2020-03-02,0000933036-20-000010,racq42019-form10xk.htm,46077,0.0,0.3255420274757471,-0.3255420274757471
UPS,1090727,2020-02-20,0001090727-20-000005,ups-12312019x10k.htm,78247,0.0,0.7668025611205541,-0.7668025611205541
UPWK,1627475,2020-03-02,0001627475-20-000006,upwk-20191231.htm,79026,0.1265406321969984,1.961379799053476,-1.8348391668564776
URBN,912615,2020-03-31,0001564590-20-014397,urbn-10k_20200131.htm,47174,0.3179717641073473,0.0,0.3179717641073473
URI,1067701,2020-01-29,0001067701-20-000008,uri-2019123110k.htm,66813,0.0,0.1496714711208896,-0.1496714711208896
USAC,1522727,2020-02-18,0001522727-20-000005,usac201910-k.htm,87094,0.1148184719957746,0.2296369439915493,-0.1148184719957746
USFD,1665918,2020-02-13,0001665918-20-000012,usfd12281910k.htm,48323,0.7242927798356891,0.2069407942387683,0.5173519855969207
USLM,82020,2020-02-28,0001558370-20-001775,uslm-20191231x10k.htm,25981,0.7697933104961318,0.0,0.7697933104961318
USPH,885978,2020-04-29,0001140361-20-010106,hc10011376x1_10ka.htm,20422,0.0,0.0,0.0
UTI,1261654,2020-12-03,0001261654-20-000071,uti-20200930.htm,65524,1.2209266833526646,0.5341554239667907,0.6867712593858739
UTZ,1739566,2020-03-12,0001104659-20-032548,tm205373d1_10k.htm,64447,0.2327493909724269,7.525563641441805,-7.292814250469379
UUUU,1385849,2020-03-17,0001385849-20-000032,efr-20191231x10k.htm,110395,1.336111236921962,0.6793785950450654,0.6567326418768965
UVV,102037,2020-05-28,0000102037-20-000024,uvv-20200331x10k.htm,63280,0.0,0.4740834386852086,-0.4740834386852086
V,1403161,2020-11-19,0001403161-20-000070,v-20200930.htm,67621,0.2218245811212493,1.4048890137679124,-1.183064432646663
VAC,1524358,2020-03-02,0001524358-20-000011,a2019q410-kdocument.htm,89580,0.5023442732752847,2.0651931234650593,-1.5628488501897746
VAL,314808,2020-02-21,0000314808-20-000015,val-20191231x10k.htm,98073,0.3058945887247254,0.56080674599533,-0.2549121572706045
VBTX,1501570,2020-02-28,0001501570-20-000096,vbtx-20191231.htm,87331,0.0,0.4580275045516483,-0.4580275045516483
VC,1111335,2020-02-20,0001111335-20-000003,visteon201910-k.htm,55162,1.087705304376201,0.1812842173960335,0.9064210869801675
VCEL,887359,2020-02-25,0001628280-20-002229,vcel12-31x201910k.htm,59301,0.0,1.4333653732652063,-1.4333653732652063
VCTR,1570827,2020-03-13,0001564590-20-010652,vctr-10k_20191231.htm,67661,0.8128759551292473,0.960671583334565,-0.1477956282053177
VCYT,1384101,2020-02-25,0001384101-20-000015,vcyt-12312019x10k.htm,73737,0.0,1.0171284429797796,-1.0171284429797796
VECO,103145,2020-02-21,0001558370-20-001167,veco-20191231x10kb097ae.htm,50878,0.2948229097055702,0.5896458194111405,-0.2948229097055702
VFC,103379,2020-05-27,0000103379-20-000006,vfc328202010-k.htm,82831,0.6640026077193321,0.4829109874322415,0.1810916202870905
VIAV,912093,2020-08-24,0000912093-20-000057,viavq4fy2010-k.htm,68376,0.2193752193752194,1.8281268281268284,-1.608751608751609
VICI,1705696,2020-02-20,0001705696-20-000048,vici2019form10-k.htm,97546,0.0,1.025157361655014,-1.025157361655014
VICR,751978,2020-02-28,0001193125-20-057067,d827085d10k.htm,47016,1.8078951846180025,0.2126935511315296,1.5952016334864727
VIRT,1592386,2020-02-28,0001592386-20-000003,virtufinancial12-31x19.htm,92815,0.1616118084361364,1.346765070301137,-1.1851532618650005
VKTX,1607678,2020-02-26,0001564590-20-006766,vktx-10k_20191231.htm,66009,1.2877031919889712,0.151494493175173,1.136208698813798
VLO,1035002,2020-02-26,0001035002-20-000007,vloform10-kx12312019.htm,63258,21.262132852761702,0.4742483164184767,20.787884536343228
VLY,714310,2020-03-10,0000714310-20-000066,vly-12312019x10k.htm,98396,7.876336436440505,1.0163014756697426,6.860034960770763
VMC,1396009,2020-02-26,0001396009-20-000006,vmc-20191231x10k.htm,60204,0.415254800345492,0.9966115208291808,-0.5813567204836888
VMI,102729,2020-02-26,0000102729-20-000004,a10-k12282019forq42019.htm,54093,18.579113748544177,0.2773002052021518,18.30181354334202
VNO,899689,2020-02-18,0000899689-20-000007,vno-12312019x10k.htm,89488,0.3352404791703915,0.1117468263901305,0.223493652780261
VOYA,1535929,2020-02-21,0001535929-20-000012,voyafinancialinc2019q4.htm,178704,9.988584474885844,0.9512937595129376,9.037290715372906
VRDN,1590750,2020-03-13,0001590750-20-000021,mgen-fy2019x10k.htm,76403,3.926547386882714,0.3272122822402262,3.599335104642488
VRE,924901,2020-04-24,0001104659-20-051037,tm2031097-1_10ka.htm,30296,0.0,3.960918933192501,-3.960918933192501
VRNS,1361113,2020-02-11,0001628280-20-001362,vrns-12312019x10k.htm,53319,0.0,0.4688760104278024,-0.4688760104278024
VRNT,1166388,2020-03-31,0001166388-20-000014,vrnt-20200131xform10xk.htm,82418,0.0,0.4853308743235701,-0.4853308743235701
VRRM,1682745,2020-03-02,0001564590-20-008153,vrrm-10k_20191231.htm,65389,0.0,2.217498355992598,-2.217498355992598
VRSK,1442145,2020-02-18,0001442145-20-000012,vrsk10k12312019.htm,62479,1.3604571135901664,0.4001344451735783,0.960322668416588
VRSN,1014473,2020-02-14,0001014473-20-000006,vrsn-20191231x10k.htm,37677,0.3981208694959789,0.5308278259946386,-0.1327069564986596
VRT,1674101,2020-03-12,0001104659-20-032055,tm2011880-1_10k.htm,58121,0.6882194043461055,4.215343851619896,-3.5271244472737906
VRTS,883237,2020-02-27,0000883237-20-000059,vrts1231201910-k.htm,43468,0.3450814392196558,2.185515781724487,-1.840434342504831
VSAT,797721,2020-05-29,0001564590-20-027420,vsat-10k_20200331.htm,77552,0.1934186094491438,0.1289457396327625,0.0644728698163812
VSEC,102752,2020-03-09,0000102752-20-000016,vsec-2019x10k.htm,31971,0.4691751900159519,0.0,0.4691751900159519
VSH,103730,2020-02-14,0000103730-20-000013,vishayintertech_10k.htm,65714,1.59783303405667,0.3804364366801595,1.2173965973765104
VST,1692819,2020-02-28,0001692819-20-000005,vistra-20191231.htm,110880,35.39862914862915,0.4509379509379509,34.9476911976912
VTOL,1525221,2020-03-06,0001525221-20-000006,a201910-k.htm,74234,0.8082549775035697,0.9429641404208312,-0.1347091629172616
VTR,740260,2020-02-24,0000740260-20-000042,vtr123119doc10k.htm,117176,0.0853417081996313,0.9814296442957604,-0.8960879360961289
VVV,1674910,2020-11-24,0001674910-20-000221,vvv-20200930.htm,64251,0.4669188028201895,0.8560178051703475,-0.3890990023501579
VVX,1601548,2020-03-03,0001601548-20-000016,vec-1231201910xk.htm,49186,0.6099296547798154,0.6099296547798154,0.0
VYX,70866,2020-02-28,0000070866-20-000007,ncr-20191231x10k.htm,84825,0.0,0.1768346595932803,-0.1768346595932803
WAB,943452,2020-02-24,0001628280-20-002098,wab-20191231.htm,57592,0.5209056813446311,0.2604528406723155,0.2604528406723155
WABC,311094,2020-02-28,0001171843-20-001355,wabc20191231_10k.htm,51276,0.0,0.8776035572197519,-0.8776035572197519
WAFD,936528,2020-11-23,0000936528-20-000045,wfsl-20200930_d2.htm,26944,0.0,1.1134204275534445,-1.1134204275534445
WAL,1212545,2020-03-02,0001212545-20-000104,wal1231201910-k.htm,82550,1.45366444579043,0.3634161114476075,1.0902483343428224
WAT,1000697,2020-02-25,0001193125-20-048303,d862312d10k.htm,56126,0.0,1.7817054484552617,-1.7817054484552617
WBD,1437107,2020-02-27,0001437107-20-000006,disca-2019123110kq4.htm,86859,1.8996304355334508,0.1151291173050576,1.784501318228393
WBS,801337,2020-02-28,0000801337-20-000014,wbs-20191231.htm,77018,0.0,0.5842789997143525,-0.5842789997143525
WCC,929008,2020-03-09,0001140361-20-005170,nt10009694x1_10ka.htm,26171,0.0,1.1463069810095143,-1.1463069810095143
WCN,1318220,2020-02-13,0001558370-20-000746,wcn-20191231x10k563eb6.htm,96737,6.874308692640872,0.0,6.874308692640872
WD,1497770,2020-02-26,0001558370-20-001477,wd-20191231x10k4bb676.htm,78045,0.3203280158882696,0.0,0.3203280158882696
WDAY,1327811,2020-03-03,0001327811-20-000022,wday-20200131.htm,50478,0.0,0.8914774753357899,-0.8914774753357899
WDC,106040,2020-08-28,0000106040-20-000049,wdc-20200703.htm,59921,0.0,2.252966405767594,-2.252966405767594
WDFC,105132,2020-10-21,0000105132-20-000046,wdfc-20200831x10k.htm,49618,0.3023096456930952,1.3100084646700796,-1.0076988189769842
WEC,783325,2020-02-27,0000107815-20-000089,a2019wec10k.htm,90905,39.959298168417575,0.9900445520048402,38.969253616412736
WELL,766704,2020-02-14,0000766704-20-000015,a201910-k.htm,105992,1.698241376707676,1.1321609178051173,0.5660804589025586
WEN,30697,2020-02-26,0000030697-20-000002,twc10k2019.htm,73531,0.0,1.0879764997076062,-1.0879764997076062
WERN,793074,2020-02-27,0000793074-20-000014,wern-20191231x10k.htm,33622,0.0,0.0,0.0
WES,1423902,2020-02-27,0001423902-20-000019,wes201910-k.htm,118904,0.2943551100047096,0.6307609500100921,-0.3364058400053825
WEX,1309108,2020-02-28,0001309108-20-000024,wex2019123110-k.htm,76354,0.0,1.047751263849962,-1.047751263849962
WFRD,1603923,2020-03-16,0001603923-20-000017,wft201910-k12x31x2019r.htm,81660,0.0,0.4898359049718344,-0.4898359049718344
WGO,107687,2020-10-21,0000107687-20-000035,wgo-20200829.htm,47927,0.0,0.2086506562063137,-0.2086506562063137
WH,1722684,2020-02-13,0001722684-20-000007,wh-20191231x10k.htm,49465,0.0,1.819468310926918,-1.819468310926918
WHD,1699136,2020-02-28,0001558370-20-001806,whd-20191231x10k.htm,60441,0.4963518141658808,1.240879535414702,-0.7445277212488213
WHR,106640,2020-02-11,0000106640-20-000017,whr-1231201910xk.htm,59868,0.0,0.6681365671143181,-0.6681365671143181
WINA,908315,2020-03-10,0000908315-20-000009,wina-20191228x10k.htm,28166,0.0,0.0,0.0
WING,1636222,2020-02-19,0001636222-20-000036,wing-20191228.htm,40823,0.0,0.2449599490483306,-0.2449599490483306
WK,1445305,2020-02-20,0001445305-20-000037,wk-20191231.htm,56783,0.3522180934434601,0.5283271401651902,-0.17610904672173
WKC,789460,2020-03-02,0001628280-20-002590,a2019q410-k.htm,53843,3.435915532195457,0.6500380736586,2.785877458536857
WLFC,1018164,2020-04-29,0001018164-20-000011,wlfc-12312019x10ka.htm,7807,0.0,0.0,0.0
WLK,1262823,2020-02-19,0001262823-20-000007,a12311910-kwlk.htm,60184,0.2492356772564136,1.080021268111126,-0.8307855908547123
WLY,107140,2020-09-04,0000107140-20-000052,fy20_form10ka.htm,2673,0.0,3.741114852225963,-3.741114852225963
WM,823768,2020-02-13,0001558370-20-000762,wm-20191231x10kba4080.htm,81587,6.4961329623592,1.9610967433537203,4.5350362190054785
WMB,107263,2020-02-24,0000107263-20-000005,wmb2019123110k.htm,83424,1.2586306098964326,2.2175872650556196,-0.9589566551591868
WMG,1319161,2020-11-23,0001319161-20-000032,wmg-20200930.htm,93521,0.1603917836635622,1.1227424856449353,-0.9623507019813732
WMK,105418,2020-03-12,0000105418-20-000007,wmk-20191228x10k.htm,21819,0.0,2.7498968788670424,-2.7498968788670424
WMS,1604028,2020-06-01,0001564590-20-027846,wms-10k_20200331.htm,77860,0.256871307474955,0.7063960955561265,-0.4495247880811713
WOR,108516,2020-07-30,0001564590-20-034955,wor-10k_20200531.htm,70423,0.0,0.1419990628061855,-0.1419990628061855
WPC,1025378,2020-02-21,0001025378-20-000011,wpc201910-k.htm,101556,0.9354444838315806,0.344637441411635,0.5908070424199456
WRB,11544,2020-02-20,0000011544-20-000016,wrb1231201910-k.htm,66674,0.2249752527222006,0.1499835018148003,0.0749917509074001
WRLD,108385,2020-05-29,0000108385-20-000014,wrld-20200331.htm,56268,0.0,0.2665813606312647,-0.2665813606312647
WSBC,203596,2020-02-28,0001564590-20-007827,wsbc-10k_20191231.htm,90088,0.166503862889619,1.3320309031169524,-1.1655270402273332
WSC,1647088,2020-03-02,0001647088-20-000010,wsc-20191231.htm,76437,1.046613551028952,1.569920326543428,-0.523306775514476
WSFS,828944,2020-03-02,0000828944-20-000009,wsfs-20191231.htm,80896,0.1236155063291139,0.6798852848101267,-0.5562697784810127
WSM,719955,2020-03-27,0001193125-20-088937,d856872d10k.htm,44975,0.0,2.001111728738188,-2.001111728738188
WSO,105016,2020-02-28,0001193125-20-056004,d838752d10k.htm,12976,1.155980271270037,0.7706535141800247,0.3853267570900123
WST,105770,2020-02-24,0000105770-20-000015,wst-20191231.htm,47757,0.0,0.3140900810352409,-0.3140900810352409
WT,880631,2020-02-28,0001193125-20-055331,d862578d10k.htm,67287,0.0,1.5604797360559988,-1.5604797360559988
WTFC,1015328,2020-02-28,0001015328-20-000067,wtfc-201910xk.htm,120207,0.0831898308750738,0.6239237315630537,-0.5407339006879799
WTM,776867,2020-03-30,0000776867-20-000011,wtm10-ka2019ma.htm,1296,0.0,7.716049382716049,-7.716049382716049
WTRG,78128,2020-02-28,0000078128-20-000005,wtrg-20191231x10k.htm,71329,0.0,0.420586297298434,-0.420586297298434
WTS,795403,2020-02-20,0001558370-20-001062,wts-20191231x10k30b5fb.htm,54630,0.0,0.0,0.0
WTTR,1693256,2020-02-25,0001558370-20-001327,wttr-20191231x10ka60708.htm,92079,2.2263491132614384,0.5973131767286786,1.6290359365327598
WU,1365135,2020-02-20,0001558370-20-001090,wu-20191231x10kf6082f.htm,90369,0.0,0.3319722471201407,-0.3319722471201407
WULF,1083301,2020-03-03,0001437749-20-004241,ikon20191223_10k.htm,18936,0.0,1.0561892691170258,-1.0561892691170258
WVE,1631574,2020-04-29,0001564590-20-019772,wve-10ka_20191231.htm,25488,0.0,1.9617074701820465,-1.9617074701820465
WWD,108312,2020-11-20,0001564590-20-054809,wwd-10k_20200930.htm,94280,2.3865082732286806,0.3712346202800169,2.0152736529486637
WWW,110471,2020-02-26,0000110471-20-000008,wolverineform10-k2019.htm,49586,0.4537571088613721,0.9075142177227444,-0.4537571088613721
WY,106535,2020-02-14,0001564590-20-004822,wy-10k_20191231.htm,60884,4.352539254976677,0.328493528677485,4.0240457262991915
WYNN,1174922,2020-02-28,0001174922-20-000024,wynn-20191231.htm,70354,0.6396224805981181,2.48742075788157,-1.8477982772834525
XEL,72903,2020-02-21,0000072903-20-000011,xcel1231201910-k.htm,71706,47.20664937383203,0.5578333751708364,46.6488159986612
XENE,1582313,2020-03-09,0001564590-20-009385,xene-10k_20191231.htm,74043,0.0,0.7428116094701727,-0.7428116094701727
XHR,1616000,2020-02-25,0001616000-20-000023,xeniadecember31201910-.htm,82901,0.1206258066850822,0.5428161300828699,-0.4221903233977877
XIFR,1603145,2020-02-18,0001603145-20-000006,nep-12312019x10k.htm,60965,116.99335684409088,0.6561141638645124,116.33724268022635
XPO,1166003,2020-02-10,0001166003-20-000028,xpo201910-k.htm,59140,0.2536354413256679,2.029083530605343,-1.7754480892796751
XYL,1524472,2020-02-28,0001524472-20-000006,xyl1231201910kv1.htm,61864,0.0,1.8589163326005431,-1.8589163326005431
YELP,1345016,2020-04-29,0001345016-20-000023,yelp-20191231.htm,28972,0.0,0.6903216899074969,-0.6903216899074969
YETI,1670592,2020-02-18,0001628280-20-001627,yeti-20191228.htm,50588,0.0,0.7907013520993121,-0.7907013520993121
YEXT,1614178,2020-03-20,0001614178-20-000078,yext-20200131.htm,55045,0.0,0.8175129439549459,-0.8175129439549459
YUM,1041061,2020-02-20,0001041061-20-000015,yum10k12312019.htm,66329,0.0,2.035308839270907,-2.035308839270907
ZBH,1136869,2020-02-21,0001564590-20-005657,zbh-10k_20191231.htm,60652,0.8243751236562685,0.1648750247312537,0.6595000989250148
ZBRA,877212,2020-02-13,0000877212-20-000006,a10k12312019zebra.htm,47113,1.167406023815083,1.167406023815083,0.0
ZD,1084048,2020-03-02,0001084048-20-000012,jcom2019123110-k.htm,77259,0.0,0.4530216544350819,-0.4530216544350819
ZIVO,1101026,2020-03-26,0001078782-20-000199,f10k123119_10k.htm,33457,0.4483366709507727,2.2416833547538633,-1.7933466838030907
ZS,1713683,2020-09-17,0001713683-20-000163,zs-20200731.htm,75611,0.1983838330401661,1.1241750538942743,-0.9257912208541084
ZWS,1439288,2020-05-12,0001439288-20-000090,rxn-20200331.htm,70238,0.0,1.4237307440416869,-1.4237307440416869
