ticker,cik,year,accession,doc,filing_date,status,cache_path
NVDA,1045810.0,2019,,,,no_filing_for_year,
NVDA,1045810.0,2020,0001045810-20-000010,nvda-2020x10k.htm,2020-02-20,cached,cached_edgar/1045810/000104581020000010/nvda-2020x10k.htm
NVDA,1045810.0,2025,0001045810-25-000023,nvda-20250126.htm,2025-02-26,cached,cached_edgar/1045810/000104581025000023/nvda-20250126.htm
AAPL,320193.0,2019,0000320193-19-000119,a10-k20199282019.htm,2019-10-31,cached,cached_edgar/320193/000032019319000119/a10-k20199282019.htm
AAPL,320193.0,2020,0000320193-20-000096,aapl-20200926.htm,2020-10-30,cached,cached_edgar/320193/000032019320000096/aapl-20200926.htm
AAPL,320193.0,2025,0000320193-25-000079,aapl-20250927.htm,2025-10-31,cached,cached_edgar/320193/000032019325000079/aapl-20250927.htm
MSFT,789019.0,2019,,,,no_filing_for_year,
MSFT,789019.0,2020,0001564590-20-034944,msft-10k_20200630.htm,2020-07-30,cached,cached_edgar/789019/000156459020034944/msft-10k_20200630.htm
MSFT,789019.0,2025,0000950170-25-100235,msft-20250630.htm,2025-07-30,cached,cached_edgar/789019/000095017025100235/msft-20250630.htm
AMZN,1018724.0,2019,,,,no_filing_for_year,
AMZN,1018724.0,2020,0001018724-20-000004,amzn-20191231x10k.htm,2020-01-31,cached,cached_edgar/1018724/000101872420000004/amzn-20191231x10k.htm
AMZN,1018724.0,2025,0001018724-25-000004,amzn-20241231.htm,2025-02-07,cached,cached_edgar/1018724/000101872425000004/amzn-20241231.htm
GOOGL,1652044.0,2019,,,,no_filing_for_year,
GOOGL,1652044.0,2020,,,,no_filing_for_year,
GOOGL,1652044.0,2025,0001652044-25-000014,goog-20241231.htm,2025-02-05,cached,cached_edgar/1652044/000165204425000014/goog-20241231.htm
AVGO,1730168.0,2019,0001730168-19-000144,avgo-11032019x10k.htm,2019-12-20,cached,cached_edgar/1730168/000173016819000144/avgo-11032019x10k.htm
AVGO,1730168.0,2020,0001730168-20-000226,avgo-20201101.htm,2020-12-18,cached,cached_edgar/1730168/000173016820000226/avgo-20201101.htm
AVGO,1730168.0,2025,0001730168-25-000121,avgo-20251102.htm,2025-12-18,cached,cached_edgar/1730168/000173016825000121/avgo-20251102.htm
GOOG,1652044.0,2019,,,,no_filing_for_year,
GOOG,1652044.0,2020,,,,no_filing_for_year,
GOOG,1652044.0,2025,0001652044-25-000014,goog-20241231.htm,2025-02-05,already_cached,cached_edgar/1652044/000165204425000014/goog-20241231.htm
META,1326801.0,2019,,,,no_filing_for_year,
META,1326801.0,2020,,,,no_filing_for_year,
META,1326801.0,2025,0001326801-25-000017,meta-20241231.htm,2025-01-30,cached,cached_edgar/1326801/000132680125000017/meta-20241231.htm
TSLA,1318605.0,2019,0001564590-19-003165,tsla-10k_20181231.htm,2019-02-19,cached,cached_edgar/1318605/000156459019003165/tsla-10k_20181231.htm
TSLA,1318605.0,2020,0001564590-20-018984,tsla-10ka_20191231.htm,2020-04-28,cached,cached_edgar/1318605/000156459020018984/tsla-10ka_20191231.htm
TSLA,1318605.0,2025,0001104659-25-042659,tm252787d2_10ka.htm,2025-04-30,cached,cached_edgar/1318605/000110465925042659/tm252787d2_10ka.htm
BRKB,,2019,,,,missing_cik,
BRKB,,2020,,,,missing_cik,
BRKB,,2025,,,,missing_cik,
LLY,59478.0,2019,,,,no_filing_for_year,
LLY,59478.0,2020,,,,no_filing_for_year,
LLY,59478.0,2025,0000059478-25-000067,lly-20241231.htm,2025-02-19,cached,cached_edgar/59478/000005947825000067/lly-20241231.htm
JPM,19617.0,2019,,,,no_filing_for_year,
JPM,19617.0,2020,,,,no_filing_for_year,
JPM,19617.0,2025,,,,no_filing_for_year,
XOM,34088.0,2019,,,,no_filing_for_year,
XOM,34088.0,2020,0000034088-20-000016,xom10k2019.htm,2020-02-26,cached,cached_edgar/34088/000003408820000016/xom10k2019.htm
XOM,34088.0,2025,0000034088-25-000010,xom-20241231.htm,2025-02-19,cached,cached_edgar/34088/000003408825000010/xom-20241231.htm
JNJ,200406.0,2019,0000200406-19-000009,form10-k20181230.htm,2019-02-20,cached,cached_edgar/200406/000020040619000009/form10-k20181230.htm
JNJ,200406.0,2020,0000200406-20-000010,form10-k20191229.htm,2020-02-18,cached,cached_edgar/200406/000020040620000010/form10-k20191229.htm
JNJ,200406.0,2025,0000200406-25-000038,jnj-20241229.htm,2025-02-13,cached,cached_edgar/200406/000020040625000038/jnj-20241229.htm
WMT,104169.0,2019,,,,no_filing_for_year,
WMT,104169.0,2020,,,,no_filing_for_year,
WMT,104169.0,2025,0000104169-25-000021,wmt-20250131.htm,2025-03-14,cached,cached_edgar/104169/000010416925000021/wmt-20250131.htm
V,1403161.0,2019,0001403161-19-000050,v093019form10k.htm,2019-11-14,cached,cached_edgar/1403161/000140316119000050/v093019form10k.htm
V,1403161.0,2020,0001403161-20-000070,v-20200930.htm,2020-11-19,cached,cached_edgar/1403161/000140316120000070/v-20200930.htm
V,1403161.0,2025,0001403161-25-000089,v-20250930.htm,2025-11-06,cached,cached_edgar/1403161/000140316125000089/v-20250930.htm
MU,723125.0,2019,0000723125-19-000094,a2019q4.htm,2019-10-17,cached,cached_edgar/723125/000072312519000094/a2019q4.htm
MU,723125.0,2020,0000723125-20-000082,mu-20200903.htm,2020-10-19,cached,cached_edgar/723125/000072312520000082/mu-20200903.htm
MU,723125.0,2025,0000723125-25-000028,mu-20250828.htm,2025-10-03,cached,cached_edgar/723125/000072312525000028/mu-20250828.htm
COST,909832.0,2019,0000909832-19-000019,cost10k9119.htm,2019-10-11,cached,cached_edgar/909832/000090983219000019/cost10k9119.htm
COST,909832.0,2020,0000909832-20-000017,cost-20200830.htm,2020-10-07,cached,cached_edgar/909832/000090983220000017/cost-20200830.htm
COST,909832.0,2025,0000909832-25-000101,cost-20250831.htm,2025-10-08,cached,cached_edgar/909832/000090983225000101/cost-20250831.htm
ABBV,1551152.0,2019,0001551152-19-000008,abbv-20181231x10k.htm,2019-02-27,cached,cached_edgar/1551152/000155115219000008/abbv-20181231x10k.htm
ABBV,1551152.0,2020,0001551152-20-000007,abbv-20191231x10k.htm,2020-02-21,cached,cached_edgar/1551152/000155115220000007/abbv-20191231x10k.htm
ABBV,1551152.0,2025,0001551152-25-000020,abbv-20241231.htm,2025-02-14,cached,cached_edgar/1551152/000155115225000020/abbv-20241231.htm
MA,1141391.0,2019,0001141391-19-000013,ma12312018-10xk.htm,2019-02-13,cached,cached_edgar/1141391/000114139119000013/ma12312018-10xk.htm
MA,1141391.0,2020,0001141391-20-000032,ma12312019-10xk.htm,2020-02-14,cached,cached_edgar/1141391/000114139120000032/ma12312019-10xk.htm
MA,1141391.0,2025,0001141391-25-000011,ma-20241231.htm,2025-02-12,cached,cached_edgar/1141391/000114139125000011/ma-20241231.htm
PG,80424.0,2019,,,,no_filing_for_year,
PG,80424.0,2020,,,,no_filing_for_year,
PG,80424.0,2025,0000080424-25-000076,pg-20250630.htm,2025-08-04,cached,cached_edgar/80424/000008042425000076/pg-20250630.htm
HD,354950.0,2019,0000354950-19-000010,hd_10kx02032019.htm,2019-03-28,cached,cached_edgar/354950/000035495019000010/hd_10kx02032019.htm
HD,354950.0,2020,0000354950-20-000015,hd10k02022020.htm,2020-03-25,cached,cached_edgar/354950/000035495020000015/hd10k02022020.htm
HD,354950.0,2025,0000354950-25-000085,hd-20250202.htm,2025-03-21,cached,cached_edgar/354950/000035495025000085/hd-20250202.htm
GE,40545.0,2019,0000040545-19-000014,ge10-k2018.htm,2019-02-26,cached,cached_edgar/40545/000004054519000014/ge10-k2018.htm
GE,40545.0,2020,0000040545-20-000009,ge10-k2019.htm,2020-02-24,cached,cached_edgar/40545/000004054520000009/ge10-k2019.htm
GE,40545.0,2025,0000040545-25-000015,ge-20241231.htm,2025-02-03,cached,cached_edgar/40545/000004054525000015/ge-20241231.htm
CAT,18230.0,2019,0000018230-19-000034,cat_10-kx12312018.htm,2019-02-14,cached,cached_edgar/18230/000001823019000034/cat_10-kx12312018.htm
CAT,18230.0,2020,0000018230-20-000056,cat10-k12312019.htm,2020-02-19,cached,cached_edgar/18230/000001823020000056/cat10-k12312019.htm
CAT,18230.0,2025,0000018230-25-000008,cat-20241231.htm,2025-02-14,cached,cached_edgar/18230/000001823025000008/cat-20241231.htm
CVX,93410.0,2019,0000093410-19-000008,cvx12312018-10kdoc.htm,2019-02-22,cached,cached_edgar/93410/000009341019000008/cvx12312018-10kdoc.htm
CVX,93410.0,2020,0000093410-20-000010,cvx12312019-10kdoc.htm,2020-02-21,cached,cached_edgar/93410/000009341020000010/cvx12312019-10kdoc.htm
CVX,93410.0,2025,0000093410-25-000009,cvx-20241231.htm,2025-02-21,cached,cached_edgar/93410/000009341025000009/cvx-20241231.htm
AMD,2488.0,2019,0000002488-19-000011,amd-12292018x10k.htm,2019-02-08,cached,cached_edgar/2488/000000248819000011/amd-12292018x10k.htm
AMD,2488.0,2020,0000002488-20-000008,amdform10-kfy2019.htm,2020-02-04,cached,cached_edgar/2488/000000248820000008/amdform10-kfy2019.htm
AMD,2488.0,2025,0000002488-25-000012,amd-20241228.htm,2025-02-05,cached,cached_edgar/2488/000000248825000012/amd-20241228.htm
BAC,70858.0,2019,,,,no_filing_for_year,
BAC,70858.0,2020,,,,no_filing_for_year,
BAC,70858.0,2025,0000070858-25-000139,bac-20241231.htm,2025-02-25,cached,cached_edgar/70858/000007085825000139/bac-20241231.htm
NFLX,1065280.0,2019,,,,no_filing_for_year,
NFLX,1065280.0,2020,,,,no_filing_for_year,
NFLX,1065280.0,2025,0001065280-25-000044,nflx-20241231.htm,2025-01-27,cached,cached_edgar/1065280/000106528025000044/nflx-20241231.htm
KO,21344.0,2019,0000021344-19-000014,a2018123110-k.htm,2019-02-21,cached,cached_edgar/21344/000002134419000014/a2018123110-k.htm
KO,21344.0,2020,0000021344-20-000006,a2019123110-k.htm,2020-02-24,cached,cached_edgar/21344/000002134420000006/a2019123110-k.htm
KO,21344.0,2025,0000021344-25-000011,ko-20241231.htm,2025-02-20,cached,cached_edgar/21344/000002134425000011/ko-20241231.htm
MRK,310158.0,2019,0000310158-19-000014,mrk1231201810k.htm,2019-02-27,cached,cached_edgar/310158/000031015819000014/mrk1231201810k.htm
MRK,310158.0,2020,0000310158-20-000005,mrk1231201910k.htm,2020-02-26,cached,cached_edgar/310158/000031015820000005/mrk1231201910k.htm
MRK,310158.0,2025,0001628280-25-007732,mrk-20241231.htm,2025-02-25,cached,cached_edgar/310158/000162828025007732/mrk-20241231.htm
CSCO,858877.0,2019,,,,no_filing_for_year,
CSCO,858877.0,2020,0000858877-20-000010,csco-2020725x10k.htm,2020-09-03,cached,cached_edgar/858877/000085887720000010/csco-2020725x10k.htm
CSCO,858877.0,2025,0000858877-25-000111,csco-20250726.htm,2025-09-03,cached,cached_edgar/858877/000085887725000111/csco-20250726.htm
LRCX,707549.0,2019,0000707549-19-000124,lrcx10k2019document.htm,2019-08-20,cached,cached_edgar/707549/000070754919000124/lrcx10k2019document.htm
LRCX,707549.0,2020,0000707549-20-000138,lrcx10k2020document.htm,2020-08-18,cached,cached_edgar/707549/000070754920000138/lrcx10k2020document.htm
LRCX,707549.0,2025,0000707549-25-000075,lrcx-20250629.htm,2025-08-11,cached,cached_edgar/707549/000070754925000075/lrcx-20250629.htm
AMAT,6951.0,2019,0000006951-19-000046,amat-20191027.htm,2019-12-13,cached,cached_edgar/6951/000000695119000046/amat-20191027.htm
AMAT,6951.0,2020,0000006951-20-000048,amat-20201025.htm,2020-12-11,cached,cached_edgar/6951/000000695120000048/amat-20201025.htm
AMAT,6951.0,2025,0001628280-25-056742,amat-20251026.htm,2025-12-12,cached,cached_edgar/6951/000162828025056742/amat-20251026.htm
PM,1413329.0,2019,0001413329-19-000007,pm123118form10kwrapinclfsm.htm,2019-02-07,cached,cached_edgar/1413329/000141332919000007/pm123118form10kwrapinclfsm.htm
PM,1413329.0,2020,0001413329-20-000007,pm123119form10kwrapinc.htm,2020-02-07,cached,cached_edgar/1413329/000141332920000007/pm123119form10kwrapinc.htm
PM,1413329.0,2025,0001413329-25-000013,pm-20241231.htm,2025-02-06,cached,cached_edgar/1413329/000141332925000013/pm-20241231.htm
PLTR,1321655.0,2019,,,,no_filing_for_year,
PLTR,1321655.0,2020,,,,no_filing_for_year,
PLTR,1321655.0,2025,0001321655-25-000022,pltr-20241231.htm,2025-02-18,cached,cached_edgar/1321655/000132165525000022/pltr-20241231.htm
WFC,72971.0,2019,,,,no_filing_for_year,
WFC,72971.0,2020,,,,no_filing_for_year,
WFC,72971.0,2025,0000072971-25-000066,wfc-20241231.htm,2025-02-25,cached,cached_edgar/72971/000007297125000066/wfc-20241231.htm
RTX,101829.0,2019,0000101829-19-000009,a2018-12x31form10xka.htm,2019-04-05,cached,cached_edgar/101829/000010182919000009/a2018-12x31form10xka.htm
RTX,101829.0,2020,0000101829-20-000013,utx-20191231_d2.htm,2020-02-06,cached,cached_edgar/101829/000010182920000013/utx-20191231_d2.htm
RTX,101829.0,2025,0000101829-25-000005,rtx-20241231.htm,2025-02-03,cached,cached_edgar/101829/000010182925000005/rtx-20241231.htm
GS,886982.0,2019,,,,no_filing_for_year,
GS,886982.0,2020,,,,no_filing_for_year,
GS,886982.0,2025,0000886982-25-000005,gs-20241231.htm,2025-02-27,cached,cached_edgar/886982/000088698225000005/gs-20241231.htm
UNH,731766.0,2019,,,,no_filing_for_year,
UNH,731766.0,2020,,,,no_filing_for_year,
UNH,731766.0,2025,0000731766-25-000063,unh-20241231.htm,2025-02-27,cached,cached_edgar/731766/000073176625000063/unh-20241231.htm
ORCL,1341439.0,2019,0001564590-19-023119,orcl-10k_20190531.htm,2019-06-21,cached,cached_edgar/1341439/000156459019023119/orcl-10k_20190531.htm
ORCL,1341439.0,2020,0001564590-20-030125,orcl-10k_20200531.htm,2020-06-22,cached,cached_edgar/1341439/000156459020030125/orcl-10k_20200531.htm
ORCL,1341439.0,2025,0000950170-25-087926,orcl-20250531.htm,2025-06-18,cached,cached_edgar/1341439/000095017025087926/orcl-20250531.htm
GEV,1996810.0,2019,,,,no_filing_for_year,
GEV,1996810.0,2020,,,,no_filing_for_year,
GEV,1996810.0,2025,0001996810-25-000011,gev-20241231.htm,2025-02-06,cached,cached_edgar/1996810/000199681025000011/gev-20241231.htm
MCD,63908.0,2019,0000063908-19-000010,mcd-12312018x10k.htm,2019-02-22,cached,cached_edgar/63908/000006390819000010/mcd-12312018x10k.htm
MCD,63908.0,2020,0000063908-20-000022,mcd-12312019x10k.htm,2020-02-26,cached,cached_edgar/63908/000006390820000022/mcd-12312019x10k.htm
MCD,63908.0,2025,0000063908-25-000012,mcd-20241231.htm,2025-02-25,cached,cached_edgar/63908/000006390825000012/mcd-20241231.htm
LIN,1707925.0,2019,0001628280-19-003050,plc201810-k.htm,2019-03-18,cached,cached_edgar/1707925/000162828019003050/plc201810-k.htm
LIN,1707925.0,2020,0001707925-20-000015,lin201910-k.htm,2020-03-02,cached,cached_edgar/1707925/000170792520000015/lin201910-k.htm
LIN,1707925.0,2025,0001628280-25-007990,lin-20241231.htm,2025-02-26,cached,cached_edgar/1707925/000162828025007990/lin-20241231.htm
PEP,77476.0,2019,0000077476-19-000017,pepsico201810-k.htm,2019-02-15,cached,cached_edgar/77476/000007747619000017/pepsico201810-k.htm
PEP,77476.0,2020,0000077476-20-000015,pepsico201910-k.htm,2020-02-13,cached,cached_edgar/77476/000007747620000015/pepsico201910-k.htm
PEP,77476.0,2025,0000077476-25-000007,pep-20241228.htm,2025-02-04,cached,cached_edgar/77476/000007747625000007/pep-20241228.htm
IBM,51143.0,2019,,,,no_filing_for_year,
IBM,51143.0,2020,0001558370-20-001334,ibm-20191231x10k2af531.htm,2020-02-25,cached,cached_edgar/51143/000155837020001334/ibm-20191231x10k2af531.htm
IBM,51143.0,2025,0000051143-25-000015,ibm-20241231.htm,2025-02-25,cached,cached_edgar/51143/000005114325000015/ibm-20241231.htm
VZ,732712.0,2019,,,,no_filing_for_year,
VZ,732712.0,2020,,,,no_filing_for_year,
VZ,732712.0,2025,0000732712-25-000006,vz-20241231.htm,2025-02-12,cached,cached_edgar/732712/000073271225000006/vz-20241231.htm
AMGN,318154.0,2019,0000318154-19-000008,amgn-12312018x10kq42018.htm,2019-02-13,cached,cached_edgar/318154/000031815419000008/amgn-12312018x10kq42018.htm
AMGN,318154.0,2020,0000318154-20-000019,amgn-12312019x10kq420191.htm,2020-02-13,cached,cached_edgar/318154/000031815420000019/amgn-12312019x10kq420191.htm
AMGN,318154.0,2025,0000318154-25-000010,amgn-20241231.htm,2025-02-14,cached,cached_edgar/318154/000031815425000010/amgn-20241231.htm
INTC,50863.0,2019,0000050863-19-000007,a12292018q4-10kdocument.htm,2019-02-01,cached,cached_edgar/50863/000005086319000007/a12292018q4-10kdocument.htm
INTC,50863.0,2020,0000050863-20-000011,a12282019q4-10kdocument.htm,2020-01-24,cached,cached_edgar/50863/000005086320000011/a12282019q4-10kdocument.htm
INTC,50863.0,2025,0000050863-25-000009,intc-20241228.htm,2025-01-31,cached,cached_edgar/50863/000005086325000009/intc-20241228.htm
NEE,753308.0,2019,0000753308-19-000039,nee-12312018x10k.htm,2019-02-15,cached,cached_edgar/753308/000075330819000039/nee-12312018x10k.htm
NEE,753308.0,2020,0000753308-20-000021,nee-12312019x10k.htm,2020-02-14,cached,cached_edgar/753308/000075330820000021/nee-12312019x10k.htm
NEE,753308.0,2025,0000753308-25-000011,nee-20241231.htm,2025-02-14,cached,cached_edgar/753308/000075330825000011/nee-20241231.htm
ABT,1800.0,2019,0001047469-19-000624,a2237733z10-k.htm,2019-02-22,cached,cached_edgar/1800/000104746919000624/a2237733z10-k.htm
ABT,1800.0,2020,0001104659-20-023904,abt-20191231x10k59d41b.htm,2020-02-21,cached,cached_edgar/1800/000110465920023904/abt-20191231x10k59d41b.htm
ABT,1800.0,2025,0001628280-25-007110,abt-20241231.htm,2025-02-21,cached,cached_edgar/1800/000162828025007110/abt-20241231.htm
KLAC,319201.0,2019,0000319201-19-000031,klac10k2019.htm,2019-08-16,cached,cached_edgar/319201/000031920119000031/klac10k2019.htm
KLAC,319201.0,2020,0000319201-20-000047,klac-20200630.htm,2020-08-07,cached,cached_edgar/319201/000031920120000047/klac-20200630.htm
KLAC,319201.0,2025,0000319201-25-000024,klac-20250630.htm,2025-08-08,cached,cached_edgar/319201/000031920125000024/klac-20250630.htm
T,732717.0,2019,,,,no_filing_for_year,
T,732717.0,2020,,,,no_filing_for_year,
T,732717.0,2025,0000732717-25-000013,t-20241231.htm,2025-02-12,cached,cached_edgar/732717/000073271725000013/t-20241231.htm
TMO,97745.0,2019,0000097745-19-000007,a201810k.htm,2019-02-27,cached,cached_edgar/97745/000009774519000007/a201810k.htm
TMO,97745.0,2020,0000097745-20-000009,tmo-20191231.htm,2020-02-26,cached,cached_edgar/97745/000009774520000009/tmo-20191231.htm
TMO,97745.0,2025,0000097745-25-000010,tmo-20241231.htm,2025-02-20,cached,cached_edgar/97745/000009774525000010/tmo-20241231.htm
MS,895421.0,2019,,,,no_filing_for_year,
MS,895421.0,2020,,,,no_filing_for_year,
MS,895421.0,2025,,,,no_filing_for_year,
C,831001.0,2019,,,,no_filing_for_year,
C,831001.0,2020,,,,no_filing_for_year,
C,831001.0,2025,,,,no_filing_for_year,
TXN,97476.0,2019,0001564590-19-003839,txn-10k_20181231.htm,2019-02-22,cached,cached_edgar/97476/000156459019003839/txn-10k_20181231.htm
TXN,97476.0,2020,0000097476-20-000009,txn-20191231.htm,2020-02-20,cached,cached_edgar/97476/000009747620000009/txn-20191231.htm
TXN,97476.0,2025,0000097476-25-000007,txn-20241231.htm,2025-02-14,cached,cached_edgar/97476/000009747625000007/txn-20241231.htm
DIS,1744489.0,2019,0001744489-19-000225,fy2019q410k.htm,2019-11-20,cached,cached_edgar/1744489/000174448919000225/fy2019q410k.htm
DIS,1744489.0,2020,0001744489-20-000197,dis-20201003.htm,2020-11-25,cached,cached_edgar/1744489/000174448920000197/dis-20201003.htm
DIS,1744489.0,2025,0001744489-25-000155,dis-20250927.htm,2025-11-13,cached,cached_edgar/1744489/000174448925000155/dis-20250927.htm
APH,820313.0,2019,0001558370-19-000636,aph-20181231x10k.htm,2019-02-13,cached,cached_edgar/820313/000155837019000636/aph-20181231x10k.htm
APH,820313.0,2020,0001558370-20-000728,aph-20191231x10k7e830b.htm,2020-02-12,cached,cached_edgar/820313/000155837020000728/aph-20191231x10k7e830b.htm
APH,820313.0,2025,0001558370-25-000714,aph-20241231x10k.htm,2025-02-07,cached,cached_edgar/820313/000155837025000714/aph-20241231x10k.htm
GILD,882095.0,2019,0000882095-19-000008,a2018form10-ka.htm,2019-04-18,cached,cached_edgar/882095/000088209519000008/a2018form10-ka.htm
GILD,882095.0,2020,0000882095-20-000006,a2019form10-k.htm,2020-02-25,cached,cached_edgar/882095/000088209520000006/a2019form10-k.htm
GILD,882095.0,2025,0000882095-25-000006,gild-20241231.htm,2025-02-28,cached,cached_edgar/882095/000088209525000006/gild-20241231.htm
ADI,6281.0,2019,0000006281-19-000144,adi-20191102.htm,2019-11-26,cached,cached_edgar/6281/000000628119000144/adi-20191102.htm
ADI,6281.0,2020,0000006281-20-000156,adi-20201031.htm,2020-11-24,cached,cached_edgar/6281/000000628120000156/adi-20201031.htm
ADI,6281.0,2025,0000006281-25-000153,adi-20251101.htm,2025-11-25,cached,cached_edgar/6281/000000628125000153/adi-20251101.htm
TJX,109198.0,2019,0001628280-19-003834,tjx-10kx20190202.htm,2019-04-03,cached,cached_edgar/109198/000162828019003834/tjx-10kx20190202.htm
TJX,109198.0,2020,0000109198-20-000004,tjx-20200201.htm,2020-03-27,cached,cached_edgar/109198/000010919820000004/tjx-20200201.htm
TJX,109198.0,2025,0000109198-25-000010,tjx-20250201.htm,2025-04-02,cached,cached_edgar/109198/000010919825000010/tjx-20250201.htm
BA,12927.0,2019,0000012927-19-000010,a201812dec3110k.htm,2019-02-08,cached,cached_edgar/12927/000001292719000010/a201812dec3110k.htm
BA,12927.0,2020,0000012927-20-000014,a201912dec3110k.htm,2020-01-31,cached,cached_edgar/12927/000001292720000014/a201912dec3110k.htm
BA,12927.0,2025,0000012927-25-000015,ba-20241231.htm,2025-02-03,cached,cached_edgar/12927/000001292725000015/ba-20241231.htm
ISRG,1035267.0,2019,0001035267-19-000012,isrg-20181231x10k.htm,2019-02-04,cached,cached_edgar/1035267/000103526719000012/isrg-20181231x10k.htm
ISRG,1035267.0,2020,0001035267-20-000032,isrg-20191231.htm,2020-02-07,cached,cached_edgar/1035267/000103526720000032/isrg-20191231.htm
ISRG,1035267.0,2025,0001035267-25-000017,isrg-20241231.htm,2025-01-31,cached,cached_edgar/1035267/000103526725000017/isrg-20241231.htm
CRM,1108524.0,2019,,,,no_filing_for_year,
CRM,1108524.0,2020,,,,no_filing_for_year,
CRM,1108524.0,2025,0001108524-25-000006,crm-20250131.htm,2025-03-05,cached,cached_edgar/1108524/000110852425000006/crm-20250131.htm
AXP,4962.0,2019,0000004962-19-000018,axp201810k.htm,2019-02-13,cached,cached_edgar/4962/000000496219000018/axp201810k.htm
AXP,4962.0,2020,0000004962-20-000030,axp-20191231.htm,2020-02-13,cached,cached_edgar/4962/000000496220000030/axp-20191231.htm
AXP,4962.0,2025,0000004962-25-000016,axp-20241231.htm,2025-02-07,cached,cached_edgar/4962/000000496225000016/axp-20241231.htm
BLK,2012383.0,2019,,,,no_filing_for_year,
BLK,2012383.0,2020,,,,no_filing_for_year,
BLK,2012383.0,2025,0000950170-25-026584,blk-20241231.htm,2025-02-25,cached,cached_edgar/2012383/000095017025026584/blk-20241231.htm
UNP,100885.0,2019,,,,no_filing_for_year,
UNP,100885.0,2020,,,,no_filing_for_year,
UNP,100885.0,2025,0000100885-25-000042,unp-20241231.htm,2025-02-07,cached,cached_edgar/100885/000010088525000042/unp-20241231.htm
SCHW,316709.0,2019,,,,no_filing_for_year,
SCHW,316709.0,2020,,,,no_filing_for_year,
SCHW,316709.0,2025,0000316709-25-000010,schw-20241231.htm,2025-02-26,cached,cached_edgar/316709/000031670925000010/schw-20241231.htm
DE,315189.0,2019,0001558370-19-011614,de-20191103x10k.htm,2019-12-19,cached,cached_edgar/315189/000155837019011614/de-20191103x10k.htm
DE,315189.0,2020,0001558370-20-014436,de-20201101x10k.htm,2020-12-17,cached,cached_edgar/315189/000155837020014436/de-20201101x10k.htm
DE,315189.0,2025,0001104659-25-122321,de-20251102x10k.htm,2025-12-18,cached,cached_edgar/315189/000110465925122321/de-20251102x10k.htm
QCOM,804328.0,2019,0001728949-19-000072,qcom10-k2019.htm,2019-11-06,cached,cached_edgar/804328/000172894919000072/qcom10-k2019.htm
QCOM,804328.0,2020,0001728949-20-000067,qcom-20200927.htm,2020-11-04,cached,cached_edgar/804328/000172894920000067/qcom-20200927.htm
QCOM,804328.0,2025,0000804328-25-000085,qcom-20250928.htm,2025-11-05,cached,cached_edgar/804328/000080432825000085/qcom-20250928.htm
LOW,60667.0,2019,0000060667-19-000042,form10k_02012019.htm,2019-04-02,cached,cached_edgar/60667/000006066719000042/form10k_02012019.htm
LOW,60667.0,2020,0000060667-20-000036,form10k01312020.htm,2020-03-23,cached,cached_edgar/60667/000006066720000036/form10k01312020.htm
LOW,60667.0,2025,0000060667-25-000049,low-20250131.htm,2025-03-24,cached,cached_edgar/60667/000006066725000049/low-20250131.htm
HON,773840.0,2019,,,,no_filing_for_year,
HON,773840.0,2020,0000773840-20-000009,hon1231201910k.htm,2020-02-14,cached,cached_edgar/773840/000077384020000009/hon1231201910k.htm
HON,773840.0,2025,0000773840-25-000010,hon-20241231.htm,2025-02-14,cached,cached_edgar/773840/000077384025000010/hon-20241231.htm
PFE,78003.0,2019,,,,no_filing_for_year,
PFE,78003.0,2020,,,,no_filing_for_year,
PFE,78003.0,2025,0000078003-25-000054,pfe-20241231.htm,2025-02-27,cached,cached_edgar/78003/000007800325000054/pfe-20241231.htm
ETN,1551182.0,2019,0001551182-19-000045,etn12312018form10-k.htm,2019-02-27,cached,cached_edgar/1551182/000155118219000045/etn12312018form10-k.htm
ETN,1551182.0,2020,0001551182-20-000050,etn12312019form10-k.htm,2020-02-26,cached,cached_edgar/1551182/000155118220000050/etn12312019form10-k.htm
ETN,1551182.0,2025,0001551182-25-000006,etn-20241231.htm,2025-02-27,cached,cached_edgar/1551182/000155118225000006/etn-20241231.htm
WELL,766704.0,2019,0000766704-19-000014,a201810-k.htm,2019-02-25,cached,cached_edgar/766704/000076670419000014/a201810-k.htm
WELL,766704.0,2020,0000766704-20-000015,a201910-k.htm,2020-02-14,cached,cached_edgar/766704/000076670420000015/a201910-k.htm
WELL,766704.0,2025,0000766704-25-000009,well-20241231.htm,2025-02-12,cached,cached_edgar/766704/000076670425000009/well-20241231.htm
UBER,1543151.0,2019,,,,no_filing_for_year,
UBER,1543151.0,2020,,,,no_filing_for_year,
UBER,1543151.0,2025,0001543151-25-000008,uber-20241231.htm,2025-02-14,cached,cached_edgar/1543151/000154315125000008/uber-20241231.htm
COP,1163165.0,2019,0001193125-19-043841,d636257d10k.htm,2019-02-19,cached,cached_edgar/1163165/000119312519043841/d636257d10k.htm
COP,1163165.0,2020,0001193125-20-039954,d875559d10k.htm,2020-02-18,cached,cached_edgar/1163165/000119312520039954/d875559d10k.htm
COP,1163165.0,2025,0001163165-25-000012,cop-20241231.htm,2025-02-18,cached,cached_edgar/1163165/000116316525000012/cop-20241231.htm
LMT,936468.0,2019,0000936468-19-000009,lmtq4201810k.htm,2019-02-08,cached,cached_edgar/936468/000093646819000009/lmtq4201810k.htm
LMT,936468.0,2020,0000936468-20-000016,lmtq4201910k.htm,2020-02-07,cached,cached_edgar/936468/000093646820000016/lmtq4201910k.htm
LMT,936468.0,2025,0000936468-25-000009,lmt-20241231.htm,2025-01-28,cached,cached_edgar/936468/000093646825000009/lmt-20241231.htm
NEM,1164727.0,2019,0001558370-19-000806,nem-20181231x10k.htm,2019-02-21,cached,cached_edgar/1164727/000155837019000806/nem-20181231x10k.htm
NEM,1164727.0,2020,0001558370-20-001041,nem-20191231x10k047aaa.htm,2020-02-20,cached,cached_edgar/1164727/000155837020001041/nem-20191231x10k047aaa.htm
NEM,1164727.0,2025,0001164727-25-000011,nem-20241231.htm,2025-02-21,cached,cached_edgar/1164727/000116472725000011/nem-20241231.htm
ANET,1596532.0,2019,,,,no_filing_for_year,
ANET,1596532.0,2020,,,,no_filing_for_year,
ANET,1596532.0,2025,0001596532-25-000028,anet-20241231.htm,2025-02-19,cached,cached_edgar/1596532/000159653225000028/anet-20241231.htm
BKNG,1075531.0,2019,0001075531-19-000009,bkng1231201810k.htm,2019-02-27,cached,cached_edgar/1075531/000107553119000009/bkng1231201810k.htm
BKNG,1075531.0,2020,0001075531-20-000011,bkng1231201910k.htm,2020-02-26,cached,cached_edgar/1075531/000107553120000011/bkng1231201910k.htm
BKNG,1075531.0,2025,0001075531-25-000010,bkng-20241231.htm,2025-02-20,cached,cached_edgar/1075531/000107553125000010/bkng-20241231.htm
DHR,313616.0,2019,,,,no_filing_for_year,
DHR,313616.0,2020,0000313616-20-000041,dhr-20191231x10xk.htm,2020-02-21,cached,cached_edgar/313616/000031361620000041/dhr-20191231x10xk.htm
DHR,313616.0,2025,0000313616-25-000043,dhr-20241231.htm,2025-02-20,cached,cached_edgar/313616/000031361625000043/dhr-20241231.htm
SYK,310764.0,2019,0000310764-19-000014,syk10k123118.htm,2019-02-07,cached,cached_edgar/310764/000031076419000014/syk10k123118.htm
SYK,310764.0,2020,0000310764-20-000014,syk10k12312019.htm,2020-02-06,cached,cached_edgar/310764/000031076420000014/syk10k12312019.htm
SYK,310764.0,2025,0000310764-25-000023,syk-20241231.htm,2025-02-12,cached,cached_edgar/310764/000031076425000023/syk-20241231.htm
PLD,1045609.0,2019,0001564590-19-002872,pld-10k_20181231.htm,2019-02-13,cached,cached_edgar/1045609/000156459019002872/pld-10k_20181231.htm
PLD,1045609.0,2020,0001564590-20-004096,pld-10k_20191231.htm,2020-02-11,cached,cached_edgar/1045609/000156459020004096/pld-10k_20191231.htm
PLD,1045609.0,2025,0000950170-25-021272,pld-20241231.htm,2025-02-14,cached,cached_edgar/1045609/000095017025021272/pld-20241231.htm
PH,76334.0,2019,0000076334-19-000096,ph630201910-k.htm,2019-08-23,cached,cached_edgar/76334/000007633419000096/ph630201910-k.htm
PH,76334.0,2020,0000076334-20-000099,ph630202010-k.htm,2020-08-26,cached,cached_edgar/76334/000007633420000099/ph630202010-k.htm
PH,76334.0,2025,0000076334-25-000035,ph-20250630.htm,2025-08-22,cached,cached_edgar/76334/000007633425000035/ph-20250630.htm
SPGI,64040.0,2019,0000064040-19-000059,spgi-20181231x10k.htm,2019-02-13,cached,cached_edgar/64040/000006404019000059/spgi-20181231x10k.htm
SPGI,64040.0,2020,0000064040-20-000055,spgi-20191231x10k.htm,2020-02-10,cached,cached_edgar/64040/000006404020000055/spgi-20191231x10k.htm
SPGI,64040.0,2025,0000064040-25-000052,spgi-20241231.htm,2025-02-11,cached,cached_edgar/64040/000006404025000052/spgi-20241231.htm
BMY,14272.0,2019,0000014272-19-000047,bmy-20181231x10xk.htm,2019-02-25,cached,cached_edgar/14272/000001427219000047/bmy-20181231x10xk.htm
BMY,14272.0,2020,0000014272-20-000082,bmy-20191231x10xk.htm,2020-02-24,cached,cached_edgar/14272/000001427220000082/bmy-20191231x10xk.htm
BMY,14272.0,2025,0000014272-25-000039,bmy-20241231.htm,2025-02-12,cached,cached_edgar/14272/000001427225000039/bmy-20241231.htm
VRTX,875320.0,2019,,,,no_filing_for_year,
VRTX,875320.0,2020,0000875320-20-000007,a201910k-main.htm,2020-02-13,cached,cached_edgar/875320/000087532020000007/a201910k-main.htm
VRTX,875320.0,2025,0000875320-25-000053,vrtx-20241231.htm,2025-02-13,cached,cached_edgar/875320/000087532025000053/vrtx-20241231.htm
MDT,1613103.0,2019,0001613103-19-000028,mdt-2019426x10k.htm,2019-06-21,cached,cached_edgar/1613103/000161310319000028/mdt-2019426x10k.htm
MDT,1613103.0,2020,0001613103-20-000021,mdt-20200424.htm,2020-06-19,cached,cached_edgar/1613103/000161310320000021/mdt-20200424.htm
MDT,1613103.0,2025,0001613103-25-000091,mdt-20250425.htm,2025-06-20,cached,cached_edgar/1613103/000161310325000091/mdt-20250425.htm
COF,927628.0,2019,,,,no_filing_for_year,
COF,927628.0,2020,,,,no_filing_for_year,
COF,927628.0,2025,0000927628-25-000092,cof-20241231.htm,2025-02-20,cached,cached_edgar/927628/000092762825000092/cof-20241231.htm
ACN,1467373.0,2019,,,,no_filing_for_year,
ACN,1467373.0,2020,,,,no_filing_for_year,
ACN,1467373.0,2025,0001467373-25-000217,acn-20250831.htm,2025-10-10,cached,cached_edgar/1467373/000146737325000217/acn-20250831.htm
CB,896159.0,2019,0000896159-19-000005,cb-12312018x10k.htm,2019-02-28,cached,cached_edgar/896159/000089615919000005/cb-12312018x10k.htm
CB,896159.0,2020,0000896159-20-000003,cb-12312019x10k.htm,2020-02-27,cached,cached_edgar/896159/000089615920000003/cb-12312019x10k.htm
CB,896159.0,2025,0000896159-25-000004,cb-20241231.htm,2025-02-27,cached,cached_edgar/896159/000089615925000004/cb-20241231.htm
PGR,80661.0,2019,,,,no_filing_for_year,
PGR,80661.0,2020,,,,no_filing_for_year,
PGR,80661.0,2025,0000080661-25-000007,pgr-20241231.htm,2025-03-03,cached,cached_edgar/80661/000008066125000007/pgr-20241231.htm
MCK,927653.0,2019,0000927653-19-000009,mck_10kx3312019.htm,2019-05-15,cached,cached_edgar/927653/000092765319000009/mck_10kx3312019.htm
MCK,927653.0,2020,0000927653-20-000033,mck10k3312020.htm,2020-05-22,cached,cached_edgar/927653/000092765320000033/mck10k3312020.htm
MCK,927653.0,2025,0000927653-25-000036,mck-20250331.htm,2025-05-09,cached,cached_edgar/927653/000092765325000036/mck-20250331.htm
GLW,24741.0,2019,,,,no_filing_for_year,
GLW,24741.0,2020,,,,no_filing_for_year,
GLW,24741.0,2025,0001628280-25-005347,glw-20241231.htm,2025-02-13,cached,cached_edgar/24741/000162828025005347/glw-20241231.htm
MO,764180.0,2019,0000764180-19-000049,a2018form10-ka.htm,2019-05-29,cached,cached_edgar/764180/000076418019000049/a2018form10-ka.htm
MO,764180.0,2020,0000764180-20-000055,a2019form10-ka.htm,2020-05-19,cached,cached_edgar/764180/000076418020000055/a2019form10-ka.htm
MO,764180.0,2025,0000764180-25-000092,mo-20241231.htm,2025-06-04,cached,cached_edgar/764180/000076418025000092/mo-20241231.htm
CME,1156375.0,2019,0001156375-19-000010,cme-2018123110k.htm,2019-02-28,cached,cached_edgar/1156375/000115637519000010/cme-2018123110k.htm
CME,1156375.0,2020,0001156375-20-000013,cme-2019123110k.htm,2020-02-28,cached,cached_edgar/1156375/000115637520000013/cme-2019123110k.htm
CME,1156375.0,2025,0001156375-25-000021,cme-20241231.htm,2025-02-27,cached,cached_edgar/1156375/000115637525000021/cme-20241231.htm
CMCSA,1166691.0,2019,0001166691-19-000005,cmcsa-12312018x10k.htm,2019-01-31,cached,cached_edgar/1166691/000116669119000005/cmcsa-12312018x10k.htm
CMCSA,1166691.0,2020,0001166691-20-000008,cmcsa-12312019x10k.htm,2020-01-30,cached,cached_edgar/1166691/000116669120000008/cmcsa-12312019x10k.htm
CMCSA,1166691.0,2025,0001166691-25-000011,cmcsa-20241231.htm,2025-01-31,cached,cached_edgar/1166691/000116669125000011/cmcsa-20241231.htm
BSX,885725.0,2019,,,,no_filing_for_year,
BSX,885725.0,2020,,,,no_filing_for_year,
BSX,885725.0,2025,0000885725-25-000011,bsx-20241231.htm,2025-02-18,cached,cached_edgar/885725/000088572525000011/bsx-20241231.htm
PANW,1327567.0,2019,0001327567-19-000032,panw-7312019x10k.htm,2019-09-09,cached,cached_edgar/1327567/000132756719000032/panw-7312019x10k.htm
PANW,1327567.0,2020,0001327567-20-000032,panw-20200731.htm,2020-09-04,cached,cached_edgar/1327567/000132756720000032/panw-20200731.htm
PANW,1327567.0,2025,0001327567-25-000027,panw-20250731.htm,2025-08-29,cached,cached_edgar/1327567/000132756725000027/panw-20250731.htm
SBUX,829224.0,2019,0000829224-19-000051,sbux-9292019x10xk.htm,2019-11-15,cached,cached_edgar/829224/000082922419000051/sbux-9292019x10xk.htm
SBUX,829224.0,2020,0000829224-20-000078,sbux-20200927.htm,2020-11-12,cached,cached_edgar/829224/000082922420000078/sbux-20200927.htm
SBUX,829224.0,2025,0000829224-25-000114,sbux-20250928.htm,2025-11-14,cached,cached_edgar/829224/000082922425000114/sbux-20250928.htm
TMUS,1283699.0,2019,,,,no_filing_for_year,
TMUS,1283699.0,2020,0001283699-20-000026,tmus-20191231.htm,2020-02-06,cached,cached_edgar/1283699/000128369920000026/tmus-20191231.htm
TMUS,1283699.0,2025,0001283699-25-000012,tmus-20241231.htm,2025-01-31,cached,cached_edgar/1283699/000128369925000012/tmus-20241231.htm
ADBE,796343.0,2019,0000796343-19-000019,adbe10kfy18.htm,2019-01-25,cached,cached_edgar/796343/000079634319000019/adbe10kfy18.htm
ADBE,796343.0,2020,0000796343-20-000013,adbe10kfy19.htm,2020-01-21,cached,cached_edgar/796343/000079634320000013/adbe10kfy19.htm
ADBE,796343.0,2025,0000796343-25-000004,adbe-20241129.htm,2025-01-13,cached,cached_edgar/796343/000079634325000004/adbe-20241129.htm
NOW,1373715.0,2019,,,,no_filing_for_year,
NOW,1373715.0,2020,,,,no_filing_for_year,
NOW,1373715.0,2025,0001373715-25-000010,now-20241231.htm,2025-01-30,cached,cached_edgar/1373715/000137371525000010/now-20241231.htm
SO,92122.0,2019,,,,no_filing_for_year,
SO,92122.0,2020,,,,no_filing_for_year,
SO,92122.0,2025,0000092122-25-000018,so-20241231.htm,2025-02-20,cached,cached_edgar/92122/000009212225000018/so-20241231.htm
HWM,4281.0,2019,0000004281-19-000031,form10k_4q18.htm,2019-02-21,cached,cached_edgar/4281/000000428119000031/form10k_4q18.htm
HWM,4281.0,2020,0000004281-20-000038,form10k4q19.htm,2020-02-27,cached,cached_edgar/4281/000000428120000038/form10k4q19.htm
HWM,4281.0,2025,0000004281-25-000011,hwm-20241231.htm,2025-02-14,cached,cached_edgar/4281/000000428125000011/hwm-20241231.htm
TT,1466258.0,2019,0001466258-19-000073,ir-10kx12312018.htm,2019-02-12,cached,cached_edgar/1466258/000146625819000073/ir-10kx12312018.htm
TT,1466258.0,2020,0001466258-20-000064,ir-10kx12312019.htm,2020-02-18,cached,cached_edgar/1466258/000146625820000064/ir-10kx12312019.htm
TT,1466258.0,2025,0001466258-25-000039,tt-20241231.htm,2025-02-06,cached,cached_edgar/1466258/000146625825000039/tt-20241231.htm
DUK,1326160.0,2019,0001326160-19-000057,duk-20181231x10k.htm,2019-02-28,cached,cached_edgar/1326160/000132616019000057/duk-20181231x10k.htm
DUK,1326160.0,2020,0001326160-20-000034,duk-20191231x10k.htm,2020-02-20,cached,cached_edgar/1326160/000132616020000034/duk-20191231x10k.htm
DUK,1326160.0,2025,0001326160-25-000072,duk-20241231.htm,2025-02-27,cached,cached_edgar/1326160/000132616025000072/duk-20241231.htm
NOC,1133421.0,2019,0001133421-19-000007,noc-12312018x10k.htm,2019-01-31,cached,cached_edgar/1133421/000113342119000007/noc-12312018x10k.htm
NOC,1133421.0,2020,0001133421-20-000006,noc-12312019x10k.htm,2020-01-30,cached,cached_edgar/1133421/000113342120000006/noc-12312019x10k.htm
NOC,1133421.0,2025,0001133421-25-000006,noc-20241231.htm,2025-01-30,cached,cached_edgar/1133421/000113342125000006/noc-20241231.htm
INTU,896878.0,2019,,,,no_filing_for_year,
INTU,896878.0,2020,0000896878-20-000148,fy20q410-kdocument.htm,2020-08-31,cached,cached_edgar/896878/000089687820000148/fy20q410-kdocument.htm
INTU,896878.0,2025,0000896878-25-000035,intu-20250731.htm,2025-09-03,cached,cached_edgar/896878/000089687825000035/intu-20250731.htm
CEG,1868275.0,2019,,,,no_filing_for_year,
CEG,1868275.0,2020,,,,no_filing_for_year,
CEG,1868275.0,2025,0001868275-25-000023,ceg-20241231.htm,2025-02-18,cached,cached_edgar/1868275/000186827525000023/ceg-20241231.htm
FCX,831259.0,2019,0000831259-19-000009,a2018form10-k.htm,2019-02-15,cached,cached_edgar/831259/000083125919000009/a2018form10-k.htm
FCX,831259.0,2020,0000831259-20-000004,a2019form10-k.htm,2020-02-14,cached,cached_edgar/831259/000083125920000004/a2019form10-k.htm
FCX,831259.0,2025,0000831259-25-000006,fcx-20241231.htm,2025-02-14,cached,cached_edgar/831259/000083125925000006/fcx-20241231.htm
VRT,1674101.0,2019,0001193125-19-072362,d666662d10k.htm,2019-03-13,cached,cached_edgar/1674101/000119312519072362/d666662d10k.htm
VRT,1674101.0,2020,0001104659-20-032055,tm2011880-1_10k.htm,2020-03-12,cached,cached_edgar/1674101/000110465920032055/tm2011880-1_10k.htm
VRT,1674101.0,2025,0001628280-25-005905,vrt-20241231.htm,2025-02-18,cached,cached_edgar/1674101/000162828025005905/vrt-20241231.htm
JCI,833444.0,2019,0000833444-19-000051,jciplc201910-k.htm,2019-11-21,cached,cached_edgar/833444/000083344419000051/jciplc201910-k.htm
JCI,833444.0,2020,0000833444-20-000048,jci-20200930.htm,2020-11-16,cached,cached_edgar/833444/000083344420000048/jci-20200930.htm
JCI,833444.0,2025,0000833444-25-000097,jci-20250930.htm,2025-11-14,cached,cached_edgar/833444/000083344425000097/jci-20250930.htm
APP,1751008.0,2019,,,,no_filing_for_year,
APP,1751008.0,2020,,,,no_filing_for_year,
APP,1751008.0,2025,0001751008-25-000018,app-20241231.htm,2025-02-27,cached,cached_edgar/1751008/000175100825000018/app-20241231.htm
EQIX,1101239.0,2019,,,,no_filing_for_year,
EQIX,1101239.0,2020,0001628280-20-001947,eqix2019123110k.htm,2020-02-21,cached,cached_edgar/1101239/000162828020001947/eqix2019123110k.htm
EQIX,1101239.0,2025,0001628280-25-005126,eqix-20241231.htm,2025-02-12,cached,cached_edgar/1101239/000162828025005126/eqix-20241231.htm
CVS,64803.0,2019,0000064803-19-000013,cvs-2018231x10k.htm,2019-02-28,cached,cached_edgar/64803/000006480319000013/cvs-2018231x10k.htm
CVS,64803.0,2020,0000064803-20-000007,a2019form10-k.htm,2020-02-18,cached,cached_edgar/64803/000006480320000007/a2019form10-k.htm
CVS,64803.0,2025,0000064803-25-000007,cvs-20241231.htm,2025-02-12,cached,cached_edgar/64803/000006480325000007/cvs-20241231.htm
WDC,106040.0,2019,0000106040-19-000058,wdc-2019q410xkdoc.htm,2019-08-27,cached,cached_edgar/106040/000010604019000058/wdc-2019q410xkdoc.htm
WDC,106040.0,2020,0000106040-20-000049,wdc-20200703.htm,2020-08-28,cached,cached_edgar/106040/000010604020000049/wdc-20200703.htm
WDC,106040.0,2025,0000106040-25-000038,wdc-20250627.htm,2025-08-14,cached,cached_edgar/106040/000010604025000038/wdc-20250627.htm
SNDK,2023554.0,2019,,,,no_filing_for_year,
SNDK,2023554.0,2020,,,,no_filing_for_year,
SNDK,2023554.0,2025,0002023554-25-000034,sndk-20250627.htm,2025-08-21,cached,cached_edgar/2023554/000202355425000034/sndk-20250627.htm
WMB,107263.0,2019,0000107263-19-000007,wmb_20181231x10k.htm,2019-02-21,cached,cached_edgar/107263/000010726319000007/wmb_20181231x10k.htm
WMB,107263.0,2020,0000107263-20-000005,wmb2019123110k.htm,2020-02-24,cached,cached_edgar/107263/000010726320000005/wmb2019123110k.htm
WMB,107263.0,2025,0000107263-25-000031,wmb-20241231.htm,2025-02-25,cached,cached_edgar/107263/000010726325000031/wmb-20241231.htm
AMT,1053507.0,2019,0001053507-19-000012,amt1231201810k.htm,2019-02-27,cached,cached_edgar/1053507/000105350719000012/amt1231201810k.htm
AMT,1053507.0,2020,0001053507-20-000028,amt1231201910k.htm,2020-02-25,cached,cached_edgar/1053507/000105350720000028/amt1231201910k.htm
AMT,1053507.0,2025,0001053507-25-000025,amt-20241231.htm,2025-02-25,cached,cached_edgar/1053507/000105350725000025/amt-20241231.htm
MMM,66740.0,2019,0001558370-19-000470,mmm-20181231x10k.htm,2019-02-07,cached,cached_edgar/66740/000155837019000470/mmm-20181231x10k.htm
MMM,66740.0,2020,0001558370-20-000581,mmm-20191231x10k62bf35.htm,2020-02-06,cached,cached_edgar/66740/000155837020000581/mmm-20191231x10k62bf35.htm
MMM,66740.0,2025,0000066740-25-000006,mmm-20241231.htm,2025-02-05,cached,cached_edgar/66740/000006674025000006/mmm-20241231.htm
GD,40533.0,2019,0000040533-19-000010,gd-2018123110k.htm,2019-02-13,cached,cached_edgar/40533/000004053319000010/gd-2018123110k.htm
GD,40533.0,2020,0000040533-20-000015,gd-2019123110k.htm,2020-02-10,cached,cached_edgar/40533/000004053320000015/gd-2019123110k.htm
GD,40533.0,2025,0000040533-25-000008,gd-20241231.htm,2025-02-07,cached,cached_edgar/40533/000004053325000008/gd-20241231.htm
ICE,1571949.0,2019,,,,no_filing_for_year,
ICE,1571949.0,2020,0001571949-20-000003,ice2019123110k.htm,2020-02-06,cached,cached_edgar/1571949/000157194920000003/ice2019123110k.htm
ICE,1571949.0,2025,0001193125-25-059270,d941683d10ka.htm,2025-03-20,cached,cached_edgar/1571949/000119312525059270/d941683d10ka.htm
MRSH,,2019,,,,missing_cik,
MRSH,,2020,,,,missing_cik,
MRSH,,2025,,,,missing_cik,
CRWD,1535527.0,2019,,,,no_filing_for_year,
CRWD,1535527.0,2020,0001535527-20-000006,crwd-20200131.htm,2020-03-23,cached,cached_edgar/1535527/000153552720000006/crwd-20200131.htm
CRWD,1535527.0,2025,0001535527-25-000009,crwd-20250131.htm,2025-03-10,cached,cached_edgar/1535527/000153552725000009/crwd-20250131.htm
BX,1393818.0,2019,0001193125-19-061011,d663205d10k.htm,2019-03-01,cached,cached_edgar/1393818/000119312519061011/d663205d10k.htm
BX,1393818.0,2020,0001193125-20-056733,d844019d10k.htm,2020-02-28,cached,cached_edgar/1393818/000119312520056733/d844019d10k.htm
BX,1393818.0,2025,0001193125-25-042469,d912273d10k.htm,2025-02-28,cached,cached_edgar/1393818/000119312525042469/d912273d10k.htm
PNC,713676.0,2019,,,,no_filing_for_year,
PNC,713676.0,2020,,,,no_filing_for_year,
PNC,713676.0,2025,0000713676-25-000027,pnc-20241231.htm,2025-02-21,cached,cached_edgar/713676/000071367625000027/pnc-20241231.htm
USB,36104.0,2019,,,,no_filing_for_year,
USB,36104.0,2020,0001193125-20-043622,d597518d10k.htm,2020-02-20,cached,cached_edgar/36104/000119312520043622/d597518d10k.htm
USB,36104.0,2025,0000036104-25-000016,usb-20241231.htm,2025-02-21,cached,cached_edgar/36104/000003610425000016/usb-20241231.htm
ITW,49826.0,2019,0000049826-19-000021,itw-20181231x10k.htm,2019-02-15,cached,cached_edgar/49826/000004982619000021/itw-20181231x10k.htm
ITW,49826.0,2020,0000049826-20-000020,itw-20191231x10k.htm,2020-02-14,cached,cached_edgar/49826/000004982620000020/itw-20191231x10k.htm
ITW,49826.0,2025,0000049826-25-000007,itw-20241231.htm,2025-02-14,cached,cached_edgar/49826/000004982625000007/itw-20241231.htm
HCA,860730.0,2019,0001193125-19-047078,d676301d10k.htm,2019-02-21,cached,cached_edgar/860730/000119312519047078/d676301d10k.htm
HCA,860730.0,2020,0001193125-20-043524,d864235d10k.htm,2020-02-20,cached,cached_edgar/860730/000119312520043524/d864235d10k.htm
HCA,860730.0,2025,0000950170-25-020134,hca-20241231.htm,2025-02-14,cached,cached_edgar/860730/000095017025020134/hca-20241231.htm
EMR,32604.0,2019,0000032604-19-000048,emr-09302019x10xk.htm,2019-11-18,cached,cached_edgar/32604/000003260419000048/emr-09302019x10xk.htm
EMR,32604.0,2020,0000032604-20-000041,emr-20200930.htm,2020-11-16,cached,cached_edgar/32604/000003260420000041/emr-20200930.htm
EMR,32604.0,2025,0000032604-25-000087,emr-20250930.htm,2025-11-10,cached,cached_edgar/32604/000003260425000087/emr-20250930.htm
WM,823768.0,2019,0001558370-19-000662,wm-20181231x10k.htm,2019-02-14,cached,cached_edgar/823768/000155837019000662/wm-20181231x10k.htm
WM,823768.0,2020,0001558370-20-000762,wm-20191231x10kba4080.htm,2020-02-13,cached,cached_edgar/823768/000155837020000762/wm-20191231x10kba4080.htm
WM,823768.0,2025,0001558370-25-001132,wm-20241231x10k.htm,2025-02-19,cached,cached_edgar/823768/000155837025001132/wm-20241231x10k.htm
SHW,89800.0,2019,0000089800-19-000004,shw-12312018x10k.htm,2019-02-22,cached,cached_edgar/89800/000008980019000004/shw-12312018x10k.htm
SHW,89800.0,2020,0000089800-20-000005,shw-12312019x10k.htm,2020-02-21,cached,cached_edgar/89800/000008980020000005/shw-12312019x10k.htm
SHW,89800.0,2025,0000089800-25-000030,shw-20241231.htm,2025-02-20,cached,cached_edgar/89800/000008980025000030/shw-20241231.htm
UPS,1090727.0,2019,0001090727-19-000006,ups-12312018x10k.htm,2019-02-21,cached,cached_edgar/1090727/000109072719000006/ups-12312018x10k.htm
UPS,1090727.0,2020,0001090727-20-000005,ups-12312019x10k.htm,2020-02-20,cached,cached_edgar/1090727/000109072720000005/ups-12312019x10k.htm
UPS,1090727.0,2025,0001090727-25-000019,ups-20241231.htm,2025-02-18,cached,cached_edgar/1090727/000109072725000019/ups-20241231.htm
XTSLA,,2019,,,,missing_cik,
XTSLA,,2020,,,,missing_cik,
XTSLA,,2025,,,,missing_cik,
PWR,1050915.0,2019,0001050915-19-000014,pwr-123118x10k.htm,2019-02-28,cached,cached_edgar/1050915/000105091519000014/pwr-123118x10k.htm
PWR,1050915.0,2020,0001050915-20-000020,pwr-123119x10k.htm,2020-02-28,cached,cached_edgar/1050915/000105091520000020/pwr-123119x10k.htm
PWR,1050915.0,2025,0001050915-25-000005,pwr-20241231.htm,2025-02-20,cached,cached_edgar/1050915/000105091525000005/pwr-20241231.htm
ADP,8670.0,2019,0000008670-19-000021,q4fy1910k.htm,2019-08-09,cached,cached_edgar/8670/000000867019000021/q4fy1910k.htm
ADP,8670.0,2020,0000008670-20-000032,adp-20200630.htm,2020-08-05,cached,cached_edgar/8670/000000867020000032/adp-20200630.htm
ADP,8670.0,2025,0000008670-25-000037,adp-20250630.htm,2025-08-06,cached,cached_edgar/8670/000000867025000037/adp-20250630.htm
CRH,849395.0,2019,,,,no_filing_for_year,
CRH,849395.0,2020,,,,no_filing_for_year,
CRH,849395.0,2025,0001628280-25-008179,crh-20241231.htm,2025-02-26,cached,cached_edgar/849395/000162828025008179/crh-20241231.htm
FDX,1048911.0,2019,0001193125-19-222475,d782708d10ka.htm,2019-08-15,cached,cached_edgar/1048911/000119312519222475/d782708d10ka.htm
FDX,1048911.0,2020,0001564590-20-032775,fdx-10k_20200531.htm,2020-07-20,cached,cached_edgar/1048911/000156459020032775/fdx-10k_20200531.htm
FDX,1048911.0,2025,0001048911-25-000011,fdx-20250531.htm,2025-07-21,cached,cached_edgar/1048911/000104891125000011/fdx-20250531.htm
CMI,26172.0,2019,0000026172-19-000009,cmi201810-kdocument.htm,2019-02-11,cached,cached_edgar/26172/000002617219000009/cmi201810-kdocument.htm
CMI,26172.0,2020,0000026172-20-000009,cmi201910-kdocument.htm,2020-02-11,cached,cached_edgar/26172/000002617220000009/cmi201910-kdocument.htm
CMI,26172.0,2025,0000026172-25-000007,cmi-20241231.htm,2025-02-11,cached,cached_edgar/26172/000002617225000007/cmi-20241231.htm
SNPS,883241.0,2019,0000883241-19-000019,snps10311910-k.htm,2019-12-20,cached,cached_edgar/883241/000088324119000019/snps10311910-k.htm
SNPS,883241.0,2020,0000883241-20-000015,snps10312010-k.htm,2020-12-15,cached,cached_edgar/883241/000088324120000015/snps10312010-k.htm
SNPS,883241.0,2025,0000883241-25-000028,snps-20251031.htm,2025-12-22,cached,cached_edgar/883241/000088324125000028/snps-20251031.htm
BK,1390777.0,2019,,,,no_filing_for_year,
BK,1390777.0,2020,,,,no_filing_for_year,
BK,1390777.0,2025,0001390777-25-000046,bk-20241231.htm,2025-02-27,cached,cached_edgar/1390777/000139077725000046/bk-20241231.htm
RCL,884887.0,2019,0000884887-19-000017,rcl-20181231x10k.htm,2019-02-22,cached,cached_edgar/884887/000088488719000017/rcl-20181231x10k.htm
RCL,884887.0,2020,0000884887-20-000009,rcl-20191231.htm,2020-02-25,cached,cached_edgar/884887/000088488720000009/rcl-20191231.htm
RCL,884887.0,2025,0000884887-25-000050,rcl-20241231.htm,2025-02-14,cached,cached_edgar/884887/000088488725000050/rcl-20241231.htm
CSX,277948.0,2019,0000277948-19-000011,csx-12312018x10k.htm,2019-02-06,cached,cached_edgar/277948/000027794819000011/csx-12312018x10k.htm
CSX,277948.0,2020,0000277948-20-000008,csx-12312019x10k.htm,2020-02-12,cached,cached_edgar/277948/000027794820000008/csx-12312019x10k.htm
CSX,277948.0,2025,0000277948-25-000008,csx-20241231.htm,2025-02-27,cached,cached_edgar/277948/000027794825000008/csx-20241231.htm
ORLY,898173.0,2019,0000898173-19-000060,orly-20181231x10xk.htm,2019-02-27,cached,cached_edgar/898173/000089817319000060/orly-20181231x10xk.htm
ORLY,898173.0,2020,0000898173-20-000007,orly-20191231x10k.htm,2020-02-28,cached,cached_edgar/898173/000089817320000007/orly-20191231x10k.htm
ORLY,898173.0,2025,0000898173-25-000008,orly-20241231x10k.htm,2025-02-28,cached,cached_edgar/898173/000089817325000008/orly-20241231x10k.htm
CDNS,813672.0,2019,0000813672-19-000008,cdns1229201810-k.htm,2019-02-27,cached,cached_edgar/813672/000081367219000008/cdns1229201810-k.htm
CDNS,813672.0,2020,0000813672-20-000007,cdns1228201910-k.htm,2020-02-24,cached,cached_edgar/813672/000081367220000007/cdns1228201910-k.htm
CDNS,813672.0,2025,0000813672-25-000024,cdns-20241231.htm,2025-02-21,cached,cached_edgar/813672/000081367225000024/cdns-20241231.htm
MDLZ,1103982.0,2019,0001103982-19-000005,mdlz10k123118document.htm,2019-02-08,cached,cached_edgar/1103982/000110398219000005/mdlz10k123118document.htm
MDLZ,1103982.0,2020,0001103982-20-000003,mdlz10k123119document1.htm,2020-02-07,cached,cached_edgar/1103982/000110398220000003/mdlz10k123119document1.htm
MDLZ,1103982.0,2025,0001103982-25-000030,mdlz-20241231.htm,2025-02-05,cached,cached_edgar/1103982/000110398225000030/mdlz-20241231.htm
CL,21665.0,2019,0000021665-19-000003,cl-12312018x10k.htm,2019-02-21,cached,cached_edgar/21665/000002166519000003/cl-12312018x10k.htm
CL,21665.0,2020,0000021665-20-000004,cl-12312019x10k.htm,2020-02-21,cached,cached_edgar/21665/000002166520000004/cl-12312019x10k.htm
CL,21665.0,2025,0000021665-25-000008,cl-20241231.htm,2025-02-13,cached,cached_edgar/21665/000002166525000008/cl-20241231.htm
MSI,68505.0,2019,0000068505-19-000006,msi201810-k.htm,2019-02-15,cached,cached_edgar/68505/000006850519000006/msi201810-k.htm
MSI,68505.0,2020,0000068505-20-000006,msi201910-k.htm,2020-02-14,cached,cached_edgar/68505/000006850520000006/msi201910-k.htm
MSI,68505.0,2025,0000068505-25-000012,msi-20241231.htm,2025-02-14,cached,cached_edgar/68505/000006850525000012/msi-20241231.htm
REGN,872589.0,2019,0001532176-19-000009,regn-123118x10k.htm,2019-02-07,cached,cached_edgar/872589/000153217619000009/regn-123118x10k.htm
REGN,872589.0,2020,0001532176-20-000008,regn-123119x10k.htm,2020-02-07,cached,cached_edgar/872589/000153217620000008/regn-123119x10k.htm
REGN,872589.0,2025,0001804220-25-000011,regn-20241231.htm,2025-02-05,cached,cached_edgar/872589/000180422025000011/regn-20241231.htm
SLB,87347.0,2019,0001564590-19-000928,slb-10k_20181231.htm,2019-01-23,cached,cached_edgar/87347/000156459019000928/slb-10k_20181231.htm
SLB,87347.0,2020,0001564590-20-001578,slb-10k_20191231.htm,2020-01-22,cached,cached_edgar/87347/000156459020001578/slb-10k_20191231.htm
SLB,87347.0,2025,0000950170-25-007638,slb-20241231.htm,2025-01-22,cached,cached_edgar/87347/000095017025007638/slb-20241231.htm
MAR,1048286.0,2019,0001628280-19-002337,mar-q42018x10k.htm,2019-03-01,cached,cached_edgar/1048286/000162828019002337/mar-q42018x10k.htm
MAR,1048286.0,2020,0001628280-20-002376,mar-q42019x10k.htm,2020-02-27,cached,cached_edgar/1048286/000162828020002376/mar-q42019x10k.htm
MAR,1048286.0,2025,0001628280-25-004818,mar-20241231.htm,2025-02-11,cached,cached_edgar/1048286/000162828025004818/mar-20241231.htm
ECL,31462.0,2019,,,,no_filing_for_year,
ECL,31462.0,2020,,,,no_filing_for_year,
ECL,31462.0,2025,0001558370-25-001263,ecl-20241231x10k.htm,2025-02-21,cached,cached_edgar/31462/000155837025001263/ecl-20241231x10k.htm
GM,1467858.0,2019,0001467858-19-000033,gm201810k.htm,2019-02-06,cached,cached_edgar/1467858/000146785819000033/gm201810k.htm
GM,1467858.0,2020,0001467858-20-000028,gm201910k.htm,2020-02-05,cached,cached_edgar/1467858/000146785820000028/gm201910k.htm
GM,1467858.0,2025,0001467858-25-000032,gm-20241231.htm,2025-01-28,cached,cached_edgar/1467858/000146785825000032/gm-20241231.htm
NKE,320187.0,2019,0000320187-19-000051,nke-531201910k.htm,2019-07-23,cached,cached_edgar/320187/000032018719000051/nke-531201910k.htm
NKE,320187.0,2020,0000320187-20-000047,nke-531202010k.htm,2020-07-24,cached,cached_edgar/320187/000032018720000047/nke-531202010k.htm
NKE,320187.0,2025,0000320187-25-000047,nke-20250531.htm,2025-07-17,cached,cached_edgar/320187/000032018725000047/nke-20250531.htm
CI,1739940.0,2019,0001047469-19-000792,a2237767z10-k.htm,2019-02-28,cached,cached_edgar/1739940/000104746919000792/a2237767z10-k.htm
CI,1739940.0,2020,0001739940-20-000006,ci-20191231.htm,2020-02-27,cached,cached_edgar/1739940/000173994020000006/ci-20191231.htm
CI,1739940.0,2025,0001739940-25-000009,ci-20241231.htm,2025-02-27,cached,cached_edgar/1739940/000173994025000009/ci-20241231.htm
ELV,1156039.0,2019,0001156039-19-000004,antm-2018123110kq42018.htm,2019-02-20,cached,cached_edgar/1156039/000115603919000004/antm-2018123110kq42018.htm
ELV,1156039.0,2020,0001156039-20-000003,antm-2019123110kq42019.htm,2020-02-19,cached,cached_edgar/1156039/000115603920000003/antm-2019123110kq42019.htm
ELV,1156039.0,2025,0001156039-25-000010,elv-20241231.htm,2025-02-20,cached,cached_edgar/1156039/000115603925000010/elv-20241231.htm
SPOT,1639920.0,2019,,,,no_filing_for_year,
SPOT,1639920.0,2020,,,,no_filing_for_year,
SPOT,1639920.0,2025,,,,no_filing_for_year,
TDG,1260221.0,2019,0001260221-19-000043,tdg2019-09x3010xk.htm,2019-11-19,cached,cached_edgar/1260221/000126022119000043/tdg2019-09x3010xk.htm
TDG,1260221.0,2020,0001260221-20-000099,tdg-20200930.htm,2020-11-12,cached,cached_edgar/1260221/000126022120000099/tdg-20200930.htm
TDG,1260221.0,2025,0001260221-25-000081,tdg-20250930.htm,2025-11-12,cached,cached_edgar/1260221/000126022125000081/tdg-20250930.htm
HLT,1585689.0,2019,0001585689-19-000034,q42018hwh10-k.htm,2019-02-13,cached,cached_edgar/1585689/000158568919000034/q42018hwh10-k.htm
HLT,1585689.0,2020,0001585689-20-000013,hlt-20191231.htm,2020-02-11,cached,cached_edgar/1585689/000158568920000013/hlt-20191231.htm
HLT,1585689.0,2025,0001585689-25-000008,hlt-20241231.htm,2025-02-06,cached,cached_edgar/1585689/000158568925000008/hlt-20241231.htm
NSC,702165.0,2019,,,,no_filing_for_year,
NSC,702165.0,2020,,,,no_filing_for_year,
NSC,702165.0,2025,0000702165-25-000008,nsc-20241231.htm,2025-02-10,cached,cached_edgar/702165/000070216525000008/nsc-20241231.htm
AEP,4904.0,2019,0000004904-19-000009,aep10klegal20184q.htm,2019-02-21,cached,cached_edgar/4904/000000490419000009/aep10klegal20184q.htm
AEP,4904.0,2020,0000004904-20-000007,aep10klegal20194q.htm,2020-02-20,cached,cached_edgar/4904/000000490420000007/aep10klegal20194q.htm
AEP,4904.0,2025,0000004904-25-000027,aep-20241231.htm,2025-02-13,cached,cached_edgar/4904/000000490425000027/aep-20241231.htm
MCO,1059556.0,2019,0001193125-19-048576,d679514d10k.htm,2019-02-25,cached,cached_edgar/1059556/000119312519048576/d679514d10k.htm
MCO,1059556.0,2020,0001059556-20-000005,mco-20191231.htm,2020-02-24,cached,cached_edgar/1059556/000105955620000005/mco-20191231.htm
MCO,1059556.0,2025,0001059556-25-000025,mco-20241231.htm,2025-02-14,cached,cached_edgar/1059556/000105955625000025/mco-20241231.htm
CTAS,723254.0,2019,0000723254-19-000021,ctas531201910k.htm,2019-07-26,cached,cached_edgar/723254/000072325419000021/ctas531201910k.htm
CTAS,723254.0,2020,0000723254-20-000025,ctas-20200531.htm,2020-07-29,cached,cached_edgar/723254/000072325420000025/ctas-20200531.htm
CTAS,723254.0,2025,0000723254-25-000017,ctas-20250531.htm,2025-07-28,cached,cached_edgar/723254/000072325425000017/ctas-20250531.htm
TRV,86312.0,2019,0000086312-19-000009,trv-12312018x10k.htm,2019-02-14,cached,cached_edgar/86312/000008631219000009/trv-12312018x10k.htm
TRV,86312.0,2020,0000086312-20-000011,trv-12312019x10k.htm,2020-02-13,cached,cached_edgar/86312/000008631220000011/trv-12312019x10k.htm
TRV,86312.0,2025,0000086312-25-000012,trv-20241231.htm,2025-02-13,cached,cached_edgar/86312/000008631225000012/trv-20241231.htm
WBD,1437107.0,2019,0001437107-19-000013,disca-2018123110k.htm,2019-03-01,cached,cached_edgar/1437107/000143710719000013/disca-2018123110k.htm
WBD,1437107.0,2020,0001437107-20-000006,disca-2019123110kq4.htm,2020-02-27,cached,cached_edgar/1437107/000143710720000006/disca-2019123110kq4.htm
WBD,1437107.0,2025,0001437107-25-000031,wbd-20241231.htm,2025-02-27,cached,cached_edgar/1437107/000143710725000031/wbd-20241231.htm
MRVL,1835632.0,2019,,,,no_filing_for_year,
MRVL,1835632.0,2020,,,,no_filing_for_year,
MRVL,1835632.0,2025,0001835632-25-000057,mrvl-20250201.htm,2025-03-12,cached,cached_edgar/1835632/000183563225000057/mrvl-20250201.htm
EOG,821189.0,2019,,,,no_filing_for_year,
EOG,821189.0,2020,0000821189-20-000010,a2019123110-k.htm,2020-02-27,cached,cached_edgar/821189/000082118920000010/a2019123110-k.htm
EOG,821189.0,2025,0000821189-25-000011,eog-20241231.htm,2025-02-27,cached,cached_edgar/821189/000082118925000011/eog-20241231.htm
AON,315293.0,2019,0001628280-19-001558,aonplc201810-k.htm,2019-02-19,cached,cached_edgar/315293/000162828019001558/aonplc201810-k.htm
AON,315293.0,2020,0001628280-20-001607,aonplc201910-k.htm,2020-02-14,cached,cached_edgar/315293/000162828020001607/aonplc201910-k.htm
AON,315293.0,2025,0001628280-25-006093,aon-20241231.htm,2025-02-18,cached,cached_edgar/315293/000162828025006093/aon-20241231.htm
COR,1140859.0,2019,0001140859-19-000040,a10-kx9302019.htm,2019-11-19,cached,cached_edgar/1140859/000114085919000040/a10-kx9302019.htm
COR,1140859.0,2020,0001140859-20-000050,abc-20200930.htm,2020-11-19,cached,cached_edgar/1140859/000114085920000050/abc-20200930.htm
COR,1140859.0,2025,0001140859-25-000131,cor-20250930.htm,2025-11-25,cached,cached_edgar/1140859/000114085925000131/cor-20250930.htm
LHX,202058.0,2019,0000202058-19-000090,hrs628201910-k.htm,2019-08-22,cached,cached_edgar/202058/000020205819000090/hrs628201910-k.htm
LHX,202058.0,2020,,,,no_filing_for_year,
LHX,202058.0,2025,0000202058-25-000023,hrs-20250103.htm,2025-02-14,cached,cached_edgar/202058/000020205825000023/hrs-20250103.htm
PCAR,75362.0,2019,,,,no_filing_for_year,
PCAR,75362.0,2020,,,,no_filing_for_year,
PCAR,75362.0,2025,0000950170-25-023145,pcar-20241231.htm,2025-02-19,cached,cached_edgar/75362/000095017025023145/pcar-20241231.htm
SPG,1063761.0,2019,0001558370-19-000875,spg-20181231x10k.htm,2019-02-22,cached,cached_edgar/1063761/000155837019000875/spg-20181231x10k.htm
SPG,1063761.0,2020,0001558370-20-001135,spg-20191231x10k.htm,2020-02-21,cached,cached_edgar/1063761/000155837020001135/spg-20191231x10k.htm
SPG,1063761.0,2025,0001558370-25-001271,spg-20241231x10k.htm,2025-02-21,cached,cached_edgar/1063761/000155837025001271/spg-20241231x10k.htm
KKR,1404912.0,2019,0001404912-19-000006,kkr-2018123110xk.htm,2019-02-15,cached,cached_edgar/1404912/000140491219000006/kkr-2018123110xk.htm
KKR,1404912.0,2020,0001404912-20-000006,kkr-2019123110xk.htm,2020-02-18,cached,cached_edgar/1404912/000140491220000006/kkr-2019123110xk.htm
KKR,1404912.0,2025,0001404912-25-000015,kkr-20241231.htm,2025-02-28,cached,cached_edgar/1404912/000140491225000015/kkr-20241231.htm
ROST,745732.0,2019,0000745732-19-000009,rost-20190202x10k.htm,2019-04-02,cached,cached_edgar/745732/000074573219000009/rost-20190202x10k.htm
ROST,745732.0,2020,0000745732-20-000016,rost-20200201.htm,2020-03-31,cached,cached_edgar/745732/000074573220000016/rost-20200201.htm
ROST,745732.0,2025,0000745732-25-000010,rost-20250201.htm,2025-04-01,cached,cached_edgar/745732/000074573225000010/rost-20250201.htm
TFC,92230.0,2019,,,,no_filing_for_year,
TFC,92230.0,2020,0000092230-20-000045,tfc-20191231.htm,2020-03-03,cached,cached_edgar/92230/000009223020000045/tfc-20191231.htm
TFC,92230.0,2025,0000092230-25-000020,tfc-20241231.htm,2025-02-25,cached,cached_edgar/92230/000009223025000020/tfc-20241231.htm
BKR,1701605.0,2019,0001701605-19-000021,fiscalyear2018form10-k.htm,2019-02-19,cached,cached_edgar/1701605/000170160519000021/fiscalyear2018form10-k.htm
BKR,1701605.0,2020,0001701605-20-000019,fiscalyear2019form10-k.htm,2020-02-13,cached,cached_edgar/1701605/000170160520000019/fiscalyear2019form10-k.htm
BKR,1701605.0,2025,0001701605-25-000035,bkr-20241231.htm,2025-02-04,cached,cached_edgar/1701605/000170160525000035/bkr-20241231.htm
KMI,1506307.0,2019,0001506307-19-000033,kmi-2018x10k.htm,2019-02-08,cached,cached_edgar/1506307/000150630719000033/kmi-2018x10k.htm
KMI,1506307.0,2020,0001506307-20-000022,kmi-2019x10k.htm,2020-02-12,cached,cached_edgar/1506307/000150630720000022/kmi-2019x10k.htm
KMI,1506307.0,2025,0001506307-25-000008,kmi-20241231.htm,2025-02-13,cached,cached_edgar/1506307/000150630725000008/kmi-20241231.htm
AZO,866787.0,2019,0001193125-19-276201,d771460d10k.htm,2019-10-28,cached,cached_edgar/866787/000119312519276201/d771460d10k.htm
AZO,866787.0,2020,0001558370-20-011748,azo-20200829x10k.htm,2020-10-26,cached,cached_edgar/866787/000155837020011748/azo-20200829x10k.htm
AZO,866787.0,2025,0001104659-25-102611,azo-20250830x10k.htm,2025-10-27,cached,cached_edgar/866787/000110465925102611/azo-20250830x10k.htm
AU,1973832.0,2019,,,,no_filing_for_year,
AU,1973832.0,2020,,,,no_filing_for_year,
AU,1973832.0,2025,,,,no_filing_for_year,
PSX,1534701.0,2019,0001534701-19-000063,psx-20181231_10k.htm,2019-02-22,cached,cached_edgar/1534701/000153470119000063/psx-20181231_10k.htm
PSX,1534701.0,2020,0001534701-20-000070,psx-2019123110k.htm,2020-02-21,cached,cached_edgar/1534701/000153470120000070/psx-2019123110k.htm
PSX,1534701.0,2025,0001534701-25-000074,psx-20241231.htm,2025-02-21,cached,cached_edgar/1534701/000153470125000074/psx-20241231.htm
APD,2969.0,2019,0000002969-19-000051,apd-10xkx30sep19.htm,2019-11-26,cached,cached_edgar/2969/000000296919000051/apd-10xkx30sep19.htm
APD,2969.0,2020,0000002969-20-000049,apd-20200930.htm,2020-11-19,cached,cached_edgar/2969/000000296920000049/apd-20200930.htm
APD,2969.0,2025,0000002969-25-000055,apd-20250930.htm,2025-11-20,cached,cached_edgar/2969/000000296925000055/apd-20250930.htm
SRE,1032208.0,2019,0000086521-19-000014,sre20181231form10k.htm,2019-02-26,cached,cached_edgar/1032208/000008652119000014/sre20181231form10k.htm
SRE,1032208.0,2020,0001032208-20-000006,sre20191231form10k.htm,2020-02-27,cached,cached_edgar/1032208/000103220820000006/sre20191231form10k.htm
SRE,1032208.0,2025,0001032208-25-000012,sre-20241231.htm,2025-02-25,cached,cached_edgar/1032208/000103220825000012/sre-20241231.htm
DLR,1297996.0,2019,0001297996-19-000032,dlrq412311810kss.htm,2019-02-25,cached,cached_edgar/1297996/000129799619000032/dlrq412311810kss.htm
DLR,1297996.0,2020,0001558370-20-001906,dlr-20191231x10kabe894.htm,2020-03-02,cached,cached_edgar/1297996/000155837020001906/dlr-20191231x10kabe894.htm
DLR,1297996.0,2025,0001558370-25-001424,dlr-20241231x10k.htm,2025-02-25,cached,cached_edgar/1297996/000155837025001424/dlr-20241231x10k.htm
O,726728.0,2019,0000726728-19-000041,realtyincome10k201810ka.htm,2019-03-01,cached,cached_edgar/726728/000072672819000041/realtyincome10k201810ka.htm
O,726728.0,2020,0000726728-20-000033,realtyincome10k2019.htm,2020-02-24,cached,cached_edgar/726728/000072672820000033/realtyincome10k2019.htm
O,726728.0,2025,0000726728-25-000055,o-20241231.htm,2025-02-25,cached,cached_edgar/726728/000072672825000055/o-20241231.htm
VLO,1035002.0,2019,0001035002-19-000008,vloform10-kx12312018.htm,2019-02-28,cached,cached_edgar/1035002/000103500219000008/vloform10-kx12312018.htm
VLO,1035002.0,2020,0001035002-20-000007,vloform10-kx12312019.htm,2020-02-26,cached,cached_edgar/1035002/000103500220000007/vloform10-kx12312019.htm
VLO,1035002.0,2025,0001035002-25-000005,vlo-20241231.htm,2025-02-26,cached,cached_edgar/1035002/000103500225000005/vlo-20241231.htm
MPC,1510295.0,2019,0001510295-19-000014,mpc-20181231x10k.htm,2019-02-28,cached,cached_edgar/1510295/000151029519000014/mpc-20181231x10k.htm
MPC,1510295.0,2020,0001510295-20-000006,mpc-20191231x10k.htm,2020-02-28,cached,cached_edgar/1510295/000151029520000006/mpc-20191231x10k.htm
MPC,1510295.0,2025,0001510295-25-000012,mpc-20241231.htm,2025-02-27,cached,cached_edgar/1510295/000151029525000012/mpc-20241231.htm
MNST,865752.0,2019,0001104659-19-011581,a19-30117_110k.htm,2019-02-28,cached,cached_edgar/865752/000110465919011581/a19-30117_110k.htm
MNST,865752.0,2020,0001104659-20-027209,mnst-20191231x10kb9432b.htm,2020-02-28,cached,cached_edgar/865752/000110465920027209/mnst-20191231x10kb9432b.htm
MNST,865752.0,2025,0001410578-25-000248,mnst-20241231x10k.htm,2025-02-28,cached,cached_edgar/865752/000141057825000248/mnst-20241231x10k.htm
DASH,1792789.0,2019,,,,no_filing_for_year,
DASH,1792789.0,2020,,,,no_filing_for_year,
DASH,1792789.0,2025,0001628280-25-005715,dash-20241231.htm,2025-02-14,cached,cached_edgar/1792789/000162828025005715/dash-20241231.htm
VST,1692819.0,2019,0001193125-19-198162,d740310d10ka.htm,2019-07-19,cached,cached_edgar/1692819/000119312519198162/d740310d10ka.htm
VST,1692819.0,2020,0001692819-20-000005,vistra-20191231.htm,2020-02-28,cached,cached_edgar/1692819/000169281920000005/vistra-20191231.htm
VST,1692819.0,2025,0001692819-25-000013,vistra-20241231.htm,2025-02-28,cached,cached_edgar/1692819/000169281925000013/vistra-20241231.htm
ZTS,1555280.0,2019,,,,no_filing_for_year,
ZTS,1555280.0,2020,0001555280-20-000054,zoetis-20191231x10kye.htm,2020-02-13,cached,cached_edgar/1555280/000155528020000054/zoetis-20191231x10kye.htm
ZTS,1555280.0,2025,0001555280-25-000102,zts-20241231.htm,2025-02-13,cached,cached_edgar/1555280/000155528025000102/zts-20241231.htm
URI,1067701.0,2019,0001067701-19-000007,uri-2018123110k.htm,2019-01-23,cached,cached_edgar/1067701/000106770119000007/uri-2018123110k.htm
URI,1067701.0,2020,0001067701-20-000008,uri-2019123110k.htm,2020-01-29,cached,cached_edgar/1067701/000106770120000008/uri-2019123110k.htm
URI,1067701.0,2025,0001067701-25-000008,uri-20241231.htm,2025-01-29,cached,cached_edgar/1067701/000106770125000008/uri-20241231.htm
MPWR,1280452.0,2019,,,,no_filing_for_year,
MPWR,1280452.0,2020,0001437749-20-003943,mpwr20191231_10k.htm,2020-02-28,cached,cached_edgar/1280452/000143774920003943/mpwr20191231_10k.htm
MPWR,1280452.0,2025,0001437749-25-005903,mpwr20241231_10k.htm,2025-03-03,cached,cached_edgar/1280452/000143774925005903/mpwr20241231_10k.htm
ALL,899051.0,2019,0000899051-19-000007,allcorp-12311810xk.htm,2019-02-15,cached,cached_edgar/899051/000089905119000007/allcorp-12311810xk.htm
ALL,899051.0,2020,0000899051-20-000013,allcorp-12311910xk.htm,2020-02-21,cached,cached_edgar/899051/000089905120000013/allcorp-12311910xk.htm
ALL,899051.0,2025,0000899051-25-000015,all-20241231.htm,2025-02-24,cached,cached_edgar/899051/000089905125000015/all-20241231.htm
F,37996.0,2019,0000037996-19-000012,f1231201810-k.htm,2019-02-21,cached,cached_edgar/37996/000003799619000012/f1231201810-k.htm
F,37996.0,2020,0000037996-20-000010,f1231201910-k.htm,2020-02-05,cached,cached_edgar/37996/000003799620000010/f1231201910-k.htm
F,37996.0,2025,0000037996-25-000013,f-20241231.htm,2025-02-06,cached,cached_edgar/37996/000003799625000013/f-20241231.htm
NU,1691493.0,2019,,,,no_filing_for_year,
NU,1691493.0,2020,,,,no_filing_for_year,
NU,1691493.0,2025,,,,no_filing_for_year,
AJG,354190.0,2019,0001193125-19-032304,d618065d10k.htm,2019-02-08,cached,cached_edgar/354190/000119312519032304/d618065d10k.htm
AJG,354190.0,2020,0001193125-20-028191,d879025d10k.htm,2020-02-07,cached,cached_edgar/354190/000119312520028191/d879025d10k.htm
AJG,354190.0,2025,0000950170-25-021775,ajg-20241231.htm,2025-02-18,cached,cached_edgar/354190/000095017025021775/ajg-20241231.htm
AFL,4977.0,2019,0000004977-19-000049,afl12311810k.htm,2019-02-25,cached,cached_edgar/4977/000000497719000049/afl12311810k.htm
AFL,4977.0,2020,0000004977-20-000044,afl12311910k.htm,2020-02-21,cached,cached_edgar/4977/000000497720000044/afl12311910k.htm
AFL,4977.0,2025,0000004977-25-000047,afl-20241231.htm,2025-02-26,cached,cached_edgar/4977/000000497725000047/afl-20241231.htm
D,715957.0,2019,0001193125-19-057924,d662998d10k.htm,2019-02-28,cached,cached_edgar/715957/000119312519057924/d662998d10k.htm
D,715957.0,2020,0001193125-20-054469,d854390d10k.htm,2020-02-28,cached,cached_edgar/715957/000119312520054469/d854390d10k.htm
D,715957.0,2025,0000950170-25-028387,d-20241231.htm,2025-02-27,cached,cached_edgar/715957/000095017025028387/d-20241231.htm
AME,1037868.0,2019,0001193125-19-046947,d640432d10k.htm,2019-02-21,cached,cached_edgar/1037868/000119312519046947/d640432d10k.htm
AME,1037868.0,2020,0001193125-20-043133,d878806d10k.htm,2020-02-20,cached,cached_edgar/1037868/000119312520043133/d878806d10k.htm
AME,1037868.0,2025,0001037868-25-000012,ame-20241231.htm,2025-02-20,cached,cached_edgar/1037868/000103786825000012/ame-20241231.htm
HOOD,1783879.0,2019,,,,no_filing_for_year,
HOOD,1783879.0,2020,,,,no_filing_for_year,
HOOD,1783879.0,2025,0001783879-25-000049,hood-20241231.htm,2025-02-18,cached,cached_edgar/1783879/000178387925000049/hood-20241231.htm
CAH,721371.0,2019,0000721371-19-000090,a19q4_10kx063019xform10-k.htm,2019-08-20,cached,cached_edgar/721371/000072137119000090/a19q4_10kx063019xform10-k.htm
CAH,721371.0,2020,0000721371-20-000089,a20q410k063020form10-k.htm,2020-08-13,cached,cached_edgar/721371/000072137120000089/a20q410k063020form10-k.htm
CAH,721371.0,2025,0000721371-25-000079,cah-20250630.htm,2025-08-12,cached,cached_edgar/721371/000072137125000079/cah-20250630.htm
ABNB,1559720.0,2019,,,,no_filing_for_year,
ABNB,1559720.0,2020,,,,no_filing_for_year,
ABNB,1559720.0,2025,0001559720-25-000010,abnb-20241231.htm,2025-02-13,cached,cached_edgar/1559720/000155972025000010/abnb-20241231.htm
CTVA,1755672.0,2019,,,,no_filing_for_year,
CTVA,1755672.0,2020,0001755672-20-000006,ctva-12x31x201910xk.htm,2020-02-14,cached,cached_edgar/1755672/000175567220000006/ctva-12x31x201910xk.htm
CTVA,1755672.0,2025,0001755672-25-000005,ctva-20241231.htm,2025-02-14,cached,cached_edgar/1755672/000175567225000005/ctva-20241231.htm
SNOW,1640147.0,2019,,,,no_filing_for_year,
SNOW,1640147.0,2020,,,,no_filing_for_year,
SNOW,1640147.0,2025,0001640147-25-000052,snow-20250131.htm,2025-03-21,cached,cached_edgar/1640147/000164014725000052/snow-20250131.htm
TGT,27419.0,2019,0000027419-19-000006,tgt-20190202x10k.htm,2019-03-13,cached,cached_edgar/27419/000002741919000006/tgt-20190202x10k.htm
TGT,27419.0,2020,0000027419-20-000008,tgt-20200201.htm,2020-03-11,cached,cached_edgar/27419/000002741920000008/tgt-20200201.htm
TGT,27419.0,2025,0000027419-25-000018,tgt-20250201.htm,2025-03-12,cached,cached_edgar/27419/000002741925000018/tgt-20250201.htm
IDXX,874716.0,2019,0000874716-19-000004,idxx201810k.htm,2019-02-15,cached,cached_edgar/874716/000087471619000004/idxx201810k.htm
IDXX,874716.0,2020,0000874716-20-000006,idxx201910k.htm,2020-02-14,cached,cached_edgar/874716/000087471620000006/idxx201910k.htm
IDXX,874716.0,2025,0000874716-25-000037,idxx-20241231.htm,2025-02-21,cached,cached_edgar/874716/000087471625000037/idxx-20241231.htm
BDX,10795.0,2019,0000010795-19-000044,bdx2019-09x3010xk.htm,2019-11-27,cached,cached_edgar/10795/000001079519000044/bdx2019-09x3010xk.htm
BDX,10795.0,2020,0000010795-20-000055,bdx-20200930.htm,2020-11-25,cached,cached_edgar/10795/000001079520000055/bdx-20200930.htm
BDX,10795.0,2025,0000010795-25-000099,bdx-20250930.htm,2025-11-25,cached,cached_edgar/10795/000001079525000099/bdx-20250930.htm
FAST,815556.0,2019,0000815556-19-000015,fast1231201810-k.htm,2019-02-06,cached,cached_edgar/815556/000081555619000015/fast1231201810-k.htm
FAST,815556.0,2020,0000815556-20-000011,fast1231201910-k.htm,2020-02-06,cached,cached_edgar/815556/000081555620000011/fast1231201910-k.htm
FAST,815556.0,2025,0000815556-25-000065,fast-20241231.htm,2025-02-06,cached,cached_edgar/815556/000081555625000065/fast-20241231.htm
OKE,1039684.0,2019,0001039684-19-000016,oke10-k2018.htm,2019-02-26,cached,cached_edgar/1039684/000103968419000016/oke10-k2018.htm
OKE,1039684.0,2020,0001039684-20-000012,oke10-k2019.htm,2020-02-25,cached,cached_edgar/1039684/000103968420000012/oke10-k2019.htm
OKE,1039684.0,2025,0001039684-25-000036,oke-20241231.htm,2025-02-25,cached,cached_edgar/1039684/000103968425000036/oke-20241231.htm
KEYS,1601046.0,2019,0001601046-19-000110,keys-10312019x10k.htm,2019-12-18,cached,cached_edgar/1601046/000160104619000110/keys-10312019x10k.htm
KEYS,1601046.0,2020,0001601046-20-000154,keys-10312020x10k.htm,2020-12-17,cached,cached_edgar/1601046/000160104620000154/keys-10312020x10k.htm
KEYS,1601046.0,2025,0001601046-25-000127,keys-20251031.htm,2025-12-17,cached,cached_edgar/1601046/000160104625000127/keys-20251031.htm
TER,97210.0,2019,0001193125-19-059974,d652525d10k.htm,2019-03-01,cached,cached_edgar/97210/000119312519059974/d652525d10k.htm
TER,97210.0,2020,0001193125-20-058676,d860886d10k.htm,2020-03-02,cached,cached_edgar/97210/000119312520058676/d860886d10k.htm
TER,97210.0,2025,0000950170-25-023784,ter-20241231.htm,2025-02-20,cached,cached_edgar/97210/000095017025023784/ter-20241231.htm
NET,1477333.0,2019,,,,no_filing_for_year,
NET,1477333.0,2020,,,,no_filing_for_year,
NET,1477333.0,2025,0001477333-25-000043,cloud-20241231.htm,2025-02-20,cached,cached_edgar/1477333/000147733325000043/cloud-20241231.htm
FIX,1035983.0,2019,0001558370-19-000857,fix-20181231x10k.htm,2019-02-21,cached,cached_edgar/1035983/000155837019000857/fix-20181231x10k.htm
FIX,1035983.0,2020,0001558370-20-001491,fix-20191231x10ka923f7.htm,2020-02-26,cached,cached_edgar/1035983/000155837020001491/fix-20191231x10ka923f7.htm
FIX,1035983.0,2025,0001558370-25-001222,fix-20241231x10k.htm,2025-02-20,cached,cached_edgar/1035983/000155837025001222/fix-20241231x10k.htm
FERG,2011641.0,2019,,,,no_filing_for_year,
FERG,2011641.0,2020,,,,no_filing_for_year,
FERG,2011641.0,2025,0002011641-25-000027,ferg-20250731.htm,2025-09-26,cached,cached_edgar/2011641/000201164125000027/ferg-20250731.htm
EA,712515.0,2019,,,,no_filing_for_year,
EA,712515.0,2020,0000712515-20-000019,ea-20200331.htm,2020-05-20,cached,cached_edgar/712515/000071251520000019/ea-20200331.htm
EA,712515.0,2025,0000712515-25-000022,ea-20250331.htm,2025-05-13,cached,cached_edgar/712515/000071251525000022/ea-20250331.htm
CARR,1783180.0,2019,,,,no_filing_for_year,
CARR,1783180.0,2020,,,,no_filing_for_year,
CARR,1783180.0,2025,0001783180-25-000008,carr-20241231.htm,2025-02-11,cached,cached_edgar/1783180/000178318025000008/carr-20241231.htm
GWW,277135.0,2019,0000277135-19-000010,gww20181231-10k.htm,2019-02-28,cached,cached_edgar/277135/000027713519000010/gww20181231-10k.htm
GWW,277135.0,2020,0000277135-20-000007,gww20191231-10k.htm,2020-02-20,cached,cached_edgar/277135/000027713520000007/gww20191231-10k.htm
GWW,277135.0,2025,0000277135-25-000010,gww-20241231.htm,2025-02-20,cached,cached_edgar/277135/000027713525000010/gww-20241231.htm
TRGP,1389170.0,2019,0001564590-19-005727,trgp-10k_20181231.htm,2019-03-01,cached,cached_edgar/1389170/000156459019005727/trgp-10k_20181231.htm
TRGP,1389170.0,2020,0001564590-20-005592,trgp-10k_20191231.htm,2020-02-20,cached,cached_edgar/1389170/000156459020005592/trgp-10k_20191231.htm
TRGP,1389170.0,2025,0000950170-25-023983,trgp-20241231.htm,2025-02-20,cached,cached_edgar/1389170/000095017025023983/trgp-20241231.htm
XEL,72903.0,2019,0000072903-19-000010,xcel1231201810-k.htm,2019-02-22,cached,cached_edgar/72903/000007290319000010/xcel1231201810-k.htm
XEL,72903.0,2020,0000072903-20-000011,xcel1231201910-k.htm,2020-02-21,cached,cached_edgar/72903/000007290320000011/xcel1231201910-k.htm
XEL,72903.0,2025,0000072903-25-000029,xel-20241231.htm,2025-02-27,cached,cached_edgar/72903/000007290325000029/xel-20241231.htm
EXC,1109357.0,2019,0001628280-19-001107,exc-20181231x10k.htm,2019-02-08,cached,cached_edgar/1109357/000162828019001107/exc-20181231x10k.htm
EXC,1109357.0,2020,0001109357-20-000053,exc-20191231x10k.htm,2020-02-11,cached,cached_edgar/1109357/000110935720000053/exc-20191231x10k.htm
EXC,1109357.0,2025,0001109357-25-000043,exc-20241231.htm,2025-02-12,cached,cached_edgar/1109357/000110935725000043/exc-20241231.htm
LITE,1633978.0,2019,0001633978-19-000069,lumentumfy19-10k.htm,2019-08-27,cached,cached_edgar/1633978/000163397819000069/lumentumfy19-10k.htm
LITE,1633978.0,2020,0001633978-20-000011,lumentumfy20-10k.htm,2020-08-25,cached,cached_edgar/1633978/000163397820000011/lumentumfy20-10k.htm
LITE,1633978.0,2025,0001628280-25-040830,lite-20250628.htm,2025-08-19,cached,cached_edgar/1633978/000162828025040830/lite-20250628.htm
CIEN,936395.0,2019,,,,no_filing_for_year,
CIEN,936395.0,2020,0000936395-20-000042,cien-20201031.htm,2020-12-18,cached,cached_edgar/936395/000093639520000042/cien-20201031.htm
CIEN,936395.0,2025,0001628280-25-056698,cien-20251101.htm,2025-12-12,cached,cached_edgar/936395/000162828025056698/cien-20251101.htm
PSA,1393311.0,2019,0001393311-19-000004,psa-20181231x10k.htm,2019-02-27,cached,cached_edgar/1393311/000139331119000004/psa-20181231x10k.htm
PSA,1393311.0,2020,0001393311-20-000008,psa-20191231x10k.htm,2020-02-25,cached,cached_edgar/1393311/000139331120000008/psa-20191231x10k.htm
PSA,1393311.0,2025,0001393311-25-000036,psa-20241231.htm,2025-02-24,cached,cached_edgar/1393311/000139331125000036/psa-20241231.htm
FTNT,1262039.0,2019,0001262039-19-000006,ftnt-201810xk.htm,2019-02-27,cached,cached_edgar/1262039/000126203919000006/ftnt-201810xk.htm
FTNT,1262039.0,2020,0001262039-20-000011,ftnt-201910xk.htm,2020-02-26,cached,cached_edgar/1262039/000126203920000011/ftnt-201910xk.htm
FTNT,1262039.0,2025,0001262039-25-000011,ftnt-20241231.htm,2025-02-21,cached,cached_edgar/1262039/000126203925000011/ftnt-20241231.htm
CMG,1058090.0,2019,0001058090-19-000007,cmg-20181231x10k.htm,2019-02-08,cached,cached_edgar/1058090/000105809019000007/cmg-20181231x10k.htm
CMG,1058090.0,2020,0001058090-20-000010,cmg-20191231x10k.htm,2020-02-05,cached,cached_edgar/1058090/000105809020000010/cmg-20191231x10k.htm
CMG,1058090.0,2025,0001058090-25-000014,cmg-20241231.htm,2025-02-05,cached,cached_edgar/1058090/000105809025000014/cmg-20241231.htm
EW,1099800.0,2019,0001099800-19-000004,ew10-kq42018.htm,2019-02-15,cached,cached_edgar/1099800/000109980019000004/ew10-kq42018.htm
EW,1099800.0,2020,0001099800-20-000005,ew10-kq42019.htm,2020-02-14,cached,cached_edgar/1099800/000109980020000005/ew10-kq42019.htm
EW,1099800.0,2025,0001099800-25-000005,ew-20241231.htm,2025-02-28,cached,cached_edgar/1099800/000109980025000005/ew-20241231.htm
APO,1858681.0,2019,,,,no_filing_for_year,
APO,1858681.0,2020,,,,no_filing_for_year,
APO,1858681.0,2025,0001858681-25-000034,apo-20241231.htm,2025-02-24,cached,cached_edgar/1858681/000185868125000034/apo-20241231.htm
ADSK,769397.0,2019,0000769397-19-000016,adsk-0131201910xk.htm,2019-03-25,cached,cached_edgar/769397/000076939719000016/adsk-0131201910xk.htm
ADSK,769397.0,2020,0000769397-20-000013,adsk-0131202010xk.htm,2020-03-19,cached,cached_edgar/769397/000076939720000013/adsk-0131202010xk.htm
ADSK,769397.0,2025,0000769397-25-000019,adsk-20250131.htm,2025-03-06,cached,cached_edgar/769397/000076939725000019/adsk-20250131.htm
LNG,3570.0,2019,0000003570-19-000030,cei2018form10-k.htm,2019-02-26,cached,cached_edgar/3570/000000357019000030/cei2018form10-k.htm
LNG,3570.0,2020,0000003570-20-000043,cei2019form10k.htm,2020-02-25,cached,cached_edgar/3570/000000357020000043/cei2019form10k.htm
LNG,3570.0,2025,0000003570-25-000033,lng-20241231.htm,2025-02-20,cached,cached_edgar/3570/000000357025000033/lng-20241231.htm
ETR,65984.0,2019,,,,no_filing_for_year,
ETR,65984.0,2020,,,,no_filing_for_year,
ETR,65984.0,2025,0000065984-25-000012,etr-20241231.htm,2025-02-18,cached,cached_edgar/65984/000006598425000012/etr-20241231.htm
YUM,1041061.0,2019,0001041061-19-000010,yum10k12312018.htm,2019-02-21,cached,cached_edgar/1041061/000104106119000010/yum10k12312018.htm
YUM,1041061.0,2020,0001041061-20-000015,yum10k12312019.htm,2020-02-20,cached,cached_edgar/1041061/000104106120000015/yum10k12312019.htm
YUM,1041061.0,2025,0001041061-25-000013,yum-20241231.htm,2025-02-19,cached,cached_edgar/1041061/000104106125000013/yum-20241231.htm
ROK,1024478.0,2019,0001024478-19-000044,fy2019form10k.htm,2019-11-12,cached,cached_edgar/1024478/000102447819000044/fy2019form10k.htm
ROK,1024478.0,2020,0001024478-20-000038,fy2020form10k.htm,2020-11-10,cached,cached_edgar/1024478/000102447820000038/fy2020form10k.htm
ROK,1024478.0,2025,0001024478-25-000116,rok-20250930.htm,2025-11-12,cached,cached_edgar/1024478/000102447825000116/rok-20250930.htm
FITB,35527.0,2019,,,,no_filing_for_year,
FITB,35527.0,2020,0001193125-20-057751,d840471d10k.htm,2020-03-02,cached,cached_edgar/35527/000119312520057751/d840471d10k.htm
FITB,35527.0,2025,0000035527-25-000079,fitb-20241231.htm,2025-02-24,cached,cached_edgar/35527/000003552725000079/fitb-20241231.htm
DAL,27904.0,2019,0000027904-19-000003,dal1231201810k.htm,2019-02-15,cached,cached_edgar/27904/000002790419000003/dal1231201810k.htm
DAL,27904.0,2020,0000027904-20-000004,dal-20191231.htm,2020-02-13,cached,cached_edgar/27904/000002790420000004/dal-20191231.htm
DAL,27904.0,2025,0000027904-25-000004,dal-20241231.htm,2025-02-11,cached,cached_edgar/27904/000002790425000004/dal-20241231.htm
WAB,943452.0,2019,0001628280-19-002095,wab1231201810k.htm,2019-02-27,cached,cached_edgar/943452/000162828019002095/wab1231201810k.htm
WAB,943452.0,2020,0001628280-20-002098,wab-20191231.htm,2020-02-24,cached,cached_edgar/943452/000162828020002098/wab-20191231.htm
WAB,943452.0,2025,0001628280-25-005100,wab-20241231.htm,2025-02-12,cached,cached_edgar/943452/000162828025005100/wab-20241231.htm
RSG,1060391.0,2019,,,,no_filing_for_year,
RSG,1060391.0,2020,,,,no_filing_for_year,
RSG,1060391.0,2025,0001060391-25-000091,rsg-20241231.htm,2025-02-14,cached,cached_edgar/1060391/000106039125000091/rsg-20241231.htm
AIG,5272.0,2019,,,,no_filing_for_year,
AIG,5272.0,2020,,,,no_filing_for_year,
AIG,5272.0,2025,0000005272-25-000012,aig-20241231.htm,2025-02-13,cached,cached_edgar/5272/000000527225000012/aig-20241231.htm
PYPL,1633917.0,2019,0001633917-19-000043,pypl201810-k.htm,2019-02-07,cached,cached_edgar/1633917/000163391719000043/pypl201810-k.htm
PYPL,1633917.0,2020,0001633917-20-000028,pypl201910-k.htm,2020-02-06,cached,cached_edgar/1633917/000163391720000028/pypl201910-k.htm
PYPL,1633917.0,2025,0001633917-25-000019,pypl-20241231.htm,2025-02-04,cached,cached_edgar/1633917/000163391725000019/pypl-20241231.htm
CVNA,1690820.0,2019,,,,no_filing_for_year,
CVNA,1690820.0,2020,,,,no_filing_for_year,
CVNA,1690820.0,2025,0001690820-25-000074,cvna-20241231.htm,2025-02-19,cached,cached_edgar/1690820/000169082025000074/cvna-20241231.htm
USD,,2019,,,,missing_cik,
USD,,2020,,,,missing_cik,
USD,,2025,,,,missing_cik,
DHI,882184.0,2019,0000882184-19-000147,a2019930-10k.htm,2019-11-25,cached,cached_edgar/882184/000088218419000147/a2019930-10k.htm
DHI,882184.0,2020,0000882184-20-000143,dhi-20200930.htm,2020-11-20,cached,cached_edgar/882184/000088218420000143/dhi-20200930.htm
DHI,882184.0,2025,0000882184-25-000081,dhi-20250930.htm,2025-11-19,cached,cached_edgar/882184/000088218425000081/dhi-20250930.htm
SYY,96021.0,2019,0000096021-19-000093,syy2019q410-k.htm,2019-08-26,cached,cached_edgar/96021/000009602119000093/syy2019q410-k.htm
SYY,96021.0,2020,0000096021-20-000100,syy-20200627.htm,2020-08-26,cached,cached_edgar/96021/000009602120000100/syy-20200627.htm
SYY,96021.0,2025,0000096021-25-000099,syy-20250628.htm,2025-08-22,cached,cached_edgar/96021/000009602125000099/syy-20250628.htm
AMP,820027.0,2019,,,,no_filing_for_year,
AMP,820027.0,2020,0000820027-20-000010,amp12312019.htm,2020-02-26,cached,cached_edgar/820027/000082002720000010/amp12312019.htm
AMP,820027.0,2025,0000820027-25-000013,amp-20241231.htm,2025-02-20,cached,cached_edgar/820027/000082002725000013/amp-20241231.htm
CBRE,1138118.0,2019,0001564590-19-005666,cbg-10k_20181231.htm,2019-03-01,cached,cached_edgar/1138118/000156459019005666/cbg-10k_20181231.htm
CBRE,1138118.0,2020,0001564590-20-008056,cbre-10k_20191231.htm,2020-03-02,cached,cached_edgar/1138118/000156459020008056/cbre-10k_20191231.htm
CBRE,1138118.0,2025,0001138118-25-000005,cbre-20241231.htm,2025-02-14,cached,cached_edgar/1138118/000113811825000005/cbre-20241231.htm
PEG,788784.0,2019,0000788784-19-000005,pseg201810k.htm,2019-02-28,cached,cached_edgar/788784/000078878419000005/pseg201810k.htm
PEG,788784.0,2020,0000788784-20-000004,pseg201910k.htm,2020-02-26,cached,cached_edgar/788784/000078878420000004/pseg201910k.htm
PEG,788784.0,2025,0000950170-25-026874,peg-20241231.htm,2025-02-25,cached,cached_edgar/788784/000095017025026874/peg-20241231.htm
MET,1099219.0,2019,,,,no_filing_for_year,
MET,1099219.0,2020,,,,no_filing_for_year,
MET,1099219.0,2025,0001099219-25-000044,met-20241231.htm,2025-02-21,cached,cached_edgar/1099219/000109921925000044/met-20241231.htm
ALNY,1178670.0,2019,0001564590-19-003022,alny-10k_20181231.htm,2019-02-14,cached,cached_edgar/1178670/000156459019003022/alny-10k_20181231.htm
ALNY,1178670.0,2020,0001178670-20-000004,alny-20191231.htm,2020-02-13,cached,cached_edgar/1178670/000117867020000004/alny-20191231.htm
ALNY,1178670.0,2025,0001178670-25-000026,alny-20241231.htm,2025-02-13,cached,cached_edgar/1178670/000117867025000026/alny-20241231.htm
KR,56873.0,2019,0001558370-19-002756,kr-20190202x10k.htm,2019-04-02,cached,cached_edgar/56873/000155837019002756/kr-20190202x10k.htm
KR,56873.0,2020,0001558370-20-003501,kr-20200201x10k.htm,2020-04-01,cached,cached_edgar/56873/000155837020003501/kr-20200201x10k.htm
KR,56873.0,2025,0001558370-25-004267,kr-20250201x10k.htm,2025-04-01,cached,cached_edgar/56873/000155837025004267/kr-20250201x10k.htm
VMC,1396009.0,2019,0001396009-19-000021,vmc-20181231x10k.htm,2019-02-26,cached,cached_edgar/1396009/000139600919000021/vmc-20181231x10k.htm
VMC,1396009.0,2020,0001396009-20-000006,vmc-20191231x10k.htm,2020-02-26,cached,cached_edgar/1396009/000139600920000006/vmc-20191231x10k.htm
VMC,1396009.0,2025,0001396009-25-000005,vmc-20241231.htm,2025-02-20,cached,cached_edgar/1396009/000139600925000005/vmc-20241231.htm
MLM,916076.0,2019,0000950157-19-000284,form10-ka.htm,2019-03-18,cached,cached_edgar/916076/000095015719000284/form10-ka.htm
MLM,916076.0,2020,0001564590-20-005784,mlm-10k_20191231.htm,2020-02-21,cached,cached_edgar/916076/000156459020005784/mlm-10k_20191231.htm
MLM,916076.0,2025,0000950170-25-024770,mlm-20241231.htm,2025-02-21,cached,cached_edgar/916076/000095017025024770/mlm-20241231.htm
RBLX,1315098.0,2019,,,,no_filing_for_year,
RBLX,1315098.0,2020,,,,no_filing_for_year,
RBLX,1315098.0,2025,0001315098-25-000033,rblx-20241231.htm,2025-02-18,cached,cached_edgar/1315098/000131509825000033/rblx-20241231.htm
PCG,1004980.0,2019,0000950157-19-000501,form10ka.htm,2019-04-30,cached,cached_edgar/1004980/000095015719000501/form10ka.htm
PCG,1004980.0,2020,0000950157-20-000455,form10k-a.htm,2020-03-31,cached,cached_edgar/1004980/000095015720000455/form10k-a.htm
PCG,1004980.0,2025,0001004980-25-000010,pcg-20241231.htm,2025-02-13,cached,cached_edgar/1004980/000100498025000010/pcg-20241231.htm
GRMN,1121788.0,2019,0001615774-19-002739,s116041_10k.htm,2019-02-20,cached,cached_edgar/1121788/000161577419002739/s116041_10k.htm
GRMN,1121788.0,2020,0001564590-20-005133,grmn-10k_20191228.htm,2020-02-19,cached,cached_edgar/1121788/000156459020005133/grmn-10k_20191228.htm
GRMN,1121788.0,2025,0000950170-25-022760,grmn-20241228.htm,2025-02-19,cached,cached_edgar/1121788/000095017025022760/grmn-20241228.htm
VTR,740260.0,2019,0000740260-19-000037,a4q18doc10k.htm,2019-02-08,cached,cached_edgar/740260/000074026019000037/a4q18doc10k.htm
VTR,740260.0,2020,0000740260-20-000042,vtr123119doc10k.htm,2020-02-24,cached,cached_edgar/740260/000074026020000042/vtr123119doc10k.htm
VTR,740260.0,2025,0000740260-25-000052,vtr-20241231.htm,2025-02-13,cached,cached_edgar/740260/000074026025000052/vtr-20241231.htm
MCHP,827054.0,2019,0000827054-19-000143,a2019-03x3110k.htm,2019-05-30,cached,cached_edgar/827054/000082705419000143/a2019-03x3110k.htm
MCHP,827054.0,2020,0000827054-20-000119,a2020-03x3110k.htm,2020-05-22,cached,cached_edgar/827054/000082705420000119/a2020-03x3110k.htm
MCHP,827054.0,2025,0000827054-25-000077,mchp-20250331.htm,2025-05-23,cached,cached_edgar/827054/000082705425000077/mchp-20250331.htm
NUE,73309.0,2019,0001193125-19-057744,d691427d10k.htm,2019-02-28,cached,cached_edgar/73309/000119312519057744/d691427d10k.htm
NUE,73309.0,2020,0001564590-20-007794,nue-10k_20191231.htm,2020-02-28,cached,cached_edgar/73309/000156459020007794/nue-10k_20191231.htm
NUE,73309.0,2025,0000950170-25-028427,nue-20241231.htm,2025-02-27,cached,cached_edgar/73309/000095017025028427/nue-20241231.htm
KDP,1418135.0,2019,0001418135-19-000007,kdp-10kx12312018.htm,2019-02-28,cached,cached_edgar/1418135/000141813519000007/kdp-10kx12312018.htm
KDP,1418135.0,2020,0001418135-20-000007,kdp-10kx12312019.htm,2020-02-27,cached,cached_edgar/1418135/000141813520000007/kdp-10kx12312019.htm
KDP,1418135.0,2025,0001418135-25-000013,kdp-20241231.htm,2025-02-25,cached,cached_edgar/1418135/000141813525000013/kdp-20241231.htm
MSCI,1408198.0,2019,0001564590-19-003885,msci-10k_20181231.htm,2019-02-22,cached,cached_edgar/1408198/000156459019003885/msci-10k_20181231.htm
MSCI,1408198.0,2020,0001564590-20-004992,msci-10k_20191231.htm,2020-02-18,cached,cached_edgar/1408198/000156459020004992/msci-10k_20191231.htm
MSCI,1408198.0,2025,0001408198-25-000053,msci-20241231.htm,2025-02-07,cached,cached_edgar/1408198/000140819825000053/msci-20241231.htm
ED,1047862.0,2019,,,,no_filing_for_year,
ED,1047862.0,2020,0001047862-20-000041,ed-20191231x10k.htm,2020-02-20,cached,cached_edgar/1047862/000104786220000041/ed-20191231x10k.htm
ED,1047862.0,2025,0001047862-25-000011,ed-20241231.htm,2025-02-20,cached,cached_edgar/1047862/000104786225000011/ed-20241231.htm
COHR,820318.0,2019,0001564590-19-032471,iivi-10k_20190630.htm,2019-08-16,cached,cached_edgar/820318/000156459019032471/iivi-10k_20190630.htm
COHR,820318.0,2020,0000820318-20-000023,iivi-20200630.htm,2020-08-26,cached,cached_edgar/820318/000082031820000023/iivi-20200630.htm
COHR,820318.0,2025,0000820318-25-000014,iivi-20250630.htm,2025-08-15,cached,cached_edgar/820318/000082031825000014/iivi-20250630.htm
HIG,874766.0,2019,0000874766-19-000018,hig1231201810-kdocument.htm,2019-02-22,cached,cached_edgar/874766/000087476619000018/hig1231201810-kdocument.htm
HIG,874766.0,2020,0000874766-20-000020,hig1231201910-kdocument.htm,2020-02-21,cached,cached_edgar/874766/000087476620000020/hig1231201910-kdocument.htm
HIG,874766.0,2025,0000874766-25-000023,hig-20241231.htm,2025-02-21,cached,cached_edgar/874766/000087476625000023/hig-20241231.htm
EBAY,1065088.0,2019,,,,no_filing_for_year,
EBAY,1065088.0,2020,0001206774-20-001423,ebay3749051-10ka.htm,2020-04-29,cached,cached_edgar/1065088/000120677420001423/ebay3749051-10ka.htm
EBAY,1065088.0,2025,0001065088-25-000068,ebay-20241231.htm,2025-05-30,cached,cached_edgar/1065088/000106508825000068/ebay-20241231.htm
GEHC,1932393.0,2019,,,,no_filing_for_year,
GEHC,1932393.0,2020,,,,no_filing_for_year,
GEHC,1932393.0,2025,0001932393-25-000005,gehc-20241231.htm,2025-02-13,cached,cached_edgar/1932393/000193239325000005/gehc-20241231.htm
CCI,1051470.0,2019,0001051470-19-000046,cci10-k123118.htm,2019-02-25,cached,cached_edgar/1051470/000105147019000046/cci10-k123118.htm
CCI,1051470.0,2020,0001051470-20-000077,cci10k123119q4.htm,2020-03-10,cached,cached_edgar/1051470/000105147020000077/cci10k123119q4.htm
CCI,1051470.0,2025,0001051470-25-000089,cci-20241231.htm,2025-03-14,cached,cached_edgar/1051470/000105147025000089/cci-20241231.htm
IR,1699150.0,2019,0001140361-19-004014,h10061123x1_10k.htm,2019-02-27,cached,cached_edgar/1699150/000114036119004014/h10061123x1_10k.htm
IR,1699150.0,2020,0001140361-20-004146,form10k.htm,2020-02-26,cached,cached_edgar/1699150/000114036120004146/form10k.htm
IR,1699150.0,2025,0001628280-25-006391,iri-20241231.htm,2025-02-19,cached,cached_edgar/1699150/000162828025006391/iri-20241231.htm
DELL,1571996.0,2019,,,,no_filing_for_year,
DELL,1571996.0,2020,0001571996-20-000017,delltechnologiesfy2010k.htm,2020-03-27,cached,cached_edgar/1571996/000157199620000017/delltechnologiesfy2010k.htm
DELL,1571996.0,2025,0001571996-25-000034,dell-20250131.htm,2025-03-25,cached,cached_edgar/1571996/000157199625000034/dell-20250131.htm
WEC,783325.0,2019,0000107815-19-000128,a2018wec10k.htm,2019-02-26,cached,cached_edgar/783325/000010781519000128/a2018wec10k.htm
WEC,783325.0,2020,0000107815-20-000089,a2019wec10k.htm,2020-02-27,cached,cached_edgar/783325/000010781520000089/a2019wec10k.htm
WEC,783325.0,2025,0000107815-25-000103,wec-20241231.htm,2025-02-21,cached,cached_edgar/783325/000010781525000103/wec-20241231.htm
TTWO,946581.0,2019,0001628280-19-006691,ttwo10k03312019.htm,2019-05-14,cached,cached_edgar/946581/000162828019006691/ttwo10k03312019.htm
TTWO,946581.0,2020,0001628280-20-008291,ttwo-20200331.htm,2020-05-22,cached,cached_edgar/946581/000162828020008291/ttwo-20200331.htm
TTWO,946581.0,2025,0001628280-25-026694,ttwo-20250331.htm,2025-05-20,cached,cached_edgar/946581/000162828025026694/ttwo-20250331.htm
KMB,55785.0,2019,0000055785-19-000013,kmb_2018xformx10k.htm,2019-02-07,cached,cached_edgar/55785/000005578519000013/kmb_2018xformx10k.htm
KMB,55785.0,2020,0000055785-20-000016,kmb2019form10k.htm,2020-02-13,cached,cached_edgar/55785/000005578520000016/kmb2019form10k.htm
KMB,55785.0,2025,0000055785-25-000013,kmb-20241231.htm,2025-02-13,cached,cached_edgar/55785/000005578525000013/kmb-20241231.htm
RMD,943819.0,2019,0000943819-19-000017,rmd-20190630x10k.htm,2019-08-08,cached,cached_edgar/943819/000094381919000017/rmd-20190630x10k.htm
RMD,943819.0,2020,0000943819-20-000013,rmd-20200630x10k.htm,2020-08-13,cached,cached_edgar/943819/000094381920000013/rmd-20200630x10k.htm
RMD,943819.0,2025,0000943819-25-000035,rmd-20250630.htm,2025-08-08,cached,cached_edgar/943819/000094381925000035/rmd-20250630.htm
NDAQ,1120193.0,2019,0001120193-19-000002,ndaq1231201810-k.htm,2019-02-22,cached,cached_edgar/1120193/000112019319000002/ndaq1231201810-k.htm
NDAQ,1120193.0,2020,0001120193-20-000004,ndaq1231201910-k.htm,2020-02-25,cached,cached_edgar/1120193/000112019320000004/ndaq1231201910-k.htm
NDAQ,1120193.0,2025,0001120193-25-000008,ndaq-20241231.htm,2025-02-21,cached,cached_edgar/1120193/000112019325000008/ndaq-20241231.htm
OXY,797468.0,2019,0000797468-19-000004,oxy10k12-31x2018.htm,2019-02-21,cached,cached_edgar/797468/000079746819000004/oxy10k12-31x2018.htm
OXY,797468.0,2020,0000797468-20-000004,oxy10k12-31x2019.htm,2020-02-28,cached,cached_edgar/797468/000079746820000004/oxy10k12-31x2019.htm
OXY,797468.0,2025,0000797468-25-000029,oxy-20241231.htm,2025-02-18,cached,cached_edgar/797468/000079746825000029/oxy-20241231.htm
ODFL,878927.0,2019,0001564590-19-004755,odfl-10k_20181231.htm,2019-02-27,cached,cached_edgar/878927/000156459019004755/odfl-10k_20181231.htm
ODFL,878927.0,2020,0001564590-20-006626,odfl-10k_20191231.htm,2020-02-26,cached,cached_edgar/878927/000156459020006626/odfl-10k_20191231.htm
ODFL,878927.0,2025,0000950170-25-026661,odfl-20241231.htm,2025-02-25,cached,cached_edgar/878927/000095017025026661/odfl-20241231.htm
UAL,100517.0,2019,0000100517-19-000009,ual_201810k.htm,2019-02-28,cached,cached_edgar/100517/000010051719000009/ual_201810k.htm
UAL,100517.0,2020,0000100517-20-000010,ual201910k.htm,2020-02-25,cached,cached_edgar/100517/000010051720000010/ual201910k.htm
UAL,100517.0,2025,0000100517-25-000046,ual-20241231.htm,2025-02-27,cached,cached_edgar/100517/000010051725000046/ual-20241231.htm
ROP,882835.0,2019,0000882835-19-000010,a201810-kdoc.htm,2019-02-25,cached,cached_edgar/882835/000088283519000010/a201810-kdoc.htm
ROP,882835.0,2020,0000882835-20-000006,a201910-kdoc.htm,2020-02-28,cached,cached_edgar/882835/000088283520000006/a201910-kdoc.htm
ROP,882835.0,2025,0000882835-25-000008,rop-20241231.htm,2025-02-24,cached,cached_edgar/882835/000088283525000008/rop-20241231.htm
EQT,33213.0,2019,0001104659-19-024617,a19-8685_110ka.htm,2019-04-29,cached,cached_edgar/33213/000110465919024617/a19-8685_110ka.htm
EQT,33213.0,2020,0000033213-20-000008,a1231201910k.htm,2020-02-27,cached,cached_edgar/33213/000003321320000008/a1231201910k.htm
EQT,33213.0,2025,0000033213-25-000011,eqt-20241231.htm,2025-02-19,cached,cached_edgar/33213/000003321325000011/eqt-20241231.htm
COIN,1679788.0,2019,,,,no_filing_for_year,
COIN,1679788.0,2020,,,,no_filing_for_year,
COIN,1679788.0,2025,0001679788-25-000022,coin-20241231.htm,2025-02-13,cached,cached_edgar/1679788/000167978825000022/coin-20241231.htm
KVUE,1944048.0,2019,,,,no_filing_for_year,
KVUE,1944048.0,2020,,,,no_filing_for_year,
KVUE,1944048.0,2025,0001944048-25-000033,kvue-20241229.htm,2025-02-24,cached,cached_edgar/1944048/000194404825000033/kvue-20241229.htm
STT,93751.0,2019,,,,no_filing_for_year,
STT,93751.0,2020,,,,no_filing_for_year,
STT,93751.0,2025,0000093751-25-000111,stt-20241231.htm,2025-02-13,cached,cached_edgar/93751/000009375125000111/stt-20241231.htm
EME,105634.0,2019,0000105634-19-000044,eme-20181231x10k.htm,2019-02-21,cached,cached_edgar/105634/000010563419000044/eme-20181231x10k.htm
EME,105634.0,2020,0000105634-20-000043,eme-20191231x10k.htm,2020-02-27,cached,cached_edgar/105634/000010563420000043/eme-20191231x10k.htm
EME,105634.0,2025,0000105634-25-000015,eme-20241231.htm,2025-02-26,cached,cached_edgar/105634/000010563425000015/eme-20241231.htm
PRU,1137774.0,2019,,,,no_filing_for_year,
PRU,1137774.0,2020,,,,no_filing_for_year,
PRU,1137774.0,2025,0001137774-25-000044,pru-20241231.htm,2025-02-13,cached,cached_edgar/1137774/000113777425000044/pru-20241231.htm
OTIS,1781335.0,2019,,,,no_filing_for_year,
OTIS,1781335.0,2020,,,,no_filing_for_year,
OTIS,1781335.0,2025,0001781335-25-000010,otis-20241231.htm,2025-02-04,cached,cached_edgar/1781335/000178133525000010/otis-20241231.htm
ACGL,947484.0,2019,0000947484-19-000008,a201810-k.htm,2019-02-28,cached,cached_edgar/947484/000094748419000008/a201810-k.htm
ACGL,947484.0,2020,0000947484-20-000012,a201910-k.htm,2020-02-28,cached,cached_edgar/947484/000094748420000012/a201910-k.htm
ACGL,947484.0,2025,0000947484-25-000017,acgl-20241231.htm,2025-02-27,cached,cached_edgar/947484/000094748425000017/acgl-20241231.htm
A,1090872.0,2019,0001090872-19-000022,a-10312019x10k.htm,2019-12-19,cached,cached_edgar/1090872/000109087219000022/a-10312019x10k.htm
A,1090872.0,2020,0001090872-20-000020,a-20201031.htm,2020-12-18,cached,cached_edgar/1090872/000109087220000020/a-20201031.htm
A,1090872.0,2025,0001090872-25-000087,a-20251031.htm,2025-12-22,cached,cached_edgar/1090872/000109087225000087/a-20251031.htm
NRG,1013871.0,2019,0001013871-19-000007,nrg201810-k.htm,2019-02-28,cached,cached_edgar/1013871/000101387119000007/nrg201810-k.htm
NRG,1013871.0,2020,0001013871-20-000013,nrg-20191231.htm,2020-02-27,cached,cached_edgar/1013871/000101387120000013/nrg-20191231.htm
NRG,1013871.0,2025,0001013871-25-000006,nrg-20241231.htm,2025-02-26,cached,cached_edgar/1013871/000101387125000006/nrg-20241231.htm
HBAN,49196.0,2019,,,,no_filing_for_year,
HBAN,49196.0,2020,,,,no_filing_for_year,
HBAN,49196.0,2025,0000049196-25-000020,hban-20241231.htm,2025-02-14,cached,cached_edgar/49196/000004919625000020/hban-20241231.htm
MTB,36270.0,2019,,,,no_filing_for_year,
MTB,36270.0,2020,0001564590-20-005365,mtb-10k_20191231.htm,2020-02-20,cached,cached_edgar/36270/000156459020005365/mtb-10k_20191231.htm
MTB,36270.0,2025,0001628280-25-006267,mtb-20241231.htm,2025-02-19,cached,cached_edgar/36270/000162828025006267/mtb-20241231.htm
CCL,815097.0,2019,0000815097-19-000004,a2018form10-kfrontpart.htm,2019-01-28,cached,cached_edgar/815097/000081509719000004/a2018form10-kfrontpart.htm
CCL,815097.0,2020,0000815097-20-000020,a201910-kamendment.htm,2020-03-31,cached,cached_edgar/815097/000081509720000020/a201910-kamendment.htm
CCL,815097.0,2025,0000815097-25-000007,ccl-20241130.htm,2025-01-27,cached,cached_edgar/815097/000081509725000007/ccl-20241130.htm
DG,29534.0,2019,0001558370-19-002383,dg-20190201x10k.htm,2019-03-22,cached,cached_edgar/29534/000155837019002383/dg-20190201x10k.htm
DG,29534.0,2020,0001558370-20-002915,dg-20200131x10ka41072.htm,2020-03-19,cached,cached_edgar/29534/000155837020002915/dg-20200131x10ka41072.htm
DG,29534.0,2025,0001558370-25-003413,dg-20250131x10k.htm,2025-03-21,cached,cached_edgar/29534/000155837025003413/dg-20250131x10k.htm
HSY,47111.0,2019,,,,no_filing_for_year,
HSY,47111.0,2020,,,,no_filing_for_year,
HSY,47111.0,2025,0000047111-25-000014,hsy-20241231.htm,2025-02-18,cached,cached_edgar/47111/000004711125000014/hsy-20241231.htm
IRM,1020569.0,2019,0001020569-19-000018,irm201810k.htm,2019-02-14,cached,cached_edgar/1020569/000102056919000018/irm201810k.htm
IRM,1020569.0,2020,0001020569-20-000029,irm201910k.htm,2020-02-13,cached,cached_edgar/1020569/000102056920000029/irm201910k.htm
IRM,1020569.0,2025,0001020569-25-000040,irm-20241231.htm,2025-02-14,cached,cached_edgar/1020569/000102056925000040/irm-20241231.htm
MSTR,1050446.0,2019,0001564590-19-003468,mstr-10k_20181231.htm,2019-02-20,cached,cached_edgar/1050446/000156459019003468/mstr-10k_20181231.htm
MSTR,1050446.0,2020,0001564590-20-004679,mstr-10k_20191231.htm,2020-02-14,cached,cached_edgar/1050446/000156459020004679/mstr-10k_20191231.htm
MSTR,1050446.0,2025,0000950170-25-021814,mstr-20241231.htm,2025-02-18,cached,cached_edgar/1050446/000095017025021814/mstr-20241231.htm
INSM,1104506.0,2019,0001104506-19-000009,insmed10k2018.htm,2019-02-22,cached,cached_edgar/1104506/000110450619000009/insmed10k2018.htm
INSM,1104506.0,2020,0001104506-20-000007,insm-20191231.htm,2020-02-25,cached,cached_edgar/1104506/000110450620000007/insm-20191231.htm
INSM,1104506.0,2025,0001104506-25-000009,insm-20241231.htm,2025-02-20,cached,cached_edgar/1104506/000110450625000009/insm-20241231.htm
FANG,1539838.0,2019,0001539838-19-000030,diamondback201810-ka.htm,2019-03-12,cached,cached_edgar/1539838/000153983819000030/diamondback201810-ka.htm
FANG,1539838.0,2020,0001539838-20-000021,diamondback201910-k.htm,2020-02-27,cached,cached_edgar/1539838/000153983820000021/diamondback201910-k.htm
FANG,1539838.0,2025,0001539838-25-000021,fang-20241231.htm,2025-02-26,cached,cached_edgar/1539838/000153983825000021/fang-20241231.htm
AXON,1069183.0,2019,0001069183-19-000023,a10kaaxn123118.htm,2019-02-27,cached,cached_edgar/1069183/000106918319000023/a10kaaxn123118.htm
AXON,1069183.0,2020,0001069183-20-000016,a10kaaxn123119.htm,2020-02-28,cached,cached_edgar/1069183/000106918320000016/a10kaaxn123119.htm
AXON,1069183.0,2025,0001069183-25-000075,axon-20241231.htm,2025-05-07,cached,cached_edgar/1069183/000106918325000075/axon-20241231.htm
DDOG,1561550.0,2019,,,,no_filing_for_year,
DDOG,1561550.0,2020,,,,no_filing_for_year,
DDOG,1561550.0,2025,0001561550-25-000025,ddog-20241231.htm,2025-02-20,cached,cached_edgar/1561550/000156155025000025/ddog-20241231.htm
ADM,7084.0,2019,,,,no_filing_for_year,
ADM,7084.0,2020,0000007084-20-000009,adm-20191231x10k.htm,2020-02-18,cached,cached_edgar/7084/000000708420000009/adm-20191231x10k.htm
ADM,7084.0,2025,0000007084-25-000011,adm-20241231.htm,2025-02-20,cached,cached_edgar/7084/000000708425000011/adm-20241231.htm
VICI,1705696.0,2019,0001705696-19-000064,vici201810-k.htm,2019-02-14,cached,cached_edgar/1705696/000170569619000064/vici201810-k.htm
VICI,1705696.0,2020,0001705696-20-000048,vici2019form10-k.htm,2020-02-20,cached,cached_edgar/1705696/000170569620000048/vici2019form10-k.htm
VICI,1705696.0,2025,0001705696-25-000033,vici-20241231.htm,2025-02-20,cached,cached_edgar/1705696/000170569625000033/vici-20241231.htm
FISV,,2019,,,,missing_cik,
FISV,,2020,,,,missing_cik,
FISV,,2025,,,,missing_cik,
WAT,1000697.0,2019,0001193125-19-060858,d612944d10ka.htm,2019-03-01,cached,cached_edgar/1000697/000119312519060858/d612944d10ka.htm
WAT,1000697.0,2020,0001193125-20-048303,d862312d10k.htm,2020-02-25,cached,cached_edgar/1000697/000119312520048303/d862312d10k.htm
WAT,1000697.0,2025,0001193125-25-034579,d791800d10k.htm,2025-02-25,cached,cached_edgar/1000697/000119312525034579/d791800d10k.htm
TPR,1116132.0,2019,0001116132-19-000016,tpr6302018-10k1.htm,2019-08-15,cached,cached_edgar/1116132/000111613219000016/tpr6302018-10k1.htm
TPR,1116132.0,2020,0001116132-20-000022,tpr6272020-10k.htm,2020-08-13,cached,cached_edgar/1116132/000111613220000022/tpr6272020-10k.htm
TPR,1116132.0,2025,0001116132-25-000019,tpr-20250628.htm,2025-08-14,cached,cached_edgar/1116132/000111613225000019/tpr-20250628.htm
TDY,1094285.0,2019,0001094285-19-000064,tdy-2018x10k.htm,2019-02-25,cached,cached_edgar/1094285/000109428519000064/tdy-2018x10k.htm
TDY,1094285.0,2020,0001094285-20-000045,tdy-20191229.htm,2020-02-24,cached,cached_edgar/1094285/000109428520000045/tdy-20191229.htm
TDY,1094285.0,2025,0001094285-25-000053,tdy-20241229.htm,2025-02-21,cached,cached_edgar/1094285/000109428525000053/tdy-20241229.htm
EXR,1289490.0,2019,0001628280-19-001968,q4201810kexrdocument.htm,2019-02-26,cached,cached_edgar/1289490/000162828019001968/q4201810kexrdocument.htm
EXR,1289490.0,2020,0001628280-20-002202,q4201910kexrdocument.htm,2020-02-25,cached,cached_edgar/1289490/000162828020002202/q4201910kexrdocument.htm
EXR,1289490.0,2025,0001628280-25-009060,exr-20241231.htm,2025-02-28,cached,cached_edgar/1289490/000162828025009060/exr-20241231.htm
XYL,1524472.0,2019,0001524472-19-000009,xyl1231201810k.htm,2019-02-22,cached,cached_edgar/1524472/000152447219000009/xyl1231201810k.htm
XYL,1524472.0,2020,0001524472-20-000006,xyl1231201910kv1.htm,2020-02-28,cached,cached_edgar/1524472/000152447220000006/xyl1231201910kv1.htm
XYL,1524472.0,2025,0001524472-25-000013,xyl-20241231.htm,2025-03-03,cached,cached_edgar/1524472/000152447225000013/xyl-20241231.htm
DOV,29905.0,2019,0000029905-19-000019,wfx-20181231.htm,2019-02-15,cached,cached_edgar/29905/000002990519000019/wfx-20181231.htm
DOV,29905.0,2020,0000029905-20-000011,dov-20191231.htm,2020-02-14,cached,cached_edgar/29905/000002990520000011/dov-20191231.htm
DOV,29905.0,2025,0000029905-25-000006,dov-20241231.htm,2025-02-14,cached,cached_edgar/29905/000002990525000006/dov-20241231.htm
CPRT,900075.0,2019,0000900075-19-000022,cprt07312019-10k.htm,2019-09-30,cached,cached_edgar/900075/000090007519000022/cprt07312019-10k.htm
CPRT,900075.0,2020,0000900075-20-000021,cprt-20200731.htm,2020-09-28,cached,cached_edgar/900075/000090007520000021/cprt-20200731.htm
CPRT,900075.0,2025,0001628280-25-042946,cprt-20250731.htm,2025-09-26,cached,cached_edgar/900075/000162828025042946/cprt-20250731.htm
ULTA,1403568.0,2019,0001558370-19-002739,ulta-20190202x10k.htm,2019-04-02,cached,cached_edgar/1403568/000155837019002739/ulta-20190202x10k.htm
ULTA,1403568.0,2020,0001558370-20-003272,ulta-20200201x10k11b4b7.htm,2020-03-27,cached,cached_edgar/1403568/000155837020003272/ulta-20200201x10k11b4b7.htm
ULTA,1403568.0,2025,0001558370-25-003810,ulta-20250201x10k.htm,2025-03-27,cached,cached_edgar/1403568/000155837025003810/ulta-20250201x10k.htm
FTAI,1590364.0,2019,0001590364-19-000002,ftai-20181231.htm,2019-02-28,cached,cached_edgar/1590364/000159036419000002/ftai-20181231.htm
FTAI,1590364.0,2020,0001590364-20-000002,ftai-20191231.htm,2020-02-28,cached,cached_edgar/1590364/000159036420000002/ftai-20191231.htm
FTAI,1590364.0,2025,0001590364-25-000006,ftai-20241231.htm,2025-03-03,cached,cached_edgar/1590364/000159036425000006/ftai-20241231.htm
IBKR,1381197.0,2019,0001140361-19-004097,bp15115x1_10k.htm,2019-02-28,cached,cached_edgar/1381197/000114036119004097/bp15115x1_10k.htm
IBKR,1381197.0,2020,0001381197-20-000006,ibkr-20191231x10k.htm,2020-02-28,cached,cached_edgar/1381197/000138119720000006/ibkr-20191231x10k.htm
IBKR,1381197.0,2025,0001381197-25-000039,ibkr-20241231x10ka.htm,2025-03-05,cached,cached_edgar/1381197/000138119725000039/ibkr-20241231x10ka.htm
TPL,1811074.0,2019,,,,no_filing_for_year,
TPL,1811074.0,2020,,,,no_filing_for_year,
TPL,1811074.0,2025,0001811074-25-000044,tpl-20241231.htm,2025-02-19,cached,cached_edgar/1811074/000181107425000044/tpl-20241231.htm
HAL,45012.0,2019,0000045012-19-000044,hal12312018-10k.htm,2019-02-13,cached,cached_edgar/45012/000004501219000044/hal12312018-10k.htm
HAL,45012.0,2020,0000045012-20-000031,hal12312019-10k.htm,2020-02-11,cached,cached_edgar/45012/000004501220000031/hal12312019-10k.htm
HAL,45012.0,2025,0000045012-25-000010,hal-20241231.htm,2025-02-12,cached,cached_edgar/45012/000004501225000010/hal-20241231.htm
CBOE,1374310.0,2019,0001558370-19-000884,cboe-20181231x10k.htm,2019-02-22,cached,cached_edgar/1374310/000155837019000884/cboe-20181231x10k.htm
CBOE,1374310.0,2020,0001558370-20-001127,cboe-20191231x10k3d7487.htm,2020-02-21,cached,cached_edgar/1374310/000155837020001127/cboe-20191231x10k3d7487.htm
CBOE,1374310.0,2025,0001628280-25-006984,cboe-20241231.htm,2025-02-21,cached,cached_edgar/1374310/000162828025006984/cboe-20241231.htm
DTE,936340.0,2019,0000936340-19-000086,dteenergy2018123110k.htm,2019-02-07,cached,cached_edgar/936340/000093634019000086/dteenergy2018123110k.htm
DTE,936340.0,2020,0000936340-20-000127,dteenergy2019123110k.htm,2020-02-05,cached,cached_edgar/936340/000093634020000127/dteenergy2019123110k.htm
DTE,936340.0,2025,0000936340-25-000065,dte-20241231.htm,2025-02-13,cached,cached_edgar/936340/000093634025000065/dte-20241231.htm
AEE,1002910.0,2019,0001002910-19-000094,aee201810-k.htm,2019-02-26,cached,cached_edgar/1002910/000100291019000094/aee201810-k.htm
AEE,1002910.0,2020,0001002910-20-000077,aee201910-k.htm,2020-02-28,cached,cached_edgar/1002910/000100291020000077/aee201910-k.htm
AEE,1002910.0,2025,0001002910-25-000055,aee-20241231.htm,2025-02-18,cached,cached_edgar/1002910/000100291025000055/aee-20241231.htm
CTSH,1058290.0,2019,,,,no_filing_for_year,
CTSH,1058290.0,2020,,,,no_filing_for_year,
CTSH,1058290.0,2025,0001058290-25-000017,ctsh-20241231.htm,2025-02-12,cached,cached_edgar/1058290/000105829025000017/ctsh-20241231.htm
ON,1097864.0,2019,0001193125-19-045025,d664850d10k.htm,2019-02-20,cached,cached_edgar/1097864/000119312519045025/d664850d10k.htm
ON,1097864.0,2020,0001193125-20-041751,d864442d10k.htm,2020-02-19,cached,cached_edgar/1097864/000119312520041751/d864442d10k.htm
ON,1097864.0,2025,0001628280-25-004557,on-20241231.htm,2025-02-10,cached,cached_edgar/1097864/000162828025004557/on-20241231.htm
ATO,731802.0,2019,0000731802-19-000037,ato201993010-k.htm,2019-11-12,cached,cached_edgar/731802/000073180219000037/ato201993010-k.htm
ATO,731802.0,2020,0000731802-20-000040,ato202093010-k.htm,2020-11-13,cached,cached_edgar/731802/000073180220000040/ato202093010-k.htm
ATO,731802.0,2025,0000731802-25-000056,ato-20250930.htm,2025-11-14,cached,cached_edgar/731802/000073180225000056/ato-20250930.htm
RKLB,1819994.0,2019,,,,no_filing_for_year,
RKLB,1819994.0,2020,,,,no_filing_for_year,
RKLB,1819994.0,2025,0001628280-25-021054,rklb-20241231.htm,2025-04-30,cached,cached_edgar/1819994/000162828025021054/rklb-20241231.htm
FICO,814547.0,2019,0000814547-19-000016,fico10-k2019.htm,2019-11-08,cached,cached_edgar/814547/000081454719000016/fico10-k2019.htm
FICO,814547.0,2020,0000814547-20-000012,fico10-k2020.htm,2020-11-12,cached,cached_edgar/814547/000081454720000012/fico10-k2020.htm
FICO,814547.0,2025,0000814547-25-000030,fico-20250930.htm,2025-11-07,cached,cached_edgar/814547/000081454725000030/fico-20250930.htm
MTD,1037646.0,2019,0001037646-19-000010,mtd_10kx12312018.htm,2019-02-08,cached,cached_edgar/1037646/000103764619000010/mtd_10kx12312018.htm
MTD,1037646.0,2020,0001037646-20-000005,mtd10k12312019.htm,2020-02-07,cached,cached_edgar/1037646/000103764620000005/mtd10k12312019.htm
MTD,1037646.0,2025,0001037646-25-000012,mtd-20241231.htm,2025-02-07,cached,cached_edgar/1037646/000103764625000012/mtd-20241231.htm
EIX,827052.0,2019,0000827052-19-000034,eix-sceq4201810k.htm,2019-02-28,cached,cached_edgar/827052/000082705219000034/eix-sceq4201810k.htm
EIX,827052.0,2020,0000827052-20-000026,eix-sceq4201910k.htm,2020-02-27,cached,cached_edgar/827052/000082705220000026/eix-sceq4201910k.htm
EIX,827052.0,2025,0000827052-25-000022,eix-20241231.htm,2025-02-27,cached,cached_edgar/827052/000082705225000022/eix-20241231.htm
BIIB,875045.0,2019,0000875045-19-000006,biib-20181231x10k.htm,2019-02-06,cached,cached_edgar/875045/000087504519000006/biib-20181231x10k.htm
BIIB,875045.0,2020,0000875045-20-000005,biib-20191231x10k.htm,2020-02-06,cached,cached_edgar/875045/000087504520000005/biib-20191231x10k.htm
BIIB,875045.0,2025,0000875045-25-000009,biib-20241231.htm,2025-02-12,cached,cached_edgar/875045/000087504525000009/biib-20241231.htm
DXCM,1093557.0,2019,0001093557-19-000041,dxcm-12312018x10k.htm,2019-02-21,cached,cached_edgar/1093557/000109355719000041/dxcm-12312018x10k.htm
DXCM,1093557.0,2020,0001093557-20-000029,dxcm-12312019x10kasof1.htm,2020-02-13,cached,cached_edgar/1093557/000109355720000029/dxcm-12312019x10kasof1.htm
DXCM,1093557.0,2025,0001093557-25-000036,dxcm-20241231.htm,2025-02-18,cached,cached_edgar/1093557/000109355725000036/dxcm-20241231.htm
PPG,79879.0,2019,,,,no_filing_for_year,
PPG,79879.0,2020,,,,no_filing_for_year,
PPG,79879.0,2025,0000079879-25-000034,ppg-20241231.htm,2025-02-20,cached,cached_edgar/79879/000007987925000034/ppg-20241231.htm
PAYX,723531.0,2019,0000723531-19-000032,payx-20190531x10k.htm,2019-07-24,cached,cached_edgar/723531/000072353119000032/payx-20190531x10k.htm
PAYX,723531.0,2020,0000723531-20-000048,payx-20200531x10k.htm,2020-07-17,cached,cached_edgar/723531/000072353120000048/payx-20200531x10k.htm
PAYX,723531.0,2025,0000950170-25-095300,payx-20250531.htm,2025-07-11,cached,cached_edgar/723531/000095017025095300/payx-20250531.htm
RJF,720005.0,2019,0000720005-19-000086,rjf-20190930x10k.htm,2019-11-26,cached,cached_edgar/720005/000072000519000086/rjf-20190930x10k.htm
RJF,720005.0,2020,0000720005-20-000063,rjf-20200930.htm,2020-11-24,cached,cached_edgar/720005/000072000520000063/rjf-20200930.htm
RJF,720005.0,2025,0000720005-25-000093,rjf-20250930.htm,2025-11-25,cached,cached_edgar/720005/000072000525000093/rjf-20250930.htm
TSCO,916365.0,2019,0000916365-19-000035,a2018q4form10-k.htm,2019-02-21,cached,cached_edgar/916365/000091636519000035/a2018q4form10-k.htm
TSCO,916365.0,2020,0000916365-20-000050,tsco-20191228.htm,2020-02-20,cached,cached_edgar/916365/000091636520000050/tsco-20191228.htm
TSCO,916365.0,2025,0000916365-25-000076,tsco-20241228.htm,2025-02-20,cached,cached_edgar/916365/000091636525000076/tsco-20241228.htm
EL,1001250.0,2019,,,,no_filing_for_year,
EL,1001250.0,2020,0001001250-20-000065,el-20200630.htm,2020-08-28,cached,cached_edgar/1001250/000100125020000065/el-20200630.htm
EL,1001250.0,2025,0001001250-25-000099,el-20250630.htm,2025-08-20,cached,cached_edgar/1001250/000100125025000099/el-20250630.htm
WDAY,1327811.0,2019,0001327811-19-000038,wday-01312019x10k.htm,2019-03-18,cached,cached_edgar/1327811/000132781119000038/wday-01312019x10k.htm
WDAY,1327811.0,2020,0001327811-20-000022,wday-20200131.htm,2020-03-03,cached,cached_edgar/1327811/000132781120000022/wday-20200131.htm
WDAY,1327811.0,2025,0001327811-25-000056,wday-20250131.htm,2025-03-11,cached,cached_edgar/1327811/000132781125000056/wday-20250131.htm
PPL,922224.0,2019,0000922224-19-000015,ppl-1231201810k.htm,2019-02-14,cached,cached_edgar/922224/000092222419000015/ppl-1231201810k.htm
PPL,922224.0,2020,0000922224-20-000005,ppl-1231201910k.htm,2020-02-14,cached,cached_edgar/922224/000092222420000005/ppl-1231201910k.htm
PPL,922224.0,2025,0000922224-25-000009,ppl-20241231.htm,2025-02-13,cached,cached_edgar/922224/000092222425000009/ppl-20241231.htm
CNP,1130310.0,2019,0001130310-19-000016,cnp_10kx12312018.htm,2019-02-28,cached,cached_edgar/1130310/000113031019000016/cnp_10kx12312018.htm
CNP,1130310.0,2020,0001130310-20-000016,cnp10k12312019.htm,2020-02-27,cached,cached_edgar/1130310/000113031020000016/cnp10k12312019.htm
CNP,1130310.0,2025,0001130310-25-000040,cnp-20241231.htm,2025-02-20,cached,cached_edgar/1130310/000113031025000040/cnp-20241231.htm
HUBB,48898.0,2019,0001628280-19-001446,hubb-20181231x10k.htm,2019-02-15,cached,cached_edgar/48898/000162828019001446/hubb-20181231x10k.htm
HUBB,48898.0,2020,0001628280-20-001557,hubb-20191231x10k.htm,2020-02-14,cached,cached_edgar/48898/000162828020001557/hubb-20191231x10k.htm
HUBB,48898.0,2025,0001628280-25-005311,hubb-20241231.htm,2025-02-13,cached,cached_edgar/48898/000162828025005311/hubb-20241231.htm
JBL,898293.0,2019,0001193125-19-271646,d782178d10k.htm,2019-10-22,cached,cached_edgar/898293/000119312519271646/d782178d10k.htm
JBL,898293.0,2020,0001193125-20-274411,d25678d10k.htm,2020-10-22,cached,cached_edgar/898293/000119312520274411/d25678d10k.htm
JBL,898293.0,2025,0001628280-25-045293,jbl-20250831.htm,2025-10-17,cached,cached_edgar/898293/000162828025045293/jbl-20250831.htm
ES,72741.0,2019,0000072741-19-000017,a201810kdocument.htm,2019-02-26,cached,cached_edgar/72741/000007274119000017/a201810kdocument.htm
ES,72741.0,2020,0000072741-20-000008,a201910kdocument.htm,2020-02-27,cached,cached_edgar/72741/000007274120000008/a201910kdocument.htm
ES,72741.0,2025,0000072741-25-000007,es-20241231.htm,2025-02-14,cached,cached_edgar/72741/000007274125000007/es-20241231.htm
WTW,1140536.0,2019,,,,no_filing_for_year,
WTW,1140536.0,2020,,,,no_filing_for_year,
WTW,1140536.0,2025,0000950170-25-026278,wtw-20241231.htm,2025-02-25,cached,cached_edgar/1140536/000095017025026278/wtw-20241231.htm
IQV,1478242.0,2019,0001564590-19-003180,iqv-10k_20181231.htm,2019-02-19,cached,cached_edgar/1478242/000156459019003180/iqv-10k_20181231.htm
IQV,1478242.0,2020,0001564590-20-004901,iqv-10k_20191231.htm,2020-02-18,cached,cached_edgar/1478242/000156459020004901/iqv-10k_20191231.htm
IQV,1478242.0,2025,0001478242-25-000045,iqv-20241231.htm,2025-02-13,cached,cached_edgar/1478242/000147824225000045/iqv-20241231.htm
FE,1031296.0,2019,0001031296-19-000015,fe-12312018x10ka.htm,2019-03-06,cached,cached_edgar/1031296/000103129619000015/fe-12312018x10ka.htm
FE,1031296.0,2020,0001031296-20-000043,fe-20191231.htm,2020-11-19,cached,cached_edgar/1031296/000103129620000043/fe-20191231.htm
FE,1031296.0,2025,0001031296-25-000006,fe-20241231.htm,2025-02-27,cached,cached_edgar/1031296/000103129625000006/fe-20241231.htm
PHM,822416.0,2019,0000822416-19-000008,a201810-k.htm,2019-01-31,cached,cached_edgar/822416/000082241619000008/a201810-k.htm
PHM,822416.0,2020,0000822416-20-000007,a201910-k.htm,2020-01-30,cached,cached_edgar/822416/000082241620000007/a201910-k.htm
PHM,822416.0,2025,0000822416-25-000007,phm-20241231.htm,2025-02-06,cached,cached_edgar/822416/000082241625000007/phm-20241231.htm
XYZ,1512673.0,2019,,,,no_filing_for_year,
XYZ,1512673.0,2020,,,,no_filing_for_year,
XYZ,1512673.0,2025,0001628280-25-007376,sq-20241231.htm,2025-02-24,cached,cached_edgar/1512673/000162828025007376/sq-20241231.htm
NTRA,1604821.0,2019,,,,no_filing_for_year,
NTRA,1604821.0,2020,,,,no_filing_for_year,
NTRA,1604821.0,2025,0001558370-25-001869,ntra-20241231x10k.htm,2025-02-28,cached,cached_edgar/1604821/000155837025001869/ntra-20241231x10k.htm
CW,26324.0,2019,0000026324-19-000003,a20181231-10k.htm,2019-02-27,cached,cached_edgar/26324/000002632419000003/a20181231-10k.htm
CW,26324.0,2020,0000026324-20-000004,cw-20191231.htm,2020-02-27,cached,cached_edgar/26324/000002632420000004/cw-20191231.htm
CW,26324.0,2025,0000026324-25-000015,cw-20241231.htm,2025-02-13,cached,cached_edgar/26324/000002632425000015/cw-20241231.htm
CFG,759944.0,2019,0000759944-19-000024,citizens10-kx2018.htm,2019-02-21,cached,cached_edgar/759944/000075994419000024/citizens10-kx2018.htm
CFG,759944.0,2020,0000759944-20-000030,citizens10-kx2019.htm,2020-02-24,cached,cached_edgar/759944/000075994420000030/citizens10-kx2019.htm
CFG,759944.0,2025,0000759944-25-000013,cfg-20241231.htm,2025-02-13,cached,cached_edgar/759944/000075994425000013/cfg-20241231.htm
NTRS,73124.0,2019,,,,no_filing_for_year,
NTRS,73124.0,2020,0000073124-20-000101,a201910-k.htm,2020-02-25,cached,cached_edgar/73124/000007312420000101/a201910-k.htm
NTRS,73124.0,2025,0000073124-25-000105,ntrs-20241231.htm,2025-02-24,cached,cached_edgar/73124/000007312425000105/ntrs-20241231.htm
DVN,1090012.0,2019,0001564590-19-003382,dvn-10k_20181231.htm,2019-02-20,cached,cached_edgar/1090012/000156459019003382/dvn-10k_20181231.htm
DVN,1090012.0,2020,0001564590-20-005182,dvn-10k_20191231.htm,2020-02-19,cached,cached_edgar/1090012/000156459020005182/dvn-10k_20191231.htm
DVN,1090012.0,2025,0000950170-25-022844,dvn-20241231.htm,2025-02-19,cached,cached_edgar/1090012/000095017025022844/dvn-20241231.htm
STLD,1022671.0,2019,0001144204-19-010579,stld-20181231x10k.htm,2019-02-27,cached,cached_edgar/1022671/000114420419010579/stld-20181231x10k.htm
STLD,1022671.0,2020,0001558370-20-001641,stld-20191231x10kf63a8c.htm,2020-02-27,cached,cached_edgar/1022671/000155837020001641/stld-20191231x10kf63a8c.htm
STLD,1022671.0,2025,0001558370-25-001886,stld-20241231x10k.htm,2025-02-28,cached,cached_edgar/1022671/000155837025001886/stld-20241231x10k.htm
VRSK,1442145.0,2019,0001442145-19-000012,vrsk10k12312018.htm,2019-02-19,cached,cached_edgar/1442145/000144214519000012/vrsk10k12312018.htm
VRSK,1442145.0,2020,0001442145-20-000012,vrsk10k12312019.htm,2020-02-18,cached,cached_edgar/1442145/000144214520000012/vrsk10k12312019.htm
VRSK,1442145.0,2025,0001437749-25-005160,vrsk20241231_10k.htm,2025-02-26,cached,cached_edgar/1442145/000143774925005160/vrsk20241231_10k.htm
FTI,1681459.0,2019,0001681459-19-000011,technipfmc20181231-10k.htm,2019-03-11,cached,cached_edgar/1681459/000168145919000011/technipfmc20181231-10k.htm
FTI,1681459.0,2020,0001681459-20-000004,technipfmc20191231-10k.htm,2020-03-03,cached,cached_edgar/1681459/000168145920000004/technipfmc20191231-10k.htm
FTI,1681459.0,2025,0001681459-25-000036,fti-20241231.htm,2025-02-27,cached,cached_edgar/1681459/000168145925000036/fti-20241231.htm
HPE,1645590.0,2019,0001645590-19-000044,hpe-10312019x10k.htm,2019-12-13,cached,cached_edgar/1645590/000164559019000044/hpe-10312019x10k.htm
HPE,1645590.0,2020,0001645590-20-000056,hpe-20201031.htm,2020-12-10,cached,cached_edgar/1645590/000164559020000056/hpe-20201031.htm
HPE,1645590.0,2025,0001645590-25-000130,hpe-20251031.htm,2025-12-18,cached,cached_edgar/1645590/000164559025000130/hpe-20251031.htm
OMC,29989.0,2019,0000029989-19-000007,a2018q410-k.htm,2019-02-12,cached,cached_edgar/29989/000002998919000007/a2018q410-k.htm
OMC,29989.0,2020,0000029989-20-000005,omc-20191231.htm,2020-02-11,cached,cached_edgar/29989/000002998920000005/omc-20191231.htm
OMC,29989.0,2025,0000029989-25-000009,omc-20241231.htm,2025-02-05,cached,cached_edgar/29989/000002998925000009/omc-20241231.htm
AWK,1410636.0,2019,0001410636-19-000041,a12312018-awkx10kdocument.htm,2019-02-19,cached,cached_edgar/1410636/000141063619000041/a12312018-awkx10kdocument.htm
AWK,1410636.0,2020,0001410636-20-000040,a12312019-awkx10kdocum.htm,2020-02-18,cached,cached_edgar/1410636/000141063620000040/a12312019-awkx10kdocum.htm
AWK,1410636.0,2025,0001410636-25-000022,awk-20241231.htm,2025-02-19,cached,cached_edgar/1410636/000141063625000022/awk-20241231.htm
VEEV,1393052.0,2019,,,,no_filing_for_year,
VEEV,1393052.0,2020,0001628280-20-004385,veev-20200131x10k.htm,2020-03-30,cached,cached_edgar/1393052/000162828020004385/veev-20200131x10k.htm
VEEV,1393052.0,2025,0001393052-25-000022,veev-20250131.htm,2025-03-24,cached,cached_edgar/1393052/000139305225000022/veev-20250131.htm
DLTR,935703.0,2019,0000935703-19-000024,dltr-2019x02x02x10k.htm,2019-03-27,cached,cached_edgar/935703/000093570319000024/dltr-2019x02x02x10k.htm
DLTR,935703.0,2020,0000935703-20-000006,dltr-2020x02x01x10k.htm,2020-03-20,cached,cached_edgar/935703/000093570320000006/dltr-2020x02x01x10k.htm
DLTR,935703.0,2025,0000935703-25-000015,dltr-20250201.htm,2025-03-26,cached,cached_edgar/935703/000093570325000015/dltr-20250201.htm
CHD,313927.0,2019,,,,no_filing_for_year,
CHD,313927.0,2020,,,,no_filing_for_year,
CHD,313927.0,2025,0000950170-25-019801,chd-20241231.htm,2025-02-13,cached,cached_edgar/313927/000095017025019801/chd-20241231.htm
MKL,1096343.0,2019,0001096343-19-000074,mkl_12312018x10k.htm,2019-02-28,cached,cached_edgar/1096343/000109634319000074/mkl_12312018x10k.htm
MKL,1096343.0,2020,0001096343-20-000039,mkl1231201910k.htm,2020-02-21,cached,cached_edgar/1096343/000109634320000039/mkl1231201910k.htm
MKL,1096343.0,2025,0001096343-25-000027,mkl-20241231.htm,2025-02-24,cached,cached_edgar/1096343/000109634325000027/mkl-20241231.htm
SYF,1601712.0,2019,,,,no_filing_for_year,
SYF,1601712.0,2020,,,,no_filing_for_year,
SYF,1601712.0,2025,0001601712-25-000044,syf-20241231.htm,2025-02-07,cached,cached_edgar/1601712/000160171225000044/syf-20241231.htm
FIS,1136893.0,2019,0001136893-19-000008,a10-k2018.htm,2019-02-21,cached,cached_edgar/1136893/000113689319000008/a10-k2018.htm
FIS,1136893.0,2020,0001136893-20-000032,a10-k2019.htm,2020-02-20,cached,cached_edgar/1136893/000113689320000032/a10-k2019.htm
FIS,1136893.0,2025,0001136893-25-000014,fis-20241231.htm,2025-02-13,cached,cached_edgar/1136893/000113689325000014/fis-20241231.htm
RF,1281761.0,2019,0001281761-19-000019,rf-20181231x10k.htm,2019-02-22,cached,cached_edgar/1281761/000128176119000019/rf-20181231x10k.htm
RF,1281761.0,2020,0001281761-20-000010,rf-20191231x10k.htm,2020-02-21,cached,cached_edgar/1281761/000128176120000010/rf-20191231x10k.htm
RF,1281761.0,2025,0001281761-25-000010,rf-20241231.htm,2025-02-21,cached,cached_edgar/1281761/000128176125000010/rf-20241231.htm
CASY,726958.0,2019,0000726958-19-000078,casy-2019430x10k.htm,2019-06-28,cached,cached_edgar/726958/000072695819000078/casy-2019430x10k.htm
CASY,726958.0,2020,0000726958-20-000085,casy-2020430x10k.htm,2020-06-26,cached,cached_edgar/726958/000072695820000085/casy-2020430x10k.htm
CASY,726958.0,2025,0000726958-25-000065,casy-20250430.htm,2025-06-23,cached,cached_edgar/726958/000072695825000065/casy-20250430.htm
AVB,915912.0,2019,0000915912-19-000006,a10-ka.htm,2019-03-15,cached,cached_edgar/915912/000091591219000006/a10-ka.htm
AVB,915912.0,2020,0000915912-20-000004,a201910-k.htm,2020-02-21,cached,cached_edgar/915912/000091591220000004/a201910-k.htm
AVB,915912.0,2025,0000915912-25-000005,avb-20241231.htm,2025-02-27,cached,cached_edgar/915912/000091591225000005/avb-20241231.htm
LYV,1335258.0,2019,0001335258-19-000086,lyv-20181231x10ka.htm,2019-06-28,cached,cached_edgar/1335258/000133525819000086/lyv-20181231x10ka.htm
LYV,1335258.0,2020,0001335258-20-000134,lyv-20191231.htm,2020-06-30,cached,cached_edgar/1335258/000133525820000134/lyv-20191231.htm
LYV,1335258.0,2025,0001335258-25-000028,lyv-20241231.htm,2025-02-21,cached,cached_edgar/1335258/000133525825000028/lyv-20241231.htm
CINF,20286.0,2019,0000020286-19-000012,cinf-20181231x10k.htm,2019-02-22,cached,cached_edgar/20286/000002028619000012/cinf-20181231x10k.htm
CINF,20286.0,2020,0000020286-20-000011,cinf-20191231x10k.htm,2020-02-25,cached,cached_edgar/20286/000002028620000011/cinf-20191231x10k.htm
CINF,20286.0,2025,0000020286-25-000009,cinf-20241231.htm,2025-02-24,cached,cached_edgar/20286/000002028625000009/cinf-20241231.htm
DRI,940944.0,2019,0000940944-19-000025,dri-201910xk.htm,2019-07-19,cached,cached_edgar/940944/000094094419000025/dri-201910xk.htm
DRI,940944.0,2020,0000940944-20-000046,dri-202010xk.htm,2020-07-24,cached,cached_edgar/940944/000094094420000046/dri-202010xk.htm
DRI,940944.0,2025,0000940944-25-000038,dri-20250525.htm,2025-07-18,cached,cached_edgar/940944/000094094425000038/dri-20250525.htm
LPLA,1397911.0,2019,0001397911-19-000018,lpla2018123110-k.htm,2019-02-26,cached,cached_edgar/1397911/000139791119000018/lpla2018123110-k.htm
LPLA,1397911.0,2020,0001397911-20-000023,lpla2019123110-kx2019.htm,2020-02-21,cached,cached_edgar/1397911/000139791120000023/lpla2019123110-kx2019.htm
LPLA,1397911.0,2025,0001397911-25-000018,lpla-20241231.htm,2025-02-20,cached,cached_edgar/1397911/000139791125000018/lpla-20241231.htm
WSM,719955.0,2019,0001193125-19-097973,d683578d10k.htm,2019-04-04,cached,cached_edgar/719955/000119312519097973/d683578d10k.htm
WSM,719955.0,2020,0001193125-20-088937,d856872d10k.htm,2020-03-27,cached,cached_edgar/719955/000119312520088937/d856872d10k.htm
WSM,719955.0,2025,0001628280-25-015037,wsm-20250202.htm,2025-03-27,cached,cached_edgar/719955/000162828025015037/wsm-20250202.htm
FSLR,1274494.0,2019,0001274494-19-000004,fslr10-k12x31x2018.htm,2019-02-22,cached,cached_edgar/1274494/000127449419000004/fslr10-k12x31x2018.htm
FSLR,1274494.0,2020,0001274494-20-000011,fslr10-k12x31x2019.htm,2020-02-21,cached,cached_edgar/1274494/000127449420000011/fslr10-k12x31x2019.htm
FSLR,1274494.0,2025,0001274494-25-000010,fslr-20241231.htm,2025-02-25,cached,cached_edgar/1274494/000127449425000010/fslr-20241231.htm
MDB,1441816.0,2019,0001441816-19-000067,mdb-013119x10k.htm,2019-04-01,cached,cached_edgar/1441816/000144181619000067/mdb-013119x10k.htm
MDB,1441816.0,2020,0001441816-20-000067,mdb-013120x10k.htm,2020-03-27,cached,cached_edgar/1441816/000144181620000067/mdb-013120x10k.htm
MDB,1441816.0,2025,0001441816-25-000057,mdb-20250131.htm,2025-03-21,cached,cached_edgar/1441816/000144181625000057/mdb-20250131.htm
Q,,2019,,,,missing_cik,
Q,,2020,,,,missing_cik,
Q,,2025,,,,missing_cik,
CPNG,1834584.0,2019,,,,no_filing_for_year,
CPNG,1834584.0,2020,,,,no_filing_for_year,
CPNG,1834584.0,2025,0001834584-25-000030,cpng-20241231.htm,2025-02-25,cached,cached_edgar/1834584/000183458425000030/cpng-20241231.htm
GIS,40704.0,2019,0001193125-19-184675,d725716d10k.htm,2019-06-28,cached,cached_edgar/40704/000119312519184675/d725716d10k.htm
GIS,40704.0,2020,0001193125-20-186469,d89717d10k.htm,2020-07-02,cached,cached_edgar/40704/000119312520186469/d89717d10k.htm
GIS,40704.0,2025,0001193125-25-147079,d938443d10k.htm,2025-06-26,cached,cached_edgar/40704/000119312525147079/d938443d10k.htm
FLEX,866374.0,2019,0000866374-19-000006,flex331201910-k.htm,2019-05-21,cached,cached_edgar/866374/000086637419000006/flex331201910-k.htm
FLEX,866374.0,2020,0000866374-20-000009,flex331202010-k.htm,2020-05-28,cached,cached_edgar/866374/000086637420000009/flex331202010-k.htm
FLEX,866374.0,2025,0000866374-25-000027,flex-20250331.htm,2025-05-21,cached,cached_edgar/866374/000086637425000027/flex-20250331.htm
EFX,33185.0,2019,0000033185-19-000007,efx10k20181231.htm,2019-02-21,cached,cached_edgar/33185/000003318519000007/efx10k20181231.htm
EFX,33185.0,2020,0000033185-20-000011,efx-20191231.htm,2020-02-20,cached,cached_edgar/33185/000003318520000011/efx-20191231.htm
EFX,33185.0,2025,0000033185-25-000025,efx-20241231.htm,2025-02-20,cached,cached_edgar/33185/000003318525000025/efx-20241231.htm
STE,1757898.0,2019,0001757898-19-000005,ste3312019.htm,2019-05-30,cached,cached_edgar/1757898/000175789819000005/ste3312019.htm
STE,1757898.0,2020,0001757898-20-000012,ste03312020.htm,2020-05-29,cached,cached_edgar/1757898/000175789820000012/ste03312020.htm
STE,1757898.0,2025,0001757898-25-000005,ste-20250331.htm,2025-05-29,cached,cached_edgar/1757898/000175789825000005/ste-20250331.htm
EQR,906107.0,2019,0001564590-19-003683,eqr-10k_20181231.htm,2019-02-21,cached,cached_edgar/906107/000156459019003683/eqr-10k_20181231.htm
EQR,906107.0,2020,0001564590-20-005562,eqr-10k_20191231.htm,2020-02-20,cached,cached_edgar/906107/000156459020005562/eqr-10k_20191231.htm
EQR,906107.0,2025,0000950170-25-019894,eqr-20241231.htm,2025-02-13,cached,cached_edgar/906107/000095017025019894/eqr-20241231.htm
LH,920148.0,2019,0000920148-19-000033,lh10-k2018.htm,2019-02-28,cached,cached_edgar/920148/000092014819000033/lh10-k2018.htm
LH,920148.0,2020,0000920148-20-000016,lh10-ka2019.htm,2020-03-05,cached,cached_edgar/920148/000092014820000016/lh10-ka2019.htm
LH,920148.0,2025,0000920148-25-000032,lh-20241231.htm,2025-02-25,cached,cached_edgar/920148/000092014825000032/lh-20241231.htm
LEN,920760.0,2019,0001628280-19-000598,len-20181130x10k.htm,2019-01-28,cached,cached_edgar/920760/000162828019000598/len-20181130x10k.htm
LEN,920760.0,2020,0001628280-20-000559,len-20191130x10k.htm,2020-01-27,cached,cached_edgar/920760/000162828020000559/len-20191130x10k.htm
LEN,920760.0,2025,0001628280-25-002404,len-20241130.htm,2025-01-23,cached,cached_edgar/920760/000162828025002404/len-20241130.htm
LUV,92380.0,2019,0000092380-19-000022,luv-12312018x10k.htm,2019-02-05,cached,cached_edgar/92380/000009238019000022/luv-12312018x10k.htm
LUV,92380.0,2020,0000092380-20-000024,luv-12312019x10k.htm,2020-02-04,cached,cached_edgar/92380/000009238020000024/luv-12312019x10k.htm
LUV,92380.0,2025,0000092380-25-000024,luv-20241231.htm,2025-02-07,cached,cached_edgar/92380/000009238025000024/luv-20241231.htm
SW,2005951.0,2019,,,,no_filing_for_year,
SW,2005951.0,2020,,,,no_filing_for_year,
SW,2005951.0,2025,0002005951-25-000005,smur-20241231.htm,2025-03-07,cached,cached_edgar/2005951/000200595125000005/smur-20241231.htm
RGLD,85535.0,2019,0001558370-19-007532,rgld-20190630x10k.htm,2019-08-08,cached,cached_edgar/85535/000155837019007532/rgld-20190630x10k.htm
RGLD,85535.0,2020,0001558370-20-009452,rgld-20200630x10k.htm,2020-08-06,cached,cached_edgar/85535/000155837020009452/rgld-20200630x10k.htm
RGLD,85535.0,2025,0000085535-25-000012,rgld-20241231.htm,2025-02-13,cached,cached_edgar/85535/000008553525000012/rgld-20241231.htm
WWD,108312.0,2019,0000108312-19-000017,wwd-20190930x10k.htm,2019-11-25,cached,cached_edgar/108312/000010831219000017/wwd-20190930x10k.htm
WWD,108312.0,2020,0001564590-20-054809,wwd-10k_20200930.htm,2020-11-20,cached,cached_edgar/108312/000156459020054809/wwd-10k_20200930.htm
WWD,108312.0,2025,0001193125-25-296204,wwd-20250930.htm,2025-11-25,cached,cached_edgar/108312/000119312525296204/wwd-20250930.htm
DGX,1022079.0,2019,0001022079-19-000030,dgx1231201810-k.htm,2019-02-21,cached,cached_edgar/1022079/000102207919000030/dgx1231201810-k.htm
DGX,1022079.0,2020,0001022079-20-000017,dgx1231201910-k.htm,2020-02-20,cached,cached_edgar/1022079/000102207920000017/dgx1231201910-k.htm
DGX,1022079.0,2025,0001022079-25-000044,dgx-20241231.htm,2025-02-20,cached,cached_edgar/1022079/000102207925000044/dgx-20241231.htm
EXE,895126.0,2019,0000895126-19-000070,chk-20181231_10k.htm,2019-02-27,cached,cached_edgar/895126/000089512619000070/chk-20181231_10k.htm
EXE,895126.0,2020,0000895126-20-000108,chk-2019123110kxa.htm,2020-04-29,cached,cached_edgar/895126/000089512620000108/chk-2019123110kxa.htm
EXE,895126.0,2025,0000895126-25-000021,exe-20241231.htm,2025-02-26,cached,cached_edgar/895126/000089512625000021/exe-20241231.htm
EXPE,1324424.0,2019,0001324424-19-000013,a201810-ka.htm,2019-04-29,cached,cached_edgar/1324424/000132442419000013/a201810-ka.htm
EXPE,1324424.0,2020,0001324424-20-000027,q42019-10kaproxy.htm,2020-04-29,cached,cached_edgar/1324424/000132442420000027/q42019-10kaproxy.htm
EXPE,1324424.0,2025,0001324424-25-000008,expe-20241231.htm,2025-02-07,cached,cached_edgar/1324424/000132442425000008/expe-20241231.htm
XPO,1166003.0,2019,0001166003-19-000021,xpo201810-k.htm,2019-02-14,cached,cached_edgar/1166003/000116600319000021/xpo201810-k.htm
XPO,1166003.0,2020,0001166003-20-000028,xpo201910-k.htm,2020-02-10,cached,cached_edgar/1166003/000116600320000028/xpo201910-k.htm
XPO,1166003.0,2025,0001166003-25-000017,xpo-20241231.htm,2025-02-07,cached,cached_edgar/1166003/000116600325000017/xpo-20241231.htm
CPAY,1175454.0,2019,0001175454-19-000004,flt_10-kx12312018.htm,2019-03-01,cached,cached_edgar/1175454/000117545419000004/flt_10-kx12312018.htm
CPAY,1175454.0,2020,0001175454-20-000008,flt10-k12312019.htm,2020-03-02,cached,cached_edgar/1175454/000117545420000008/flt10-k12312019.htm
CPAY,1175454.0,2025,0001628280-25-008746,flt-20241231.htm,2025-02-27,cached,cached_edgar/1175454/000162828025008746/flt-20241231.htm
IP,51434.0,2019,0000051434-19-000007,a10-k123118.htm,2019-02-20,cached,cached_edgar/51434/000005143419000007/a10-k123118.htm
IP,51434.0,2020,0000051434-20-000011,a10-k123119.htm,2020-02-19,cached,cached_edgar/51434/000005143420000011/a10-k123119.htm
IP,51434.0,2025,0000051434-25-000013,ip-20241231.htm,2025-02-21,cached,cached_edgar/51434/000005143425000013/ip-20241231.htm
STZ,16918.0,2019,0000016918-19-000024,stz228201910k.htm,2019-04-23,cached,cached_edgar/16918/000001691819000024/stz228201910k.htm
STZ,16918.0,2020,0000016918-20-000078,stz229202010k.htm,2020-04-21,cached,cached_edgar/16918/000001691820000078/stz229202010k.htm
STZ,16918.0,2025,0000016918-25-000022,stz-20250228.htm,2025-04-23,cached,cached_edgar/16918/000001691825000022/stz-20250228.htm
CMS,811156.0,2019,0000811156-19-000003,consumersenergy10k12312018.htm,2019-02-05,cached,cached_edgar/811156/000081115619000003/consumersenergy10k12312018.htm
CMS,811156.0,2020,0000811156-20-000004,a2019form10-kxcmsenerg.htm,2020-02-06,cached,cached_edgar/811156/000081115620000004/a2019form10-kxcmsenerg.htm
CMS,811156.0,2025,0000811156-25-000036,cms-20241231.htm,2025-02-11,cached,cached_edgar/811156/000081115625000036/cms-20241231.htm
CTRA,858470.0,2019,0000858470-19-000008,cog-12312018x10k.htm,2019-02-26,cached,cached_edgar/858470/000085847019000008/cog-12312018x10k.htm
CTRA,858470.0,2020,0000858470-20-000012,cog-12312019x10k.htm,2020-02-25,cached,cached_edgar/858470/000085847020000012/cog-12312019x10k.htm
CTRA,858470.0,2025,0000858470-25-000075,cog-20241231.htm,2025-02-25,cached,cached_edgar/858470/000085847025000075/cog-20241231.htm
ZM,1585521.0,2019,,,,no_filing_for_year,
ZM,1585521.0,2020,0001585521-20-000095,zm-20200131.htm,2020-03-20,cached,cached_edgar/1585521/000158552120000095/zm-20200131.htm
ZM,1585521.0,2025,0001585521-25-000042,zm-20250131.htm,2025-02-28,cached,cached_edgar/1585521/000158552125000042/zm-20250131.htm
AMCR,1748790.0,2019,0001748790-19-000003,amcor-2019form10xkxjune302.htm,2019-09-03,cached,cached_edgar/1748790/000174879019000003/amcor-2019form10xkxjune302.htm
AMCR,1748790.0,2020,0001748790-20-000025,amcr-20200630.htm,2020-08-27,cached,cached_edgar/1748790/000174879020000025/amcr-20200630.htm
AMCR,1748790.0,2025,0001748790-25-000023,amcr-20250630.htm,2025-08-15,cached,cached_edgar/1748790/000174879025000023/amcr-20250630.htm
SOFI,1818874.0,2019,,,,no_filing_for_year,
SOFI,1818874.0,2020,,,,no_filing_for_year,
SOFI,1818874.0,2025,0001818874-25-000016,sofi-20241231.htm,2025-02-24,cached,cached_edgar/1818874/000181887425000016/sofi-20241231.htm
ATI,1018963.0,2019,0001018963-19-000007,atify201810-k.htm,2019-02-28,cached,cached_edgar/1018963/000101896319000007/atify201810-k.htm
ATI,1018963.0,2020,0001018963-20-000004,atify201910-k.htm,2020-02-25,cached,cached_edgar/1018963/000101896320000004/atify201910-k.htm
ATI,1018963.0,2025,0001628280-25-007092,ati-20241229.htm,2025-02-21,cached,cached_edgar/1018963/000162828025007092/ati-20241229.htm
VLTO,1967680.0,2019,,,,no_filing_for_year,
VLTO,1967680.0,2020,,,,no_filing_for_year,
VLTO,1967680.0,2025,0001967680-25-000008,vlto-20241231.htm,2025-02-25,cached,cached_edgar/1967680/000196768025000008/vlto-20241231.htm
QSR,1618756.0,2019,0001618756-19-000005,qsr_20181231x10krounding.htm,2019-02-22,cached,cached_edgar/1618756/000161875619000005/qsr_20181231x10krounding.htm
QSR,1618756.0,2020,0001618756-20-000004,qsr2019123110k.htm,2020-02-21,cached,cached_edgar/1618756/000161875620000004/qsr2019123110k.htm
QSR,1618756.0,2025,0001618756-25-000087,qsr-20241231.htm,2025-02-21,cached,cached_edgar/1618756/000161875625000087/qsr-20241231.htm
LDOS,1336920.0,2019,,,,no_filing_for_year,
LDOS,1336920.0,2020,0001336920-20-000023,ldos01032020form10-k.htm,2020-02-18,cached,cached_edgar/1336920/000133692020000023/ldos01032020form10-k.htm
LDOS,1336920.0,2025,0001336920-25-000006,ldos-20250103.htm,2025-02-11,cached,cached_edgar/1336920/000133692025000006/ldos-20250103.htm
USFD,1665918.0,2019,0001665918-19-000012,usfd12291810k.htm,2019-02-14,cached,cached_edgar/1665918/000166591819000012/usfd12291810k.htm
USFD,1665918.0,2020,0001665918-20-000012,usfd12281910k.htm,2020-02-13,cached,cached_edgar/1665918/000166591820000012/usfd12281910k.htm
USFD,1665918.0,2025,0001665918-25-000017,usfd-20241228.htm,2025-02-13,cached,cached_edgar/1665918/000166591825000017/usfd-20241228.htm
ARES,1176948.0,2019,0001628280-19-001988,aresmanagement201810-k.htm,2019-02-26,cached,cached_edgar/1176948/000162828019001988/aresmanagement201810-k.htm
ARES,1176948.0,2020,0001628280-20-002489,ares-20191231.htm,2020-02-28,cached,cached_edgar/1176948/000162828020002489/ares-20191231.htm
ARES,1176948.0,2025,0001628280-25-008665,ares-20241231.htm,2025-02-27,cached,cached_edgar/1176948/000162828025008665/ares-20241231.htm
ALB,915913.0,2019,0000915913-19-000021,a1231201810-kdocument.htm,2019-02-27,cached,cached_edgar/915913/000091591319000021/a1231201810-kdocument.htm
ALB,915913.0,2020,0000915913-20-000089,a1231201910-kadocument.htm,2020-04-15,cached,cached_edgar/915913/000091591320000089/a1231201910-kadocument.htm
ALB,915913.0,2025,0000915913-25-000077,alb-20241231.htm,2025-03-31,cached,cached_edgar/915913/000091591325000077/alb-20241231.htm
DOW,1751788.0,2019,,,,no_filing_for_year,
DOW,1751788.0,2020,0001751788-20-000007,dowinc201910k.htm,2020-02-07,cached,cached_edgar/1751788/000175178820000007/dowinc201910k.htm
DOW,1751788.0,2025,0001751788-25-000012,dow-20241231.htm,2025-02-04,cached,cached_edgar/1751788/000175178825000012/dow-20241231.htm
SBAC,1034054.0,2019,0001034054-19-000002,sbac-20181231x10k.htm,2019-02-28,cached,cached_edgar/1034054/000103405419000002/sbac-20181231x10k.htm
SBAC,1034054.0,2020,0001034054-20-000003,sbac-20191231x10k.htm,2020-02-24,cached,cached_edgar/1034054/000103405420000003/sbac-20191231x10k.htm
SBAC,1034054.0,2025,0001034054-25-000002,sbac-20241231x10k.htm,2025-02-26,cached,cached_edgar/1034054/000103405425000002/sbac-20241231x10k.htm
NI,1111711.0,2019,0001111711-19-000008,ni-20181231x10k.htm,2019-02-20,cached,cached_edgar/1111711/000111171119000008/ni-20181231x10k.htm
NI,1111711.0,2020,0001111711-20-000013,ni-20191231x10k.htm,2020-02-28,cached,cached_edgar/1111711/000111171120000013/ni-20191231x10k.htm
NI,1111711.0,2025,0001111711-25-000008,nix-20241231.htm,2025-02-12,cached,cached_edgar/1111711/000111171125000008/nix-20241231.htm
DD,1666700.0,2019,0001666700-19-000006,a2018dwdp10-k.htm,2019-02-11,cached,cached_edgar/1666700/000166670019000006/a2018dwdp10-k.htm
DD,1666700.0,2020,0001666700-20-000006,dupont201910-k.htm,2020-02-14,cached,cached_edgar/1666700/000166670020000006/dupont201910-k.htm
DD,1666700.0,2025,0001666700-25-000005,dd-20241231.htm,2025-02-14,cached,cached_edgar/1666700/000166670025000005/dd-20241231.htm
TROW,1113169.0,2019,0001113169-19-000011,a201810k.htm,2019-02-13,cached,cached_edgar/1113169/000111316919000011/a201810k.htm
TROW,1113169.0,2020,0001113169-20-000008,a201910k.htm,2020-02-13,cached,cached_edgar/1113169/000111316920000008/a201910k.htm
TROW,1113169.0,2025,0001113169-25-000007,trow-20241231.htm,2025-02-14,cached,cached_edgar/1113169/000111316925000007/trow-20241231.htm
PSTG,1474432.0,2019,0001628280-19-003437,a10k2019.htm,2019-03-26,cached,cached_edgar/1474432/000162828019003437/a10k2019.htm
PSTG,1474432.0,2020,0001628280-20-004133,pstg-20200202.htm,2020-03-27,cached,cached_edgar/1474432/000162828020004133/pstg-20200202.htm
PSTG,1474432.0,2025,0001628280-25-015044,pstg-20250202.htm,2025-03-27,cached,cached_edgar/1474432/000162828025015044/pstg-20250202.htm
NVR,906163.0,2019,0000906163-19-000029,nvr201810-k.htm,2019-02-13,cached,cached_edgar/906163/000090616319000029/nvr201810-k.htm
NVR,906163.0,2020,0000906163-20-000026,a201910-k.htm,2020-02-19,cached,cached_edgar/906163/000090616320000026/a201910-k.htm
NVR,906163.0,2025,0000906163-25-000011,nvr-20241231.htm,2025-02-12,cached,cached_edgar/906163/000090616325000011/nvr-20241231.htm
KHC,1637459.0,2019,0001637459-19-000049,form10-k2018.htm,2019-06-07,cached,cached_edgar/1637459/000163745919000049/form10-k2018.htm
KHC,1637459.0,2020,0001637459-20-000027,form10-k2019.htm,2020-02-14,cached,cached_edgar/1637459/000163745920000027/form10-k2019.htm
KHC,1637459.0,2025,0001637459-25-000011,khc-20241228.htm,2025-02-13,cached,cached_edgar/1637459/000163745925000011/khc-20241228.htm
HUM,49071.0,2019,0000049071-19-000023,hum-20181231x10k.htm,2019-02-21,cached,cached_edgar/49071/000004907119000023/hum-20181231x10k.htm
HUM,49071.0,2020,0000049071-20-000032,hum-20191231x10k.htm,2020-02-20,cached,cached_edgar/49071/000004907120000032/hum-20191231x10k.htm
HUM,49071.0,2025,0000049071-25-000007,hum-20241231.htm,2025-02-20,cached,cached_edgar/49071/000004907125000007/hum-20241231.htm
IFF,51253.0,2019,,,,no_filing_for_year,
IFF,51253.0,2020,0000051253-20-000007,iff10k2019.htm,2020-03-03,cached,cached_edgar/51253/000005125320000007/iff10k2019.htm
IFF,51253.0,2025,0000051253-25-000013,iff-20241231.htm,2025-02-28,cached,cached_edgar/51253/000005125325000013/iff-20241231.htm
PFG,1126328.0,2019,,,,no_filing_for_year,
PFG,1126328.0,2020,,,,no_filing_for_year,
PFG,1126328.0,2025,0001410578-25-000160,pfg-20241231x10k.htm,2025-02-19,cached,cached_edgar/1126328/000141057825000160/pfg-20241231x10k.htm
CHRW,1043277.0,2019,0001043277-19-000006,chrw10-k2018.htm,2019-02-25,cached,cached_edgar/1043277/000104327719000006/chrw10-k2018.htm
CHRW,1043277.0,2020,0001043277-20-000016,chrw-20191231.htm,2020-02-19,cached,cached_edgar/1043277/000104327720000016/chrw-20191231.htm
CHRW,1043277.0,2025,0001043277-25-000012,chrw-20241231.htm,2025-02-14,cached,cached_edgar/1043277/000104327725000012/chrw-20241231.htm
WRB,11544.0,2019,0000011544-19-000016,wrb1231201810-k.htm,2019-02-22,cached,cached_edgar/11544/000001154419000016/wrb1231201810-k.htm
WRB,11544.0,2020,0000011544-20-000016,wrb1231201910-k.htm,2020-02-20,cached,cached_edgar/11544/000001154420000016/wrb1231201910-k.htm
WRB,11544.0,2025,0000011544-25-000005,wrb-20241231.htm,2025-02-24,cached,cached_edgar/11544/000001154425000005/wrb-20241231.htm
BR,1383312.0,2019,,,,no_filing_for_year,
BR,1383312.0,2020,0001383312-20-000055,br-20200630.htm,2020-08-11,cached,cached_edgar/1383312/000138331220000055/br-20200630.htm
BR,1383312.0,2025,0001628280-25-037656,br-20250630.htm,2025-08-05,cached,cached_edgar/1383312/000162828025037656/br-20250630.htm
THC,70318.0,2019,0000070318-19-000017,thc-2018123110xk.htm,2019-02-25,cached,cached_edgar/70318/000007031819000017/thc-2018123110xk.htm
THC,70318.0,2020,0000070318-20-000014,thc-2019123110xk.htm,2020-02-24,cached,cached_edgar/70318/000007031820000014/thc-2019123110xk.htm
THC,70318.0,2025,0000070318-25-000009,thc-20241231.htm,2025-02-18,cached,cached_edgar/70318/000007031825000009/thc-20241231.htm
CNC,1071739.0,2019,0001071739-19-000032,form10-k.htm,2019-02-19,cached,cached_edgar/1071739/000107173919000032/form10-k.htm
CNC,1071739.0,2020,0001071739-20-000060,form10k.htm,2020-02-18,cached,cached_edgar/1071739/000107173920000060/form10k.htm
CNC,1071739.0,2025,0001071739-25-000027,cnc-20241231.htm,2025-02-18,cached,cached_edgar/1071739/000107173925000027/cnc-20241231.htm
CSGP,1057352.0,2019,0001057352-19-000017,csgp20181231-10k.htm,2019-02-28,cached,cached_edgar/1057352/000105735219000017/csgp20181231-10k.htm
CSGP,1057352.0,2020,0001057352-20-000036,csgp20191231-10k.htm,2020-02-26,cached,cached_edgar/1057352/000105735220000036/csgp20191231-10k.htm
CSGP,1057352.0,2025,0001057352-25-000016,csgp-20241231.htm,2025-02-20,cached,cached_edgar/1057352/000105735225000016/csgp-20241231.htm
ENTG,1101302.0,2019,0001101302-19-000010,entg-12312018x10k.htm,2019-02-11,cached,cached_edgar/1101302/000110130219000010/entg-12312018x10k.htm
ENTG,1101302.0,2020,0001101302-20-000013,entg-12312019x10k.htm,2020-02-07,cached,cached_edgar/1101302/000110130220000013/entg-12312019x10k.htm
ENTG,1101302.0,2025,0001101302-25-000015,entg-20241231.htm,2025-02-12,cached,cached_edgar/1101302/000110130225000015/entg-20241231.htm
BRO,79282.0,2019,0000079282-19-000006,bro-20181231x10k.htm,2019-02-26,cached,cached_edgar/79282/000007928219000006/bro-20181231x10k.htm
BRO,79282.0,2020,0001564590-20-006075,bro-10k_20191231.htm,2020-02-24,cached,cached_edgar/79282/000156459020006075/bro-10k_20191231.htm
BRO,79282.0,2025,0000950170-25-019039,bro-20241231.htm,2025-02-13,cached,cached_edgar/79282/000095017025019039/bro-20241231.htm
PKG,75677.0,2019,0001564590-19-005284,pkg-10k_20181231.htm,2019-02-28,cached,cached_edgar/75677/000156459019005284/pkg-10k_20181231.htm
PKG,75677.0,2020,0001564590-20-006774,pkg-10k_20191231.htm,2020-02-26,cached,cached_edgar/75677/000156459020006774/pkg-10k_20191231.htm
PKG,75677.0,2025,0000950170-25-028533,pkg-20241231.htm,2025-02-27,cached,cached_edgar/75677/000095017025028533/pkg-20241231.htm
UTHR,1082554.0,2019,,,,no_filing_for_year,
UTHR,1082554.0,2020,,,,no_filing_for_year,
UTHR,1082554.0,2025,0001082554-25-000005,uthr-20241231.htm,2025-02-26,cached,cached_edgar/1082554/000108255425000005/uthr-20241231.htm
SNA,91440.0,2019,0000091440-19-000003,sna_fy18x10-kdocument.htm,2019-02-14,cached,cached_edgar/91440/000009144019000003/sna_fy18x10-kdocument.htm
SNA,91440.0,2020,0000091440-20-000004,sna-20191228.htm,2020-02-13,cached,cached_edgar/91440/000009144020000004/sna-20191228.htm
SNA,91440.0,2025,0000091440-25-000010,sna-20241228.htm,2025-02-13,cached,cached_edgar/91440/000009144025000010/sna-20241228.htm
NTAP,1002047.0,2019,0001564590-19-022779,ntap-10k_20190426.htm,2019-06-18,cached,cached_edgar/1002047/000156459019022779/ntap-10k_20190426.htm
NTAP,1002047.0,2020,0001564590-20-029349,ntap-10k_20200424.htm,2020-06-15,cached,cached_edgar/1002047/000156459020029349/ntap-10k_20200424.htm
NTAP,1002047.0,2025,0000950170-25-083705,ntap-20250425.htm,2025-06-09,cached,cached_edgar/1002047/000095017025083705/ntap-20250425.htm
KEY,91576.0,2019,0000091576-19-000009,key-123118x10k.htm,2019-02-25,cached,cached_edgar/91576/000009157619000009/key-123118x10k.htm
KEY,91576.0,2020,0000091576-20-000007,key-123119x10k.htm,2020-02-26,cached,cached_edgar/91576/000009157620000007/key-123119x10k.htm
KEY,91576.0,2025,0000091576-25-000038,key-20241231.htm,2025-02-21,cached,cached_edgar/91576/000009157625000038/key-20241231.htm
ZBH,1136869.0,2019,0001564590-19-004283,zbh-10k_20181231.htm,2019-02-26,cached,cached_edgar/1136869/000156459019004283/zbh-10k_20181231.htm
ZBH,1136869.0,2020,0001564590-20-005657,zbh-10k_20191231.htm,2020-02-21,cached,cached_edgar/1136869/000156459020005657/zbh-10k_20191231.htm
ZBH,1136869.0,2025,0000950170-25-026604,zbh-20241231.htm,2025-02-25,cached,cached_edgar/1136869/000095017025026604/zbh-20241231.htm
BURL,1579298.0,2019,0001564590-19-008656,burl-10k_20190202.htm,2019-03-20,cached,cached_edgar/1579298/000156459019008656/burl-10k_20190202.htm
BURL,1579298.0,2020,0001564590-20-010835,burl-10k_20200201.htm,2020-03-13,cached,cached_edgar/1579298/000156459020010835/burl-10k_20200201.htm
BURL,1579298.0,2025,0000950170-25-040472,burl-20250201.htm,2025-03-17,cached,cached_edgar/1579298/000095017025040472/burl-20250201.htm
NVT,1720635.0,2019,0001720635-19-000013,nvent201810-ka.htm,2019-03-01,cached,cached_edgar/1720635/000172063519000013/nvent201810-ka.htm
NVT,1720635.0,2020,0001720635-20-000009,nvent201910-k.htm,2020-02-25,cached,cached_edgar/1720635/000172063520000009/nvent201910-k.htm
NVT,1720635.0,2025,0001720635-25-000018,nvt-20241231.htm,2025-02-18,cached,cached_edgar/1720635/000172063525000018/nvt-20241231.htm
CHTR,1091667.0,2019,0001091667-19-000029,chtr12312018-10k.htm,2019-01-31,cached,cached_edgar/1091667/000109166719000029/chtr12312018-10k.htm
CHTR,1091667.0,2020,0001091667-20-000024,chtr12312019-10k.htm,2020-01-31,cached,cached_edgar/1091667/000109166720000024/chtr12312019-10k.htm
CHTR,1091667.0,2025,0001091667-25-000034,chtr-20241231.htm,2025-01-31,cached,cached_edgar/1091667/000109166725000034/chtr-20241231.htm
HEIA,,2019,,,,missing_cik,
HEIA,,2020,,,,missing_cik,
HEIA,,2025,,,,missing_cik,
GPN,1123360.0,2019,0001123360-19-000008,gpn20181231-10k.htm,2019-02-21,cached,cached_edgar/1123360/000112336019000008/gpn20181231-10k.htm
GPN,1123360.0,2020,0001123360-20-000009,gpn20191231-10k.htm,2020-02-21,cached,cached_edgar/1123360/000112336020000009/gpn20191231-10k.htm
GPN,1123360.0,2025,0001123360-25-000011,gpn-20241231.htm,2025-02-14,cached,cached_edgar/1123360/000112336025000011/gpn-20241231.htm
ILMN,1110803.0,2019,0001110803-19-000013,fy2018form10-k.htm,2019-02-12,cached,cached_edgar/1110803/000111080319000013/fy2018form10-k.htm
ILMN,1110803.0,2020,0001110803-20-000018,form10-k2019classic.htm,2020-02-11,cached,cached_edgar/1110803/000111080320000018/form10-k2019classic.htm
ILMN,1110803.0,2025,0001110803-25-000019,ilmn-20241229.htm,2025-02-12,cached,cached_edgar/1110803/000111080325000019/ilmn-20241229.htm
EXAS,1124140.0,2019,0001558370-19-000854,exas-20181231x10k.htm,2019-02-21,cached,cached_edgar/1124140/000155837019000854/exas-20181231x10k.htm
EXAS,1124140.0,2020,0001124140-20-000010,exas-20191231.htm,2020-02-21,cached,cached_edgar/1124140/000112414020000010/exas-20191231.htm
EXAS,1124140.0,2025,0001124140-25-000020,exas-20241231.htm,2025-02-19,cached,cached_edgar/1124140/000112414025000020/exas-20241231.htm
EXPD,746515.0,2019,0000746515-19-000004,a201810-k.htm,2019-02-22,cached,cached_edgar/746515/000074651519000004/a201810-k.htm
EXPD,746515.0,2020,0001564590-20-005719,expd-10k_20191231.htm,2020-02-21,cached,cached_edgar/746515/000156459020005719/expd-10k_20191231.htm
EXPD,746515.0,2025,0000950170-25-024750,expd-20241231.htm,2025-02-21,cached,cached_edgar/746515/000095017025024750/expd-20241231.htm
EVRG,1711269.0,2019,0001711269-19-000013,evrg-12312018x10k.htm,2019-02-22,cached,cached_edgar/1711269/000171126919000013/evrg-12312018x10k.htm
EVRG,1711269.0,2020,0001711269-20-000012,evrg-12312019x10k.htm,2020-03-02,cached,cached_edgar/1711269/000171126920000012/evrg-12312019x10k.htm
EVRG,1711269.0,2025,0001711269-25-000004,evrg-20241231.htm,2025-02-27,cached,cached_edgar/1711269/000171126925000004/evrg-20241231.htm
ASTS,1780312.0,2019,,,,no_filing_for_year,
ASTS,1780312.0,2020,0001213900-20-008037,f10k2019_newprovidence.htm,2020-03-30,cached,cached_edgar/1780312/000121390020008037/f10k2019_newprovidence.htm
ASTS,1780312.0,2025,0000950170-25-030909,asts-20241231.htm,2025-03-03,cached,cached_edgar/1780312/000095017025030909/asts-20241231.htm
LULU,1397187.0,2019,0001397187-19-000011,lulu-20190203x10k.htm,2019-03-27,cached,cached_edgar/1397187/000139718719000011/lulu-20190203x10k.htm
LULU,1397187.0,2020,0001397187-20-000012,lulu-20200202x10k.htm,2020-03-26,cached,cached_edgar/1397187/000139718720000012/lulu-20200202x10k.htm
LULU,1397187.0,2025,0001397187-25-000013,lulu-20250202.htm,2025-03-27,cached,cached_edgar/1397187/000139718725000013/lulu-20250202.htm
CRS,17843.0,2019,0000017843-19-000058,crs630201910k.htm,2019-08-29,cached,cached_edgar/17843/000001784319000058/crs630201910k.htm
CRS,17843.0,2020,0000017843-20-000071,crs630202010k.htm,2020-09-04,cached,cached_edgar/17843/000001784320000071/crs630202010k.htm
CRS,17843.0,2025,0000017843-25-000021,crs-20250630.htm,2025-08-12,cached,cached_edgar/17843/000001784325000021/crs-20250630.htm
VTRS,1792044.0,2019,,,,no_filing_for_year,
VTRS,1792044.0,2020,0001193125-20-136001,d792786d10k.htm,2020-05-07,cached,cached_edgar/1792044/000119312520136001/d792786d10k.htm
VTRS,1792044.0,2025,0001140361-25-016679,ny20042022x3_10ka.htm,2025-04-30,cached,cached_edgar/1792044/000114036125016679/ny20042022x3_10ka.htm
BALL,9389.0,2019,0001558370-19-000909,bll-20181231x10k.htm,2019-02-22,cached,cached_edgar/9389/000155837019000909/bll-20181231x10k.htm
BALL,9389.0,2020,0001558370-20-001005,bll-20191231x10k1a847a.htm,2020-02-19,cached,cached_edgar/9389/000155837020001005/bll-20191231x10k1a847a.htm
BALL,9389.0,2025,0001558370-25-001190,ball-20241231x10k.htm,2025-02-20,cached,cached_edgar/9389/000155837025001190/ball-20241231x10k.htm
FLUT,1635327.0,2019,,,,no_filing_for_year,
FLUT,1635327.0,2020,,,,no_filing_for_year,
FLUT,1635327.0,2025,0001628280-25-009852,flut-20241231.htm,2025-03-04,cached,cached_edgar/1635327/000162828025009852/flut-20241231.htm
L,60086.0,2019,0001193125-19-037854,d685868d10k.htm,2019-02-13,cached,cached_edgar/60086/000119312519037854/d685868d10k.htm
L,60086.0,2020,0001193125-20-031657,d816698d10k.htm,2020-02-12,cached,cached_edgar/60086/000119312520031657/d816698d10k.htm
L,60086.0,2025,0000060086-25-000036,l-20241231.htm,2025-02-11,cached,cached_edgar/60086/000006008625000036/l-20241231.htm
BAM,1937926.0,2019,,,,no_filing_for_year,
BAM,1937926.0,2020,,,,no_filing_for_year,
BAM,1937926.0,2025,0001937926-25-000007,bam-20241231.htm,2025-03-17,cached,cached_edgar/1937926/000193792625000007/bam-20241231.htm
PTC,857005.0,2019,0000857005-19-000040,ptc9-30x1910xk.htm,2019-11-18,cached,cached_edgar/857005/000085700519000040/ptc9-30x1910xk.htm
PTC,857005.0,2020,0001564590-20-054803,ptc-10k_20200930.htm,2020-11-20,cached,cached_edgar/857005/000156459020054803/ptc-10k_20200930.htm
PTC,857005.0,2025,0001193125-25-291326,ptc-20250930.htm,2025-11-21,cached,cached_edgar/857005/000119312525291326/ptc-20250930.htm
BWXT,1486957.0,2019,0001486957-19-000005,bwxt_123118x10kdocument.htm,2019-02-25,cached,cached_edgar/1486957/000148695719000005/bwxt_123118x10kdocument.htm
BWXT,1486957.0,2020,0001486957-20-000006,bwxt12311910kdocument.htm,2020-02-24,cached,cached_edgar/1486957/000148695720000006/bwxt12311910kdocument.htm
BWXT,1486957.0,2025,0001486957-25-000015,bwxt-20241231.htm,2025-03-19,cached,cached_edgar/1486957/000148695725000015/bwxt-20241231.htm
LNT,352541.0,2019,0000352541-19-000013,lnt1231201810-k.htm,2019-02-22,cached,cached_edgar/352541/000035254119000013/lnt1231201810-k.htm
LNT,352541.0,2020,0000352541-20-000021,lnt1231201910-k.htm,2020-02-21,cached,cached_edgar/352541/000035254120000021/lnt1231201910-k.htm
LNT,352541.0,2025,0000352541-25-000014,lnt-20241231.htm,2025-02-21,cached,cached_edgar/352541/000035254125000014/lnt-20241231.htm
FWONK,1560385.0,2019,0001558370-19-001329,lmca-20181231x10k.htm,2019-02-28,cached,cached_edgar/1560385/000155837019001329/lmca-20181231x10k.htm
FWONK,1560385.0,2020,0001558370-20-001494,lmca-20191231x10ked33ee.htm,2020-02-26,cached,cached_edgar/1560385/000155837020001494/lmca-20191231x10ked33ee.htm
FWONK,1560385.0,2025,0001558370-25-001830,lmca-20241231x10k.htm,2025-02-27,cached,cached_edgar/1560385/000155837025001830/lmca-20241231x10k.htm
FTV,1659166.0,2019,0001659166-19-000085,a20181231-10k.htm,2019-02-28,cached,cached_edgar/1659166/000165916619000085/a20181231-10k.htm
FTV,1659166.0,2020,0001659166-20-000071,a20191231-10k.htm,2020-02-27,cached,cached_edgar/1659166/000165916620000071/a20191231-10k.htm
FTV,1659166.0,2025,0001659166-25-000024,ftv-20241231.htm,2025-02-25,cached,cached_edgar/1659166/000165916625000024/ftv-20241231.htm
RVMD,1628171.0,2019,,,,no_filing_for_year,
RVMD,1628171.0,2020,0001564590-20-014169,rvmd-10k_20191231.htm,2020-03-30,cached,cached_edgar/1628171/000156459020014169/rvmd-10k_20191231.htm
RVMD,1628171.0,2025,0000950170-25-027736,rvmd-20241231.htm,2025-02-26,cached,cached_edgar/1628171/000095017025027736/rvmd-20241231.htm
WY,106535.0,2019,0000106535-19-000014,wy-123118x10k.htm,2019-02-15,cached,cached_edgar/106535/000010653519000014/wy-123118x10k.htm
WY,106535.0,2020,0001564590-20-004822,wy-10k_20191231.htm,2020-02-14,cached,cached_edgar/106535/000156459020004822/wy-10k_20191231.htm
WY,106535.0,2025,0000950170-25-021254,wy-20241231.htm,2025-02-14,cached,cached_edgar/106535/000095017025021254/wy-20241231.htm
VRSN,1014473.0,2019,0001014473-19-000005,vrsn-20181231x10k.htm,2019-02-15,cached,cached_edgar/1014473/000101447319000005/vrsn-20181231x10k.htm
VRSN,1014473.0,2020,0001014473-20-000006,vrsn-20191231x10k.htm,2020-02-14,cached,cached_edgar/1014473/000101447320000006/vrsn-20191231x10k.htm
VRSN,1014473.0,2025,0001014473-25-000006,vrsn-20241231.htm,2025-02-13,cached,cached_edgar/1014473/000101447325000006/vrsn-20241231.htm
FCNCA,798941.0,2019,0000798941-19-000009,fcnca_10kx12312018.htm,2019-02-20,cached,cached_edgar/798941/000079894119000009/fcnca_10kx12312018.htm
FCNCA,798941.0,2020,0000798941-20-000014,fcnca10k12312019.htm,2020-02-26,cached,cached_edgar/798941/000079894120000014/fcnca10k12312019.htm
FCNCA,798941.0,2025,0000798941-25-000010,fcnca-20241231.htm,2025-02-21,cached,cached_edgar/798941/000079894125000010/fcnca-20241231.htm
MRNA,1682852.0,2019,,,,no_filing_for_year,
MRNA,1682852.0,2020,,,,no_filing_for_year,
MRNA,1682852.0,2025,0001682852-25-000022,mrna-20241231.htm,2025-02-21,cached,cached_edgar/1682852/000168285225000022/mrna-20241231.htm
RBA,1046102.0,2019,,,,no_filing_for_year,
RBA,1046102.0,2020,,,,no_filing_for_year,
RBA,1046102.0,2025,0001628280-25-008201,rba-20241231.htm,2025-02-26,cached,cached_edgar/1046102/000162828025008201/rba-20241231.htm
SGI,1206264.0,2019,0001206264-19-000047,tpx-20181231x10k.htm,2019-02-25,cached,cached_edgar/1206264/000120626419000047/tpx-20181231x10k.htm
SGI,1206264.0,2020,0001206264-20-000079,tpx-20191231x10k.htm,2020-02-24,cached,cached_edgar/1206264/000120626420000079/tpx-20191231x10k.htm
SGI,1206264.0,2025,0001206264-25-000058,sgi-20241231.htm,2025-02-28,cached,cached_edgar/1206264/000120626425000058/sgi-20241231.htm
DECK,910521.0,2019,0000910521-19-000011,deck331201910-kdocument.htm,2019-05-30,cached,cached_edgar/910521/000091052119000011/deck331201910-kdocument.htm
DECK,910521.0,2020,0000910521-20-000016,deck331202010-k.htm,2020-06-01,cached,cached_edgar/910521/000091052120000016/deck331202010-k.htm
DECK,910521.0,2025,0000910521-25-000017,deck-20250331.htm,2025-05-23,cached,cached_edgar/910521/000091052125000017/deck-20250331.htm
MTZ,15615.0,2019,0000015615-19-000011,mtz12311810-k.htm,2019-02-28,cached,cached_edgar/15615/000001561519000011/mtz12311810-k.htm
MTZ,15615.0,2020,0000015615-20-000005,mtz12311910-k.htm,2020-02-27,cached,cached_edgar/15615/000001561520000005/mtz12311910-k.htm
MTZ,15615.0,2025,0000015615-25-000021,mtz-20241231.htm,2025-02-28,cached,cached_edgar/15615/000001561525000021/mtz-20241231.htm
TXT,217346.0,2019,0001104659-19-008151,a19-30052_110k.htm,2019-02-14,cached,cached_edgar/217346/000110465919008151/a19-30052_110k.htm
TXT,217346.0,2020,0001104659-20-024773,txt-20200104x10k00cfc1.htm,2020-02-25,cached,cached_edgar/217346/000110465920024773/txt-20200104x10k00cfc1.htm
TXT,217346.0,2025,0000217346-25-000017,txt-20241228.htm,2025-02-06,cached,cached_edgar/217346/000021734625000017/txt-20241228.htm
MKC,63754.0,2019,,,,no_filing_for_year,
MKC,63754.0,2020,,,,no_filing_for_year,
MKC,63754.0,2025,0000063754-25-000005,mkc-20241130.htm,2025-01-23,cached,cached_edgar/63754/000006375425000005/mkc-20241130.htm
LII,1069202.0,2019,0001069202-19-000008,lii-20181231x10k.htm,2019-02-19,cached,cached_edgar/1069202/000106920219000008/lii-20181231x10k.htm
LII,1069202.0,2020,0001069202-20-000004,lii-20191231x10k.htm,2020-02-18,cached,cached_edgar/1069202/000106920220000004/lii-20191231x10k.htm
LII,1069202.0,2025,0001628280-25-004859,lii-20241231.htm,2025-02-11,cached,cached_edgar/1069202/000162828025004859/lii-20241231.htm
RDDT,1713445.0,2019,,,,no_filing_for_year,
RDDT,1713445.0,2020,,,,no_filing_for_year,
RDDT,1713445.0,2025,0001713445-25-000018,rddt-20241231.htm,2025-02-13,cached,cached_edgar/1713445/000171344525000018/rddt-20241231.htm
RBC,1324948.0,2019,0001615774-19-008334,s118374_10k.htm,2019-05-23,cached,cached_edgar/1324948/000161577419008334/s118374_10k.htm
RBC,1324948.0,2020,0001213900-20-013096,f10k2020_rbcbearings.htm,2020-05-20,cached,cached_edgar/1324948/000121390020013096/f10k2020_rbcbearings.htm
RBC,1324948.0,2025,0001213900-25-044893,ea0241667-10k_rbcbear.htm,2025-05-16,cached,cached_edgar/1324948/000121390025044893/ea0241667-10k_rbcbear.htm
SCCO,1001838.0,2019,0001047469-19-000845,a2237832z10-k.htm,2019-03-01,cached,cached_edgar/1001838/000104746919000845/a2237832z10-k.htm
SCCO,1001838.0,2020,0001104659-20-053164,tm2016906-1_10ka.htm,2020-04-29,cached,cached_edgar/1001838/000110465920053164/tm2016906-1_10ka.htm
SCCO,1001838.0,2025,0001558370-25-002017,scco-20241231x10k.htm,2025-03-03,cached,cached_edgar/1001838/000155837025002017/scco-20241231x10k.htm
TSN,100493.0,2019,0000100493-19-000118,tsn201910kq4.htm,2019-11-12,cached,cached_edgar/100493/000010049319000118/tsn201910kq4.htm
TSN,100493.0,2020,0000100493-20-000132,tsn202010kq4.htm,2020-11-16,cached,cached_edgar/100493/000010049320000132/tsn202010kq4.htm
TSN,100493.0,2025,0000100493-25-000095,tsn-20250927.htm,2025-11-10,cached,cached_edgar/100493/000010049325000095/tsn-20250927.htm
ITT,216228.0,2019,0000216228-19-000006,itt10-kx12312018.htm,2019-02-22,cached,cached_edgar/216228/000021622819000006/itt10-kx12312018.htm
ITT,216228.0,2020,0000216228-20-000005,itt10-kx12312019.htm,2020-02-21,cached,cached_edgar/216228/000021622820000005/itt10-kx12312019.htm
ITT,216228.0,2025,0000216228-25-000014,itt-20241231.htm,2025-02-10,cached,cached_edgar/216228/000021622825000014/itt-20241231.htm
WST,105770.0,2019,0000105770-19-000012,wst10k12312018.htm,2019-02-28,cached,cached_edgar/105770/000010577019000012/wst10k12312018.htm
WST,105770.0,2020,0000105770-20-000015,wst-20191231.htm,2020-02-24,cached,cached_edgar/105770/000010577020000015/wst-20191231.htm
WST,105770.0,2025,0000105770-25-000013,wst-20241231.htm,2025-02-18,cached,cached_edgar/105770/000010577025000013/wst-20241231.htm
HII,1501585.0,2019,,,,no_filing_for_year,
HII,1501585.0,2020,,,,no_filing_for_year,
HII,1501585.0,2025,0001501585-25-000006,hii-20241231.htm,2025-02-06,cached,cached_edgar/1501585/000150158525000006/hii-20241231.htm
CSL,790051.0,2019,0000790051-19-000070,csl2018form10-k.htm,2019-02-14,cached,cached_edgar/790051/000079005119000070/csl2018form10-k.htm
CSL,790051.0,2020,0000790051-20-000071,csl-20191231.htm,2020-02-10,cached,cached_edgar/790051/000079005120000071/csl-20191231.htm
CSL,790051.0,2025,0000790051-25-000077,csl-20241231.htm,2025-02-14,cached,cached_edgar/790051/000079005125000077/csl-20241231.htm
JBHT,728535.0,2019,0001437749-19-003134,jbht20181231_10k.htm,2019-02-22,cached,cached_edgar/728535/000143774919003134/jbht20181231_10k.htm
JBHT,728535.0,2020,0001437749-20-004119,jbht20191231_10k.htm,2020-03-02,cached,cached_edgar/728535/000143774920004119/jbht20191231_10k.htm
JBHT,728535.0,2025,0001437749-25-004736,jbht20241231d_10k.htm,2025-02-21,cached,cached_edgar/728535/000143774925004736/jbht20241231d_10k.htm
PODD,1145197.0,2019,0001145197-19-000005,podd-2018x12x31_10xkamended.htm,2019-02-28,cached,cached_edgar/1145197/000114519719000005/podd-2018x12x31_10xkamended.htm
PODD,1145197.0,2020,0001145197-20-000004,podd-2019x12x3110xk.htm,2020-02-26,cached,cached_edgar/1145197/000114519720000004/podd-2019x12x3110xk.htm
PODD,1145197.0,2025,0001145197-25-000007,podd-20241231.htm,2025-02-21,cached,cached_edgar/1145197/000114519725000007/podd-20241231.htm
RPRX,1802768.0,2019,,,,no_filing_for_year,
RPRX,1802768.0,2020,,,,no_filing_for_year,
RPRX,1802768.0,2025,0001802768-25-000010,rprx-20241231.htm,2025-02-12,cached,cached_edgar/1802768/000180276825000010/rprx-20241231.htm
LVS,1300514.0,2019,0001300514-19-000021,lvs-20181231x10k.htm,2019-02-22,cached,cached_edgar/1300514/000130051419000021/lvs-20181231x10k.htm
LVS,1300514.0,2020,0001300514-20-000011,lvs-20191231x10k.htm,2020-02-07,cached,cached_edgar/1300514/000130051420000011/lvs-20191231x10k.htm
LVS,1300514.0,2025,0001300514-25-000040,lvs-20241231.htm,2025-02-07,cached,cached_edgar/1300514/000130051425000040/lvs-20241231.htm
MKSI,1049502.0,2019,0001193125-19-051798,d669860d10k.htm,2019-02-26,cached,cached_edgar/1049502/000119312519051798/d669860d10k.htm
MKSI,1049502.0,2020,0001193125-20-056028,d114808d10k.htm,2020-02-28,cached,cached_edgar/1049502/000119312520056028/d114808d10k.htm
MKSI,1049502.0,2025,0000950170-25-026433,mksi-20241231.htm,2025-02-25,cached,cached_edgar/1049502/000095017025026433/mksi-20241231.htm
HPQ,47217.0,2019,0000047217-19-000071,hp-103119x10k.htm,2019-12-12,cached,cached_edgar/47217/000004721719000071/hp-103119x10k.htm
HPQ,47217.0,2020,0000047217-20-000045,hpq-20201031.htm,2020-12-10,cached,cached_edgar/47217/000004721720000045/hpq-20201031.htm
HPQ,47217.0,2025,0000047217-25-000071,hpq-20251031.htm,2025-12-10,cached,cached_edgar/47217/000004721725000071/hpq-20251031.htm
TLN,1622536.0,2019,,,,no_filing_for_year,
TLN,1622536.0,2020,,,,no_filing_for_year,
TLN,1622536.0,2025,0001628280-25-008786,tln-20241231.htm,2025-02-28,cached,cached_edgar/1622536/000162828025008786/tln-20241231.htm
ROL,84839.0,2019,0001171200-19-000087,i19083_rol-10k.htm,2019-03-01,cached,cached_edgar/84839/000117120019000087/i19083_rol-10k.htm
ROL,84839.0,2020,0001171200-20-000103,i20108_rol-10k.htm,2020-02-28,cached,cached_edgar/84839/000117120020000103/i20108_rol-10k.htm
ROL,84839.0,2025,0000084839-25-000024,rol-20241231.htm,2025-02-13,cached,cached_edgar/84839/000008483925000024/rol-20241231.htm
APTV,1521332.0,2019,0001521332-19-000007,aptv1231201810k.htm,2019-02-04,cached,cached_edgar/1521332/000152133219000007/aptv1231201810k.htm
APTV,1521332.0,2020,0001521332-20-000012,aptv1231201910-k.htm,2020-02-03,cached,cached_edgar/1521332/000152133220000012/aptv1231201910-k.htm
APTV,1521332.0,2025,0001521332-25-000010,aptv-20241231.htm,2025-02-07,cached,cached_edgar/1521332/000152133225000010/aptv-20241231.htm
PNR,77360.0,2019,0000077360-19-000006,a2018pnr-10k.htm,2019-02-19,cached,cached_edgar/77360/000007736019000006/a2018pnr-10k.htm
PNR,77360.0,2020,0000077360-20-000006,a2019pnr-10k.htm,2020-02-25,cached,cached_edgar/77360/000007736020000006/a2019pnr-10k.htm
PNR,77360.0,2025,0000077360-25-000006,pnr-20241231.htm,2025-02-25,cached,cached_edgar/77360/000007736025000006/pnr-20241231.htm
HOLX,859737.0,2019,0000859737-19-000026,holxq4-2019.htm,2019-11-27,cached,cached_edgar/859737/000085973719000026/holxq4-2019.htm
HOLX,859737.0,2020,0000859737-20-000039,holx-20200926.htm,2020-11-17,cached,cached_edgar/859737/000085973720000039/holx-20200926.htm
HOLX,859737.0,2025,0000859737-25-000072,holx-20250927.htm,2025-11-18,cached,cached_edgar/859737/000085973725000072/holx-20250927.htm
RS,861884.0,2019,0001558370-19-001202,rs-20181231x10k.htm,2019-02-27,cached,cached_edgar/861884/000155837019001202/rs-20181231x10k.htm
RS,861884.0,2020,0001558370-20-001637,rs-20191231x10kfac9e5.htm,2020-02-27,cached,cached_edgar/861884/000155837020001637/rs-20191231x10kfac9e5.htm
RS,861884.0,2025,0001558370-25-001806,rs-20241231x10k.htm,2025-02-27,cached,cached_edgar/861884/000155837025001806/rs-20241231x10k.htm
RKT,1805284.0,2019,,,,no_filing_for_year,
RKT,1805284.0,2020,,,,no_filing_for_year,
RKT,1805284.0,2025,0001805284-25-000046,rkt-20241231.htm,2025-04-28,cached,cached_edgar/1805284/000180528425000046/rkt-20241231.htm
SUI,912593.0,2019,0000912593-19-000034,sui2018123110-k.htm,2019-02-21,cached,cached_edgar/912593/000091259319000034/sui2018123110-k.htm
SUI,912593.0,2020,0000912593-20-000041,sui2019123110-k.htm,2020-02-20,cached,cached_edgar/912593/000091259320000041/sui2019123110-k.htm
SUI,912593.0,2025,0000912593-25-000086,sui-20241231.htm,2025-02-28,cached,cached_edgar/912593/000091259325000086/sui-20241231.htm
COO,711404.0,2019,0000711404-19-000051,coo20191031-10k.htm,2019-12-20,cached,cached_edgar/711404/000071140419000051/coo20191031-10k.htm
COO,711404.0,2020,0000711404-20-000042,coo20201031-10k.htm,2020-12-11,cached,cached_edgar/711404/000071140420000042/coo20201031-10k.htm
COO,711404.0,2025,0001628280-25-055615,coo-20251031.htm,2025-12-05,cached,cached_edgar/711404/000162828025055615/coo-20251031.htm
APG,1796209.0,2019,,,,no_filing_for_year,
APG,1796209.0,2020,,,,no_filing_for_year,
APG,1796209.0,2025,0001628280-25-008189,apg-20241231.htm,2025-02-26,cached,cached_edgar/1796209/000162828025008189/apg-20241231.htm
ESS,920522.0,2019,0000920522-19-000009,ess-123118x10k.htm,2019-02-21,cached,cached_edgar/920522/000092052219000009/ess-123118x10k.htm
ESS,920522.0,2020,0000920522-20-000026,ess-123119x10k.htm,2020-02-20,cached,cached_edgar/920522/000092052220000026/ess-123119x10k.htm
ESS,920522.0,2025,0000920522-25-000024,ess-20241231.htm,2025-02-21,cached,cached_edgar/920522/000092052225000024/ess-20241231.htm
CDW,1402057.0,2019,0001402057-19-000046,cdw-20181231x10k.htm,2019-02-27,cached,cached_edgar/1402057/000140205719000046/cdw-20181231x10k.htm
CDW,1402057.0,2020,0001402057-20-000042,cdw-20191231x10k.htm,2020-02-28,cached,cached_edgar/1402057/000140205720000042/cdw-20191231x10k.htm
CDW,1402057.0,2025,0001402057-25-000018,cdw-20241231.htm,2025-02-21,cached,cached_edgar/1402057/000140205725000018/cdw-20241231.htm
GPC,40987.0,2019,0000040987-19-000042,gpc-12312018x10ka.htm,2019-08-09,cached,cached_edgar/40987/000004098719000042/gpc-12312018x10ka.htm
GPC,40987.0,2020,0000040987-20-000010,gpc-12312019x10k.htm,2020-02-21,cached,cached_edgar/40987/000004098720000010/gpc-12312019x10k.htm
GPC,40987.0,2025,0000040987-25-000026,gpc-20241231.htm,2025-02-21,cached,cached_edgar/40987/000004098725000026/gpc-20241231.htm
BG,1996862.0,2019,,,,no_filing_for_year,
BG,1996862.0,2020,,,,no_filing_for_year,
BG,1996862.0,2025,0001996862-25-000008,bg-20241231.htm,2025-02-20,cached,cached_edgar/1996862/000199686225000008/bg-20241231.htm
ALAB,1736297.0,2019,,,,no_filing_for_year,
ALAB,1736297.0,2020,,,,no_filing_for_year,
ALAB,1736297.0,2025,0001736297-25-000003,alab-20241231.htm,2025-02-14,cached,cached_edgar/1736297/000173629725000003/alab-20241231.htm
INCY,879169.0,2019,0001558370-19-000682,incy-20181231x10k.htm,2019-02-14,cached,cached_edgar/879169/000155837019000682/incy-20181231x10k.htm
INCY,879169.0,2020,0001558370-20-000774,incy-20191231x10k6c65b7.htm,2020-02-13,cached,cached_edgar/879169/000155837020000774/incy-20191231x10k6c65b7.htm
INCY,879169.0,2025,0001628280-25-004633,incy-20241231.htm,2025-02-10,cached,cached_edgar/879169/000162828025004633/incy-20241231.htm
TWLO,1447669.0,2019,0001047469-19-000807,a2237834z10-k.htm,2019-03-01,cached,cached_edgar/1447669/000104746919000807/a2237834z10-k.htm
TWLO,1447669.0,2020,0001447669-20-000045,twlo-20191231x10k.htm,2020-03-02,cached,cached_edgar/1447669/000144766920000045/twlo-20191231x10k.htm
TWLO,1447669.0,2025,0001447669-25-000035,twlo-20241231.htm,2025-02-26,cached,cached_edgar/1447669/000144766925000035/twlo-20241231.htm
WPC,1025378.0,2019,0001025378-19-000008,wpc201810-k.htm,2019-02-25,cached,cached_edgar/1025378/000102537819000008/wpc201810-k.htm
WPC,1025378.0,2020,0001025378-20-000011,wpc201910-k.htm,2020-02-21,cached,cached_edgar/1025378/000102537820000011/wpc201910-k.htm
WPC,1025378.0,2025,0001025378-25-000031,wpc-20241231.htm,2025-02-12,cached,cached_edgar/1025378/000102537825000031/wpc-20241231.htm
AA,1675149.0,2019,0001564590-19-004171,aa-10k_20181231.htm,2019-02-26,cached,cached_edgar/1675149/000156459019004171/aa-10k_20181231.htm
AA,1675149.0,2020,0001564590-20-005759,aa-10k_20191231.htm,2020-02-21,cached,cached_edgar/1675149/000156459020005759/aa-10k_20191231.htm
AA,1675149.0,2025,0000950170-25-024242,aa-20241231.htm,2025-02-20,cached,cached_edgar/1675149/000095017025024242/aa-20241231.htm
J,52988.0,2019,0000052988-19-000069,jecfy201910-k1.htm,2019-11-25,cached,cached_edgar/52988/000005298819000069/jecfy201910-k1.htm
J,52988.0,2020,0000052988-20-000070,jec-20201002.htm,2020-11-24,cached,cached_edgar/52988/000005298820000070/jec-20201002.htm
J,52988.0,2025,0001628280-25-053316,jec-20250926.htm,2025-11-20,cached,cached_edgar/52988/000162828025053316/jec-20250926.htm
IEX,832101.0,2019,0000832101-19-000005,iex-20181231x10k.htm,2019-02-28,cached,cached_edgar/832101/000083210119000005/iex-20181231x10k.htm
IEX,832101.0,2020,0000832101-20-000007,iex-20191231x10k.htm,2020-02-21,cached,cached_edgar/832101/000083210120000007/iex-20191231x10k.htm
IEX,832101.0,2025,0000832101-25-000010,iex-20241231.htm,2025-02-20,cached,cached_edgar/832101/000083210125000010/iex-20241231.htm
SMCI,1375365.0,2019,0001375365-19-000079,smci-2019630x10k.htm,2019-12-19,cached,cached_edgar/1375365/000137536519000079/smci-2019630x10k.htm
SMCI,1375365.0,2020,0001375365-20-000064,smci-2020630x10k.htm,2020-08-31,cached,cached_edgar/1375365/000137536520000064/smci-2020630x10k.htm
SMCI,1375365.0,2025,0001375365-25-000027,smci-20250630.htm,2025-08-28,cached,cached_edgar/1375365/000137536525000027/smci-20250630.htm
TRMB,864749.0,2019,0000864749-19-000006,trmb201810k.htm,2019-02-22,cached,cached_edgar/864749/000086474919000006/trmb201810k.htm
TRMB,864749.0,2020,0000864749-20-000068,trmb201910ka.htm,2020-05-22,cached,cached_edgar/864749/000086474920000068/trmb201910ka.htm
TRMB,864749.0,2025,0000864749-25-000090,trmb-20250103.htm,2025-04-25,cached,cached_edgar/864749/000086474925000090/trmb-20250103.htm
NDSN,72331.0,2019,0001564590-19-045927,ndsn-10k_20191031.htm,2019-12-13,cached,cached_edgar/72331/000156459019045927/ndsn-10k_20191031.htm
NDSN,72331.0,2020,0000072331-20-000024,ndsn-20201031.htm,2020-12-18,cached,cached_edgar/72331/000007233120000024/ndsn-20201031.htm
NDSN,72331.0,2025,0000072331-25-000144,ndsn-20251031.htm,2025-12-17,cached,cached_edgar/72331/000007233125000144/ndsn-20251031.htm
TOL,794170.0,2019,0000794170-19-000067,tol-20191031x10k.htm,2019-12-26,cached,cached_edgar/794170/000079417019000067/tol-20191031x10k.htm
TOL,794170.0,2020,0000794170-20-000066,tol-20201031.htm,2020-12-22,cached,cached_edgar/794170/000079417020000066/tol-20201031.htm
TOL,794170.0,2025,0000794170-25-000112,tol-20251031.htm,2025-12-19,cached,cached_edgar/794170/000079417025000112/tol-20251031.htm
NLY,1043219.0,2019,0001628280-19-001442,a2018nly10-k.htm,2019-02-15,cached,cached_edgar/1043219/000162828019001442/a2018nly10-k.htm
NLY,1043219.0,2020,0001628280-20-001548,a2019nly10-k.htm,2020-02-14,cached,cached_edgar/1043219/000162828020001548/a2019nly10-k.htm
NLY,1043219.0,2025,0001628280-25-005451,nly-20241231.htm,2025-02-13,cached,cached_edgar/1043219/000162828025005451/nly-20241231.htm
MAA,912595.0,2019,0000912595-19-000015,maa12312018-10k.htm,2019-02-21,cached,cached_edgar/912595/000091259519000015/maa12312018-10k.htm
MAA,912595.0,2020,0001564590-20-005582,maa-10k_20191231.htm,2020-02-20,cached,cached_edgar/912595/000156459020005582/maa-10k_20191231.htm
MAA,912595.0,2025,0000950170-25-016287,maa-20241231.htm,2025-02-07,cached,cached_edgar/912595/000095017025016287/maa-20241231.htm
CLX,21076.0,2019,0000021076-19-000012,fy19clx10k.htm,2019-08-14,cached,cached_edgar/21076/000002107619000012/fy19clx10k.htm
CLX,21076.0,2020,0000021076-20-000016,clx-20200630.htm,2020-08-13,cached,cached_edgar/21076/000002107620000016/clx-20200630.htm
CLX,21076.0,2025,0000021076-25-000039,clx-20250630.htm,2025-08-08,cached,cached_edgar/21076/000002107625000039/clx-20250630.htm
FFIV,1048695.0,2019,0001048695-19-000034,ffiv10k9-30x2019.htm,2019-11-15,cached,cached_edgar/1048695/000104869519000034/ffiv10k9-30x2019.htm
FFIV,1048695.0,2020,0001048695-20-000041,ffiv-20200930.htm,2020-11-19,cached,cached_edgar/1048695/000104869520000041/ffiv-20200930.htm
FFIV,1048695.0,2025,0001048695-25-000157,ffiv-20250930.htm,2025-11-25,cached,cached_edgar/1048695/000104869525000157/ffiv-20250930.htm
EWBC,1069157.0,2019,0001069157-19-000016,ewbc10k12312018.htm,2019-02-27,cached,cached_edgar/1069157/000106915719000016/ewbc10k12312018.htm
EWBC,1069157.0,2020,0001069157-20-000016,ewbc10k12312019.htm,2020-02-27,cached,cached_edgar/1069157/000106915720000016/ewbc10k12312019.htm
EWBC,1069157.0,2025,0001069157-25-000025,ewbc-20241231.htm,2025-02-28,cached,cached_edgar/1069157/000106915725000025/ewbc-20241231.htm
INVH,1687229.0,2019,0001687229-19-000014,a123118ihinc10kdocument.htm,2019-02-28,cached,cached_edgar/1687229/000168722919000014/a123118ihinc10kdocument.htm
INVH,1687229.0,2020,0001687229-20-000004,a12312019ihinc10kdocum.htm,2020-02-19,cached,cached_edgar/1687229/000168722920000004/a12312019ihinc10kdocum.htm
INVH,1687229.0,2025,0001687229-25-000008,invh-20241231.htm,2025-02-27,cached,cached_edgar/1687229/000168722925000008/invh-20241231.htm
MTSI,1493594.0,2019,0001493594-19-000064,mtsi10-k2019.htm,2019-11-26,cached,cached_edgar/1493594/000149359419000064/mtsi10-k2019.htm
MTSI,1493594.0,2020,0001493594-20-000063,mtsi-20201002.htm,2020-11-18,cached,cached_edgar/1493594/000149359420000063/mtsi-20201002.htm
MTSI,1493594.0,2025,0001493594-25-000054,mtsi-20251003.htm,2025-11-14,cached,cached_edgar/1493594/000149359425000054/mtsi-20251003.htm
MAS,62996.0,2019,0000062996-19-000011,mas_20181231x10k.htm,2019-02-07,cached,cached_edgar/62996/000006299619000011/mas_20181231x10k.htm
MAS,62996.0,2020,0000062996-20-000006,mas2019123110k.htm,2020-02-11,cached,cached_edgar/62996/000006299620000006/mas2019123110k.htm
MAS,62996.0,2025,0000062996-25-000004,mas-20241231.htm,2025-02-11,cached,cached_edgar/62996/000006299625000004/mas-20241231.htm
CF,1324404.0,2019,0001324404-19-000006,cf-12312018x10k.htm,2019-02-22,cached,cached_edgar/1324404/000132440419000006/cf-12312018x10k.htm
CF,1324404.0,2020,0001324404-20-000006,cf-12312019x10k.htm,2020-02-24,cached,cached_edgar/1324404/000132440420000006/cf-12312019x10k.htm
CF,1324404.0,2025,0001324404-25-000006,cf-20241231.htm,2025-02-20,cached,cached_edgar/1324404/000132440425000006/cf-20241231.htm
GGG,42888.0,2019,0000042888-19-000011,ggg1228201810-k11.htm,2019-02-19,cached,cached_edgar/42888/000004288819000011/ggg1228201810-k11.htm
GGG,42888.0,2020,0000042888-20-000015,ggg1227201910-k.htm,2020-02-18,cached,cached_edgar/42888/000004288820000015/ggg1227201910-k.htm
GGG,42888.0,2025,0000042888-25-000011,ggg-20241227.htm,2025-02-18,cached,cached_edgar/42888/000004288825000011/ggg-20241227.htm
QXO,1236275.0,2019,0001185185-19-000423,silversun20181231_10k.htm,2019-03-28,cached,cached_edgar/1236275/000118518519000423/silversun20181231_10k.htm
QXO,1236275.0,2020,0001185185-20-000350,silversun20191231_10k.htm,2020-03-26,cached,cached_edgar/1236275/000118518520000350/silversun20191231_10k.htm
QXO,1236275.0,2025,0001628280-25-009626,qxo-20241231.htm,2025-03-04,cached,cached_edgar/1236275/000162828025009626/qxo-20241231.htm
LECO,59527.0,2019,0000059527-19-000008,leco-20181231x10k.htm,2019-02-27,cached,cached_edgar/59527/000005952719000008/leco-20181231x10k.htm
LECO,59527.0,2020,0000059527-20-000007,leco-20191231x10k.htm,2020-02-27,cached,cached_edgar/59527/000005952720000007/leco-20191231x10k.htm
LECO,59527.0,2025,0000059527-25-000006,leco-20241231x10k.htm,2025-02-26,cached,cached_edgar/59527/000005952725000006/leco-20241231x10k.htm
KIM,879101.0,2019,0001437749-19-002746,kim20181231_10k.htm,2019-02-15,cached,cached_edgar/879101/000143774919002746/kim20181231_10k.htm
KIM,879101.0,2020,0001437749-20-003500,kim20191231_10k.htm,2020-02-25,cached,cached_edgar/879101/000143774920003500/kim20191231_10k.htm
KIM,879101.0,2025,0000950170-25-024723,kim-20241231.htm,2025-02-21,cached,cached_edgar/879101/000095017025024723/kim-20241231.htm
AVY,8818.0,2019,0001047469-19-000747,a2237793z10-k.htm,2019-02-27,cached,cached_edgar/8818/000104746919000747/a2237793z10-k.htm
AVY,8818.0,2020,0001104659-20-025360,avy-20191228x10k9cf60b.htm,2020-02-26,cached,cached_edgar/8818/000110465920025360/avy-20191228x10k9cf60b.htm
AVY,8818.0,2025,0000008818-25-000003,avy-20241228.htm,2025-02-26,cached,cached_edgar/8818/000000881825000003/avy-20241228.htm
PFGC,1618673.0,2019,0001564590-19-032384,pfgc-10k_20190629.htm,2019-08-16,cached,cached_edgar/1618673/000156459019032384/pfgc-10k_20190629.htm
PFGC,1618673.0,2020,0001564590-20-040455,pfgc-10k_20200627.htm,2020-08-18,cached,cached_edgar/1618673/000156459020040455/pfgc-10k_20200627.htm
PFGC,1618673.0,2025,0001618673-25-000012,pfgc-20250628.htm,2025-08-13,cached,cached_edgar/1618673/000161867325000012/pfgc-20250628.htm
ZS,1713683.0,2019,0001713683-19-000030,zs-20190731.htm,2019-09-18,cached,cached_edgar/1713683/000171368319000030/zs-20190731.htm
ZS,1713683.0,2020,0001713683-20-000163,zs-20200731.htm,2020-09-17,cached,cached_edgar/1713683/000171368320000163/zs-20200731.htm
ZS,1713683.0,2025,0001713683-25-000158,zs-20250731.htm,2025-09-11,cached,cached_edgar/1713683/000171368325000158/zs-20250731.htm
HEI,46619.0,2019,0000046619-19-000095,hei1031201910k.htm,2019-12-19,cached,cached_edgar/46619/000004661919000095/hei1031201910k.htm
HEI,46619.0,2020,0000046619-20-000078,hei-20201031.htm,2020-12-23,cached,cached_edgar/46619/000004661920000078/hei-20201031.htm
HEI,46619.0,2025,0000046619-25-000082,hei-20251031.htm,2025-12-22,cached,cached_edgar/46619/000004661925000082/hei-20251031.htm
RRX,82811.0,2019,0000082811-19-000018,rbc-20181229x10k.htm,2019-02-26,cached,cached_edgar/82811/000008281119000018/rbc-20181229x10k.htm
RRX,82811.0,2020,0000082811-20-000035,rbc-20191228x10k.htm,2020-02-26,cached,cached_edgar/82811/000008281120000035/rbc-20191228x10k.htm
RRX,82811.0,2025,0000082811-25-000046,rbc-20241231.htm,2025-02-21,cached,cached_edgar/82811/000008281125000046/rbc-20241231.htm
LYB,1489393.0,2019,0001489393-19-000011,a2018q410k.htm,2019-02-21,cached,cached_edgar/1489393/000148939319000011/a2018q410k.htm
LYB,1489393.0,2020,0001489393-20-000009,a2019q410k.htm,2020-02-20,cached,cached_edgar/1489393/000148939320000009/a2019q410k.htm
LYB,1489393.0,2025,0001489393-25-000008,lyb-20241231.htm,2025-02-27,cached,cached_edgar/1489393/000148939325000008/lyb-20241231.htm
SSNC,1402436.0,2019,0001564590-19-005753,ssnc-10k_20181231.htm,2019-03-01,cached,cached_edgar/1402436/000156459019005753/ssnc-10k_20181231.htm
SSNC,1402436.0,2020,0001564590-20-007695,ssnc-10k_20191231.htm,2020-02-28,cached,cached_edgar/1402436/000156459020007695/ssnc-10k_20191231.htm
SSNC,1402436.0,2025,0000950170-25-031295,ssnc-20241231.htm,2025-03-04,cached,cached_edgar/1402436/000095017025031295/ssnc-20241231.htm
RPM,110621.0,2019,0001564590-19-025795,rpm-10k_20190531.htm,2019-07-24,cached,cached_edgar/110621/000156459019025795/rpm-10k_20190531.htm
RPM,110621.0,2020,0001564590-20-033611,rpm-10k_20200531.htm,2020-07-27,cached,cached_edgar/110621/000156459020033611/rpm-10k_20200531.htm
RPM,110621.0,2025,0000950170-25-098313,rpm-20250531.htm,2025-07-24,cached,cached_edgar/110621/000095017025098313/rpm-20250531.htm
JLL,1037976.0,2019,0001037976-19-000008,jll10kq42018.htm,2019-02-26,cached,cached_edgar/1037976/000103797619000008/jll10kq42018.htm
JLL,1037976.0,2020,0001037976-20-000011,jll10kq42019.htm,2020-02-27,cached,cached_edgar/1037976/000103797620000011/jll10kq42019.htm
JLL,1037976.0,2025,0001037976-25-000006,jll-20241231.htm,2025-02-19,cached,cached_edgar/1037976/000103797625000006/jll-20241231.htm
BLD,1633931.0,2019,0001558370-19-001088,bld-20181231x10k.htm,2019-02-26,cached,cached_edgar/1633931/000155837019001088/bld-20181231x10k.htm
BLD,1633931.0,2020,0001558370-20-001326,bld-20191231x10ka9e256.htm,2020-02-25,cached,cached_edgar/1633931/000155837020001326/bld-20191231x10ka9e256.htm
BLD,1633931.0,2025,0001558370-25-001495,bld-20241231x10k.htm,2025-02-25,cached,cached_edgar/1633931/000155837025001495/bld-20241231x10k.htm
TKO,1973266.0,2019,,,,no_filing_for_year,
TKO,1973266.0,2020,,,,no_filing_for_year,
TKO,1973266.0,2025,0000950170-25-027778,tko-20241231.htm,2025-02-26,cached,cached_edgar/1973266/000095017025027778/tko-20241231.htm
AKAM,1086222.0,2019,0001086222-19-000066,akam10k123118.htm,2019-02-28,cached,cached_edgar/1086222/000108622219000066/akam10k123118.htm
AKAM,1086222.0,2020,0001086222-20-000045,akam10k123119.htm,2020-02-28,cached,cached_edgar/1086222/000108622220000045/akam10k123119.htm
AKAM,1086222.0,2025,0001086222-25-000028,akam-20241231.htm,2025-02-24,cached,cached_edgar/1086222/000108622225000028/akam-20241231.htm
EG,1095073.0,2019,0001095073-19-000011,group10k2018.htm,2019-03-01,cached,cached_edgar/1095073/000109507319000011/group10k2018.htm
EG,1095073.0,2020,0001095073-20-000006,re-20191231.htm,2020-03-02,cached,cached_edgar/1095073/000109507320000006/re-20191231.htm
EG,1095073.0,2025,0001095073-25-000015,eg-20241231.htm,2025-02-27,cached,cached_edgar/1095073/000109507325000015/eg-20241231.htm
RGA,898174.0,2019,0000898174-19-000011,a201810-k.htm,2019-02-27,cached,cached_edgar/898174/000089817419000011/a201810-k.htm
RGA,898174.0,2020,0000898174-20-000005,a201910-k.htm,2020-02-27,cached,cached_edgar/898174/000089817420000005/a201910-k.htm
RGA,898174.0,2025,0000898174-25-000027,rga-20241231.htm,2025-02-21,cached,cached_edgar/898174/000089817425000027/rga-20241231.htm
CLH,822818.0,2019,0000822818-19-000003,clh-20181231x10k.htm,2019-02-27,cached,cached_edgar/822818/000082281819000003/clh-20181231x10k.htm
CLH,822818.0,2020,0000822818-20-000002,clh-20191231x10k.htm,2020-02-26,cached,cached_edgar/822818/000082281820000002/clh-20191231x10k.htm
CLH,822818.0,2025,0000822818-25-000007,clh-20241231.htm,2025-02-19,cached,cached_edgar/822818/000082281825000007/clh-20241231.htm
WSO,105016.0,2019,0001193125-19-057858,d669461d10k.htm,2019-02-28,cached,cached_edgar/105016/000119312519057858/d669461d10k.htm
WSO,105016.0,2020,0001193125-20-056004,d838752d10k.htm,2020-02-28,cached,cached_edgar/105016/000119312520056004/d838752d10k.htm
WSO,105016.0,2025,0001193125-25-041730,d898605d10k.htm,2025-02-28,cached,cached_edgar/105016/000119312525041730/d898605d10k.htm
RL,1037038.0,2019,0001037038-19-000005,rl-20190330x10k.htm,2019-05-16,cached,cached_edgar/1037038/000103703819000005/rl-20190330x10k.htm
RL,1037038.0,2020,0001037038-20-000014,rl-20200328x10k.htm,2020-05-27,cached,cached_edgar/1037038/000103703820000014/rl-20200328x10k.htm
RL,1037038.0,2025,0001037038-25-000011,rl-20250329.htm,2025-05-22,cached,cached_edgar/1037038/000103703825000011/rl-20250329.htm
TW,1758730.0,2019,,,,no_filing_for_year,
TW,1758730.0,2020,0001558370-20-002031,tw-20191231x10ka.htm,2020-03-04,cached,cached_edgar/1758730/000155837020002031/tw-20191231x10ka.htm
TW,1758730.0,2025,0001758730-25-000038,tw-20241231.htm,2025-02-07,cached,cached_edgar/1758730/000175873025000038/tw-20241231.htm
WCC,929008.0,2019,0000929008-19-000006,wcc-form10k2018.htm,2019-02-27,cached,cached_edgar/929008/000092900819000006/wcc-form10k2018.htm
WCC,929008.0,2020,0001140361-20-005170,nt10009694x1_10ka.htm,2020-03-09,cached,cached_edgar/929008/000114036120005170/nt10009694x1_10ka.htm
WCC,929008.0,2025,0000929008-25-000005,wcc-20241231.htm,2025-02-14,cached,cached_edgar/929008/000092900825000005/wcc-20241231.htm
RNR,913144.0,2019,0000913144-19-000010,rnr10-k2018.htm,2019-02-07,cached,cached_edgar/913144/000091314419000010/rnr10-k2018.htm
RNR,913144.0,2020,0000913144-20-000024,rnr10-k2019.htm,2020-02-07,cached,cached_edgar/913144/000091314420000024/rnr10-k2019.htm
RNR,913144.0,2025,0000913144-25-000009,rnr-20241231.htm,2025-02-12,cached,cached_edgar/913144/000091314425000009/rnr-20241231.htm
GNRC,1474735.0,2019,0001437749-19-003397,gnrc20181231_10k.htm,2019-02-26,cached,cached_edgar/1474735/000143774919003397/gnrc20181231_10k.htm
GNRC,1474735.0,2020,0001437749-20-003516,gnrc20191231_10k.htm,2020-02-25,cached,cached_edgar/1474735/000143774920003516/gnrc20191231_10k.htm
GNRC,1474735.0,2025,0001437749-25-004353,gnrc20241231_10k.htm,2025-02-19,cached,cached_edgar/1474735/000143774925004353/gnrc20241231_10k.htm
TRU,1552033.0,2019,0001552033-19-000010,transunion-20181231x10k.htm,2019-02-14,cached,cached_edgar/1552033/000155203319000010/transunion-20181231x10k.htm
TRU,1552033.0,2020,0001552033-20-000014,transunion-20191231x10k.htm,2020-02-18,cached,cached_edgar/1552033/000155203320000014/transunion-20191231x10k.htm
TRU,1552033.0,2025,0001552033-25-000015,tru-20241231.htm,2025-02-13,cached,cached_edgar/1552033/000155203325000015/tru-20241231.htm
TYL,860731.0,2019,0000860731-19-000009,tyl12312018-10k.htm,2019-02-20,cached,cached_edgar/860731/000086073119000009/tyl12312018-10k.htm
TYL,860731.0,2020,0000860731-20-000008,tyl12312019-10k.htm,2020-02-19,cached,cached_edgar/860731/000086073120000008/tyl12312019-10k.htm
TYL,860731.0,2025,0000860731-25-000007,tyl-20241231.htm,2025-02-19,cached,cached_edgar/860731/000086073125000007/tyl-20241231.htm
REG,910606.0,2019,0000910606-19-000006,reg10-k123118.htm,2019-02-21,cached,cached_edgar/910606/000091060619000006/reg10-k123118.htm
REG,910606.0,2020,0001564590-20-004859,reg-10k_20191231.htm,2020-02-18,cached,cached_edgar/910606/000156459020004859/reg-10k_20191231.htm
REG,910606.0,2025,0000950170-25-021359,reg-20241231.htm,2025-02-14,cached,cached_edgar/910606/000095017025021359/reg-20241231.htm
SWK,93556.0,2019,,,,no_filing_for_year,
SWK,93556.0,2020,0000093556-20-000006,swk10k2019.htm,2020-02-21,cached,cached_edgar/93556/000009355620000006/swk10k2019.htm
SWK,93556.0,2025,0000093556-25-000007,swk-20241228.htm,2025-02-18,cached,cached_edgar/93556/000009355625000007/swk-20241228.htm
DTM,1842022.0,2019,,,,no_filing_for_year,
DTM,1842022.0,2020,,,,no_filing_for_year,
DTM,1842022.0,2025,0001842022-25-000003,dtm-20241231.htm,2025-02-26,cached,cached_edgar/1842022/000184202225000003/dtm-20241231.htm
PNFP,1115055.0,2019,0001115055-19-000011,pnfp1231201810k.htm,2019-02-28,cached,cached_edgar/1115055/000111505519000011/pnfp1231201810k.htm
PNFP,1115055.0,2020,0001115055-20-000018,pnfp-20191231.htm,2020-02-25,cached,cached_edgar/1115055/000111505520000018/pnfp-20191231.htm
PNFP,1115055.0,2025,0001115055-25-000042,pnfp-20241231.htm,2025-02-25,cached,cached_edgar/1115055/000111505525000042/pnfp-20241231.htm
HST,1070750.0,2019,0001564590-19-004191,hst-10k_20181231.htm,2019-02-26,cached,cached_edgar/1070750/000156459019004191/hst-10k_20181231.htm
HST,1070750.0,2020,0001564590-20-006404,hst-10k_20191231.htm,2020-02-25,cached,cached_edgar/1070750/000156459020006404/hst-10k_20191231.htm
HST,1070750.0,2025,0001070750-25-000071,hst-20241231.htm,2025-02-26,cached,cached_edgar/1070750/000107075025000071/hst-20241231.htm
CCK,1219601.0,2019,0001219601-19-000005,cck-12312018x10xk.htm,2019-02-28,cached,cached_edgar/1219601/000121960119000005/cck-12312018x10xk.htm
CCK,1219601.0,2020,0001219601-20-000006,cck-12312019x10xk.htm,2020-02-28,cached,cached_edgar/1219601/000121960120000006/cck-12312019x10xk.htm
CCK,1219601.0,2025,0001219601-25-000009,cck-20241231.htm,2025-03-03,cached,cached_edgar/1219601/000121960125000009/cck-20241231.htm
FNF,1331875.0,2019,0001331875-19-000010,fnf12311810-k.htm,2019-02-19,cached,cached_edgar/1331875/000133187519000010/fnf12311810-k.htm
FNF,1331875.0,2020,0001331875-20-000008,fnf12311910-k.htm,2020-02-14,cached,cached_edgar/1331875/000133187520000008/fnf12311910-k.htm
FNF,1331875.0,2025,0001331875-25-000013,fnf-20241231.htm,2025-02-28,cached,cached_edgar/1331875/000133187525000013/fnf-20241231.htm
ALLE,1579241.0,2019,0001579241-19-000006,alle10k12312018doc.htm,2019-02-19,cached,cached_edgar/1579241/000157924119000006/alle10k12312018doc.htm
ALLE,1579241.0,2020,0001579241-20-000013,alle10k12312019doc.htm,2020-02-18,cached,cached_edgar/1579241/000157924120000013/alle10k12312019doc.htm
ALLE,1579241.0,2025,0001579241-25-000008,alle-20241231.htm,2025-02-18,cached,cached_edgar/1579241/000157924125000008/alle-20241231.htm
OHI,888491.0,2019,0000888491-19-000006,ohi-20181231x10k.htm,2019-02-26,cached,cached_edgar/888491/000088849119000006/ohi-20181231x10k.htm
OHI,888491.0,2020,0000888491-20-000007,ohi-20191231x10k.htm,2020-02-28,cached,cached_edgar/888491/000088849120000007/ohi-20191231x10k.htm
OHI,888491.0,2025,0000888491-25-000006,ohi-20241231x10k.htm,2025-02-13,cached,cached_edgar/888491/000088849125000006/ohi-20241231x10k.htm
LSCC,855658.0,2019,,,,no_filing_for_year,
LSCC,855658.0,2020,0000855658-20-000025,lscc201910-k.htm,2020-02-24,cached,cached_edgar/855658/000085565820000025/lscc201910-k.htm
LSCC,855658.0,2025,0001437749-25-003987,lscc20241228_10k.htm,2025-02-14,cached,cached_edgar/855658/000143774925003987/lscc20241228_10k.htm
DKS,1089063.0,2019,0001089063-19-000017,dks-10k_20190202.htm,2019-03-29,cached,cached_edgar/1089063/000108906319000017/dks-10k_20190202.htm
DKS,1089063.0,2020,0001089063-20-000014,dks-20200201.htm,2020-03-20,cached,cached_edgar/1089063/000108906320000014/dks-20200201.htm
DKS,1089063.0,2025,0001089063-25-000012,dks-20250201.htm,2025-03-27,cached,cached_edgar/1089063/000108906325000012/dks-20250201.htm
VIK,1745201.0,2019,,,,no_filing_for_year,
VIK,1745201.0,2020,,,,no_filing_for_year,
VIK,1745201.0,2025,,,,no_filing_for_year,
CG,1527166.0,2019,0001527166-19-000008,cg2018123110-k.htm,2019-02-13,cached,cached_edgar/1527166/000152716619000008/cg2018123110-k.htm
CG,1527166.0,2020,0001527166-20-000012,cg2019123110-ka.htm,2020-03-02,cached,cached_edgar/1527166/000152716620000012/cg2019123110-ka.htm
CG,1527166.0,2025,0001527166-25-000006,cg-20241231.htm,2025-02-27,cached,cached_edgar/1527166/000152716625000006/cg-20241231.htm
IONS,874015.0,2019,,,,no_filing_for_year,
IONS,874015.0,2020,0001140361-20-004500,form10k.htm,2020-03-02,cached,cached_edgar/874015/000114036120004500/form10k.htm
IONS,874015.0,2025,0000874015-25-000089,form10k.htm,2025-02-19,cached,cached_edgar/874015/000087401525000089/form10k.htm
HAS,46080.0,2019,0001193125-19-052025,d678728d10k.htm,2019-02-26,cached,cached_edgar/46080/000119312519052025/d678728d10k.htm
HAS,46080.0,2020,0000046080-20-000028,has-20191229x10k.htm,2020-02-27,cached,cached_edgar/46080/000004608020000028/has-20191229x10k.htm
HAS,46080.0,2025,0000046080-25-000027,has-20241229.htm,2025-02-27,cached,cached_edgar/46080/000004608025000027/has-20241229.htm
BJ,1531152.0,2019,0001531152-19-000010,bj-20190202x10k.htm,2019-03-25,cached,cached_edgar/1531152/000153115219000010/bj-20190202x10k.htm
BJ,1531152.0,2020,0001531152-20-000014,bj-20200201x10k.htm,2020-03-19,cached,cached_edgar/1531152/000153115220000014/bj-20200201x10k.htm
BJ,1531152.0,2025,0001531152-25-000013,bj-20250201.htm,2025-03-14,cached,cached_edgar/1531152/000153115225000013/bj-20250201.htm
DPZ,1286681.0,2019,0001193125-19-046191,d696297d10k.htm,2019-02-21,cached,cached_edgar/1286681/000119312519046191/d696297d10k.htm
DPZ,1286681.0,2020,0001193125-20-042675,d796357d10k.htm,2020-02-20,cached,cached_edgar/1286681/000119312520042675/d796357d10k.htm
DPZ,1286681.0,2025,0000950170-25-025223,dpz-20241229.htm,2025-02-24,cached,cached_edgar/1286681/000095017025025223/dpz-20241229.htm
GLPI,1575965.0,2019,0001575965-19-000005,glpi-2018123110xk.htm,2019-02-13,cached,cached_edgar/1575965/000157596519000005/glpi-2018123110xk.htm
GLPI,1575965.0,2020,0001575965-20-000012,glpi-2019123110xk.htm,2020-02-21,cached,cached_edgar/1575965/000157596520000012/glpi-2019123110xk.htm
GLPI,1575965.0,2025,0001575965-25-000008,glpi-20241231.htm,2025-02-20,cached,cached_edgar/1575965/000157596525000008/glpi-20241231.htm
AFRM,1820953.0,2019,,,,no_filing_for_year,
AFRM,1820953.0,2020,,,,no_filing_for_year,
AFRM,1820953.0,2025,0001820953-25-000080,afrm-20250630.htm,2025-08-28,cached,cached_edgar/1820953/000182095325000080/afrm-20250630.htm
OVV,1792580.0,2019,,,,no_filing_for_year,
OVV,1792580.0,2020,0001564590-20-005663,ovv-10k_20191231.htm,2020-02-21,cached,cached_edgar/1792580/000156459020005663/ovv-10k_20191231.htm
OVV,1792580.0,2025,0000950170-25-027914,ovv-20241231.htm,2025-02-26,cached,cached_edgar/1792580/000095017025027914/ovv-20241231.htm
MLI,89439.0,2019,0000089439-19-000021,mli12291810-k.htm,2019-02-27,cached,cached_edgar/89439/000008943919000021/mli12291810-k.htm
MLI,89439.0,2020,0000089439-20-000016,mli12281910-k.htm,2020-02-26,cached,cached_edgar/89439/000008943920000016/mli12281910-k.htm
MLI,89439.0,2025,0000089439-25-000010,mli-20241228.htm,2025-02-26,cached,cached_edgar/89439/000008943925000010/mli-20241228.htm
ELS,895417.0,2019,0000895417-19-000012,els1231201810-k.htm,2019-02-26,cached,cached_edgar/895417/000089541719000012/els1231201810-k.htm
ELS,895417.0,2020,0000895417-20-000019,els1231201910k.htm,2020-02-24,cached,cached_edgar/895417/000089541720000019/els1231201910k.htm
ELS,895417.0,2025,0000895417-25-000013,els-20241231.htm,2025-02-25,cached,cached_edgar/895417/000089541725000013/els-20241231.htm
CACI,16058.0,2019,0001564590-19-032721,caci-10k_20190630.htm,2019-08-21,cached,cached_edgar/16058/000156459019032721/caci-10k_20190630.htm
CACI,16058.0,2020,0001564590-20-040205,caci-10k_20200630.htm,2020-08-14,cached,cached_edgar/16058/000156459020040205/caci-10k_20200630.htm
CACI,16058.0,2025,0001628280-25-038739,caci-20250630.htm,2025-08-07,cached,cached_edgar/16058/000162828025038739/caci-20250630.htm
ELAN,1739104.0,2019,0001739104-19-000006,elanco-20181231document10k.htm,2019-02-20,cached,cached_edgar/1739104/000173910419000006/elanco-20181231document10k.htm
ELAN,1739104.0,2020,0001739104-20-000005,elan-20191231.htm,2020-02-28,cached,cached_edgar/1739104/000173910420000005/elan-20191231.htm
ELAN,1739104.0,2025,0001739104-25-000014,elan-20241231.htm,2025-02-25,cached,cached_edgar/1739104/000173910425000014/elan-20241231.htm
BWA,908255.0,2019,0000908255-19-000014,a2018123110k.htm,2019-02-19,cached,cached_edgar/908255/000090825519000014/a2018123110k.htm
BWA,908255.0,2020,0000908255-20-000014,a2019123110k.htm,2020-02-13,cached,cached_edgar/908255/000090825520000014/a2019123110k.htm
BWA,908255.0,2025,0000908255-25-000007,bwa-20241231.htm,2025-02-06,cached,cached_edgar/908255/000090825525000007/bwa-20241231.htm
PEN,1321732.0,2019,0001321732-19-000031,pen-123118x10k.htm,2019-02-26,cached,cached_edgar/1321732/000132173219000031/pen-123118x10k.htm
PEN,1321732.0,2020,0001321732-20-000047,pen-20191231.htm,2020-02-26,cached,cached_edgar/1321732/000132173220000047/pen-20191231.htm
PEN,1321732.0,2025,0001321732-25-000012,pen-20241231.htm,2025-02-18,cached,cached_edgar/1321732/000132173225000012/pen-20241231.htm
ALGN,1097149.0,2019,0001097149-19-000009,algn-20181231x10k.htm,2019-02-28,cached,cached_edgar/1097149/000109714919000009/algn-20181231x10k.htm
ALGN,1097149.0,2020,0001097149-20-000008,algn-20191231x10k.htm,2020-02-28,cached,cached_edgar/1097149/000109714920000008/algn-20191231x10k.htm
ALGN,1097149.0,2025,0001097149-25-000012,algn-20241231.htm,2025-02-28,cached,cached_edgar/1097149/000109714925000012/algn-20241231.htm
GDDY,1609711.0,2019,0001609711-19-000012,a201810-kx10kdocument.htm,2019-02-22,cached,cached_edgar/1609711/000160971119000012/a201810-kx10kdocument.htm
GDDY,1609711.0,2020,0001609711-20-000022,gddy-20191231.htm,2020-02-21,cached,cached_edgar/1609711/000160971120000022/gddy-20191231.htm
GDDY,1609711.0,2025,0001609711-25-000023,gddy-20241231.htm,2025-02-20,cached,cached_edgar/1609711/000160971125000023/gddy-20241231.htm
NBIX,914475.0,2019,0001564590-19-002328,nbix-10k_20181231.htm,2019-02-08,cached,cached_edgar/914475/000156459019002328/nbix-10k_20181231.htm
NBIX,914475.0,2020,0001564590-20-003773,nbix-10k_20191231.htm,2020-02-07,cached,cached_edgar/914475/000156459020003773/nbix-10k_20191231.htm
NBIX,914475.0,2025,0000914475-25-000037,nbix-20241231.htm,2025-02-10,cached,cached_edgar/914475/000091447525000037/nbix-20241231.htm
UHS,352915.0,2019,0001564590-19-004919,uhs-10k_20181231.htm,2019-02-27,cached,cached_edgar/352915/000156459019004919/uhs-10k_20181231.htm
UHS,352915.0,2020,0001564590-20-006793,uhs-10k_20191231.htm,2020-02-26,cached,cached_edgar/352915/000156459020006793/uhs-10k_20191231.htm
UHS,352915.0,2025,0000950170-25-027785,uhs-20241231.htm,2025-02-26,cached,cached_edgar/352915/000095017025027785/uhs-20241231.htm
ACM,868857.0,2019,0001104659-19-063367,acm-20190930x10k94a79f.htm,2019-11-13,cached,cached_edgar/868857/000110465919063367/acm-20190930x10k94a79f.htm
ACM,868857.0,2020,0001104659-20-126988,acm-20200930x10k.htm,2020-11-19,cached,cached_edgar/868857/000110465920126988/acm-20200930x10k.htm
ACM,868857.0,2025,0000868857-25-000013,acm-20250930.htm,2025-11-19,cached,cached_edgar/868857/000086885725000013/acm-20250930.htm
SOLS,2064953.0,2019,,,,no_filing_for_year,
SOLS,2064953.0,2020,,,,no_filing_for_year,
SOLS,2064953.0,2025,,,,no_filing_for_year,
DCI,29644.0,2019,0000029644-19-000023,dci2019073110-k.htm,2019-09-27,cached,cached_edgar/29644/000002964419000023/dci2019073110-k.htm
DCI,29644.0,2020,0000029644-20-000046,dci-20200731.htm,2020-09-25,cached,cached_edgar/29644/000002964420000046/dci-20200731.htm
DCI,29644.0,2025,0000029644-25-000098,dci-20250731.htm,2025-09-26,cached,cached_edgar/29644/000002964425000098/dci-20250731.htm
UDR,74208.0,2019,0000074208-19-000028,c208-20181231x10k.htm,2019-02-19,cached,cached_edgar/74208/000007420819000028/c208-20181231x10k.htm
UDR,74208.0,2020,0000074208-20-000031,udr-20191231x10k.htm,2020-02-18,cached,cached_edgar/74208/000007420820000031/udr-20191231x10k.htm
UDR,74208.0,2025,0000074208-25-000010,udr-20241231x10k.htm,2025-02-18,cached,cached_edgar/74208/000007420825000010/udr-20241231x10k.htm
SNX,1177394.0,2019,,,,no_filing_for_year,
SNX,1177394.0,2020,0001564590-20-002467,snx-10k_20191130.htm,2020-01-29,cached,cached_edgar/1177394/000156459020002467/snx-10k_20191130.htm
SNX,1177394.0,2025,0001177394-25-000009,snx-20241130.htm,2025-01-24,cached,cached_edgar/1177394/000117739425000009/snx-20241130.htm
EQH,1333986.0,2019,0001333986-19-000010,eqhs-1and10xk.htm,2019-03-08,cached,cached_edgar/1333986/000133398619000010/eqhs-1and10xk.htm
EQH,1333986.0,2020,0001333986-20-000015,eqh201910-k.htm,2020-02-27,cached,cached_edgar/1333986/000133398620000015/eqh201910-k.htm
EQH,1333986.0,2025,0001333986-25-000011,eqh-20241231.htm,2025-02-24,cached,cached_edgar/1333986/000133398625000011/eqh-20241231.htm
NYT,71691.0,2019,0000071691-19-000003,a201810-k_q4project.htm,2019-02-26,cached,cached_edgar/71691/000007169119000003/a201810-k_q4project.htm
NYT,71691.0,2020,0000071691-20-000003,a201910-kq4project.htm,2020-02-27,cached,cached_edgar/71691/000007169120000003/a201910-kq4project.htm
NYT,71691.0,2025,0000071691-25-000047,nyt-20241231.htm,2025-02-27,cached,cached_edgar/71691/000007169125000047/nyt-20241231.htm
EXEL,939767.0,2019,0000939767-19-000042,exel2018123110-k.htm,2019-02-22,cached,cached_edgar/939767/000093976719000042/exel2018123110-k.htm
EXEL,939767.0,2020,0000939767-20-000035,exel2019123110-k.htm,2020-02-25,cached,cached_edgar/939767/000093976720000035/exel2019123110-k.htm
EXEL,939767.0,2025,0000939767-25-000019,exel-20250103.htm,2025-02-11,cached,cached_edgar/939767/000093976725000019/exel-20250103.htm
FHN,36966.0,2019,0000930413-19-000767,c92653_10k.htm,2019-02-28,cached,cached_edgar/36966/000093041319000767/c92653_10k.htm
FHN,36966.0,2020,0000930413-20-000605,c95148_10k-ixbrl.htm,2020-02-28,cached,cached_edgar/36966/000093041320000605/c95148_10k-ixbrl.htm
FHN,36966.0,2025,0000036966-25-000024,fhn-20241231.htm,2025-02-27,cached,cached_edgar/36966/000003696625000024/fhn-20241231.htm
UNM,5513.0,2019,0000005513-19-000004,unm12312018-10xk.htm,2019-02-19,cached,cached_edgar/5513/000000551319000004/unm12312018-10xk.htm
UNM,5513.0,2020,0000005513-20-000027,unm-20191231.htm,2020-02-18,cached,cached_edgar/5513/000000551320000027/unm-20191231.htm
UNM,5513.0,2025,0000005513-25-000015,unm-20241231.htm,2025-02-27,cached,cached_edgar/5513/000000551325000015/unm-20241231.htm
BBY,764478.0,2019,0000764478-19-000009,bby-2019x10k.htm,2019-03-28,cached,cached_edgar/764478/000076447819000009/bby-2019x10k.htm
BBY,764478.0,2020,0000764478-20-000017,bby-20200201x10k.htm,2020-03-23,cached,cached_edgar/764478/000076447820000017/bby-20200201x10k.htm
BBY,764478.0,2025,0000764478-25-000007,bby-20250201x10k.htm,2025-03-19,cached,cached_edgar/764478/000076447825000007/bby-20250201x10k.htm
FIVE,1177609.0,2019,0001177609-19-000010,form10k2018_fivebelowform1.htm,2019-03-28,cached,cached_edgar/1177609/000117760919000010/form10k2018_fivebelowform1.htm
FIVE,1177609.0,2020,0001177609-20-000009,form10k2019fivebelowfo.htm,2020-03-19,cached,cached_edgar/1177609/000117760920000009/form10k2019fivebelowfo.htm
FIVE,1177609.0,2025,0001177609-25-000009,five-20250201.htm,2025-03-20,cached,cached_edgar/1177609/000117760925000009/five-20250201.htm
WMS,1604028.0,2019,0001564590-19-020937,wms-10k_20190331.htm,2019-05-30,cached,cached_edgar/1604028/000156459019020937/wms-10k_20190331.htm
WMS,1604028.0,2020,0001564590-20-027846,wms-10k_20200331.htm,2020-06-01,cached,cached_edgar/1604028/000156459020027846/wms-10k_20200331.htm
WMS,1604028.0,2025,0001604028-25-000012,wms-20250331.htm,2025-05-15,cached,cached_edgar/1604028/000160402825000012/wms-20250331.htm
FLS,30625.0,2019,0000030625-19-000010,fls12312018financialstatem.htm,2019-02-22,cached,cached_edgar/30625/000003062519000010/fls12312018financialstatem.htm
FLS,30625.0,2020,0000030625-20-000007,fls12312019financialst.htm,2020-02-18,cached,cached_edgar/30625/000003062520000007/fls12312019financialst.htm
FLS,30625.0,2025,0000030625-25-000039,fls-20241231.htm,2025-02-26,cached,cached_edgar/30625/000003062525000039/fls-20241231.htm
ZBRA,877212.0,2019,0000877212-19-000011,a10k12312018zebra.htm,2019-02-14,cached,cached_edgar/877212/000087721219000011/a10k12312018zebra.htm
ZBRA,877212.0,2020,0000877212-20-000006,a10k12312019zebra.htm,2020-02-13,cached,cached_edgar/877212/000087721220000006/a10k12312019zebra.htm
ZBRA,877212.0,2025,0000877212-25-000027,zbra-20241231.htm,2025-02-13,cached,cached_edgar/877212/000087721225000027/zbra-20241231.htm
TXRH,1289460.0,2019,0001558370-19-000899,txrh-20181225x10k.htm,2019-02-22,cached,cached_edgar/1289460/000155837019000899/txrh-20181225x10k.htm
TXRH,1289460.0,2020,0001558370-20-001734,txrh-20191231x10k7d0b0f.htm,2020-02-28,cached,cached_edgar/1289460/000155837020001734/txrh-20191231x10k7d0b0f.htm
TXRH,1289460.0,2025,0001558370-25-001904,txrh-20241231x10k.htm,2025-02-28,cached,cached_edgar/1289460/000155837025001904/txrh-20241231x10k.htm
PR,1658566.0,2019,0001658566-19-000028,cdev1231201810-k.htm,2019-02-25,cached,cached_edgar/1658566/000165856619000028/cdev1231201810-k.htm
PR,1658566.0,2020,0001658566-20-000040,cdev1231201910-k.htm,2020-02-24,cached,cached_edgar/1658566/000165856620000040/cdev1231201910-k.htm
PR,1658566.0,2025,0001658566-25-000014,pr-20241231.htm,2025-02-26,cached,cached_edgar/1658566/000165856625000014/pr-20241231.htm
WBS,801337.0,2019,0000801337-19-000011,wbs-10k2018.htm,2019-03-01,cached,cached_edgar/801337/000080133719000011/wbs-10k2018.htm
WBS,801337.0,2020,0000801337-20-000014,wbs-20191231.htm,2020-02-28,cached,cached_edgar/801337/000080133720000014/wbs-20191231.htm
WBS,801337.0,2025,0000801337-25-000004,wbs-20241231.htm,2025-03-03,cached,cached_edgar/801337/000080133725000004/wbs-20241231.htm
GEN,849399.0,2019,0001104659-19-041857,a19-13070_110ka.htm,2019-07-25,cached,cached_edgar/849399/000110465919041857/a19-13070_110ka.htm
GEN,849399.0,2020,0000849399-20-000004,nlokfy2010-k.htm,2020-05-28,cached,cached_edgar/849399/000084939920000004/nlokfy2010-k.htm
GEN,849399.0,2025,0000849399-25-000033,gen-20250328.htm,2025-05-15,cached,cached_edgar/849399/000084939925000033/gen-20250328.htm
DOC,765880.0,2019,0001628280-19-001407,hcp10-k12312018.htm,2019-02-14,cached,cached_edgar/765880/000162828019001407/hcp10-k12312018.htm
DOC,765880.0,2020,0001628280-20-001456,healthpeak10-k12312019.htm,2020-02-13,cached,cached_edgar/765880/000162828020001456/healthpeak10-k12312019.htm
DOC,765880.0,2025,0001628280-25-003748,peak-20241231.htm,2025-02-04,cached,cached_edgar/765880/000162828025003748/peak-20241231.htm
PNW,764622.0,2019,0000764622-19-000019,pnw2018123110-k.htm,2019-02-22,cached,cached_edgar/764622/000076462219000019/pnw2018123110-k.htm
PNW,764622.0,2020,0000764622-20-000017,pnw2019123110-kfinal.htm,2020-02-21,cached,cached_edgar/764622/000076462220000017/pnw2019123110-kfinal.htm
PNW,764622.0,2025,0000764622-25-000023,pnw-20241231.htm,2025-02-25,cached,cached_edgar/764622/000076462225000023/pnw-20241231.htm
BLDR,1316835.0,2019,0001564590-19-005770,bldr-10k_20181231.htm,2019-03-01,cached,cached_edgar/1316835/000156459019005770/bldr-10k_20181231.htm
BLDR,1316835.0,2020,0001564590-20-005717,bldr-10k_20191231.htm,2020-02-21,cached,cached_edgar/1316835/000156459020005717/bldr-10k_20191231.htm
BLDR,1316835.0,2025,0000950170-25-023953,bldr-20241231.htm,2025-02-20,cached,cached_edgar/1316835/000095017025023953/bldr-20241231.htm
LAMR,1090425.0,2019,0001564590-19-004180,lamr-10ka_20181231.htm,2019-02-26,cached,cached_edgar/1090425/000156459019004180/lamr-10ka_20181231.htm
LAMR,1090425.0,2020,0001564590-20-005593,lamr-10k_20191231.htm,2020-02-20,cached,cached_edgar/1090425/000156459020005593/lamr-10k_20191231.htm
LAMR,1090425.0,2025,0001628280-25-006706,lamr-20241231.htm,2025-02-20,cached,cached_edgar/1090425/000162828025006706/lamr-20241231.htm
TEAM,1650372.0,2019,,,,no_filing_for_year,
TEAM,1650372.0,2020,,,,no_filing_for_year,
TEAM,1650372.0,2025,0001650372-25-000036,team-20250630.htm,2025-08-15,cached,cached_edgar/1650372/000165037225000036/team-20250630.htm
HUBS,1404655.0,2019,0001564590-19-002699,hubs-10k_20181231.htm,2019-02-12,cached,cached_edgar/1404655/000156459019002699/hubs-10k_20181231.htm
HUBS,1404655.0,2020,0001564590-20-004381,hubs-10k_20191231.htm,2020-02-12,cached,cached_edgar/1404655/000156459020004381/hubs-10k_20191231.htm
HUBS,1404655.0,2025,0000950170-25-018873,hubs-20241231.htm,2025-02-12,cached,cached_edgar/1404655/000095017025018873/hubs-20241231.htm
GL,320335.0,2019,0000320335-19-000006,tmk201810-kdocumentxq42018.htm,2019-03-01,cached,cached_edgar/320335/000032033519000006/tmk201810-kdocumentxq42018.htm
GL,320335.0,2020,0000320335-20-000008,gl-20191231.htm,2020-02-27,cached,cached_edgar/320335/000032033520000008/gl-20191231.htm
GL,320335.0,2025,0000320335-25-000013,gl-20241231.htm,2025-02-26,cached,cached_edgar/320335/000032033525000013/gl-20241231.htm
FOXA,1754301.0,2019,0001564590-19-031285,fox-10k_20190630.htm,2019-08-09,cached,cached_edgar/1754301/000156459019031285/fox-10k_20190630.htm
FOXA,1754301.0,2020,0001564590-20-038975,fox-10k_20200630.htm,2020-08-10,cached,cached_edgar/1754301/000156459020038975/fox-10k_20200630.htm
FOXA,1754301.0,2025,0001628280-25-038077,fox-20250630.htm,2025-08-06,cached,cached_edgar/1754301/000162828025038077/fox-20250630.htm
BMRN,1048477.0,2019,0001564590-19-005033,bmrn-10k_20181231.htm,2019-02-28,cached,cached_edgar/1048477/000156459019005033/bmrn-10k_20181231.htm
BMRN,1048477.0,2020,0001048477-20-000009,bmrn-20191231.htm,2020-02-27,cached,cached_edgar/1048477/000104847720000009/bmrn-20191231.htm
BMRN,1048477.0,2025,0001048477-25-000007,bmrn-20241231.htm,2025-02-24,cached,cached_edgar/1048477/000104847725000007/bmrn-20241231.htm
AGNC,1423689.0,2019,0001423689-19-000007,agnc10k123118.htm,2019-02-22,cached,cached_edgar/1423689/000142368919000007/agnc10k123118.htm
AGNC,1423689.0,2020,0001423689-20-000025,agnc10ka1231192.htm,2020-03-17,cached,cached_edgar/1423689/000142368920000025/agnc10ka1231192.htm
AGNC,1423689.0,2025,0001423689-25-000007,agnc-20241231.htm,2025-02-21,cached,cached_edgar/1423689/000142368925000007/agnc-20241231.htm
TOST,1650164.0,2019,,,,no_filing_for_year,
TOST,1650164.0,2020,,,,no_filing_for_year,
TOST,1650164.0,2025,0001650164-25-000072,tost-20241231.htm,2025-02-26,cached,cached_edgar/1650164/000165016425000072/tost-20241231.htm
CPT,906345.0,2019,0000906345-19-000006,cpt1231201810k.htm,2019-02-15,cached,cached_edgar/906345/000090634519000006/cpt1231201810k.htm
CPT,906345.0,2020,0000906345-20-000016,a201910-kaxexhibitindex.htm,2020-03-06,cached,cached_edgar/906345/000090634520000016/a201910-kaxexhibitindex.htm
CPT,906345.0,2025,0000906345-25-000008,cpt-20241231.htm,2025-02-20,cached,cached_edgar/906345/000090634525000008/cpt-20241231.htm
RIVN,1874178.0,2019,,,,no_filing_for_year,
RIVN,1874178.0,2020,,,,no_filing_for_year,
RIVN,1874178.0,2025,0001874178-25-000007,rivn-20241231.htm,2025-02-24,cached,cached_edgar/1874178/000187417825000007/rivn-20241231.htm
OKTA,1660134.0,2019,0001660134-19-000006,okta-1312019_10k.htm,2019-03-14,cached,cached_edgar/1660134/000166013419000006/okta-1312019_10k.htm
OKTA,1660134.0,2020,0001660134-20-000006,okta-131202010k.htm,2020-03-06,cached,cached_edgar/1660134/000166013420000006/okta-131202010k.htm
OKTA,1660134.0,2025,0001660134-25-000049,okta-20250131.htm,2025-03-05,cached,cached_edgar/1660134/000166013425000049/okta-20250131.htm
AES,874761.0,2019,0000874761-19-000012,a2018form10-k.htm,2019-02-27,cached,cached_edgar/874761/000087476119000012/a2018form10-k.htm
AES,874761.0,2020,0000874761-20-000012,a2019form10-k.htm,2020-02-28,cached,cached_edgar/874761/000087476120000012/a2019form10-k.htm
AES,874761.0,2025,0000874761-25-000029,aes-20241231.htm,2025-04-11,cached,cached_edgar/874761/000087476125000029/aes-20241231.htm
OSK,775158.0,2019,,,,no_filing_for_year,
OSK,775158.0,2020,0001564590-20-054491,osk-10k_20200930.htm,2020-11-18,cached,cached_edgar/775158/000156459020054491/osk-10k_20200930.htm
OSK,775158.0,2025,0000950170-25-024305,osk-20241231.htm,2025-02-20,cached,cached_edgar/775158/000095017025024305/osk-20241231.htm
JKHY,779152.0,2019,0000779152-19-000048,jkhy-20190630x10k.htm,2019-08-26,cached,cached_edgar/779152/000077915219000048/jkhy-20190630x10k.htm
JKHY,779152.0,2020,0000779152-20-000064,jkhy-20200630.htm,2020-08-25,cached,cached_edgar/779152/000077915220000064/jkhy-20200630.htm
JKHY,779152.0,2025,0000779152-25-000055,jkhy-20250630.htm,2025-08-25,cached,cached_edgar/779152/000077915225000055/jkhy-20250630.htm
RVTY,31791.0,2019,0000031791-19-000003,pki1230201810k.htm,2019-02-26,cached,cached_edgar/31791/000003179119000003/pki1230201810k.htm
RVTY,31791.0,2020,0000031791-20-000003,pki1229201910k.htm,2020-02-25,cached,cached_edgar/31791/000003179120000003/pki1229201910k.htm
RVTY,31791.0,2025,0000031791-25-000009,revv-20241229.htm,2025-02-25,cached,cached_edgar/31791/000003179125000009/revv-20241229.htm
EVR,1360901.0,2019,0001360901-19-000006,evr1231201810k.htm,2019-02-22,cached,cached_edgar/1360901/000136090119000006/evr1231201810k.htm
EVR,1360901.0,2020,0001360901-20-000006,evr1231201910k.htm,2020-02-25,cached,cached_edgar/1360901/000136090120000006/evr1231201910k.htm
EVR,1360901.0,2025,0001360901-25-000005,evr-20241231.htm,2025-02-21,cached,cached_edgar/1360901/000136090125000005/evr-20241231.htm
ALLY,40729.0,2019,,,,no_filing_for_year,
ALLY,40729.0,2020,0000040729-20-000005,ally2019123110-k.htm,2020-02-25,cached,cached_edgar/40729/000004072920000005/ally2019123110-k.htm
ALLY,40729.0,2025,0000040729-25-000006,ally-20241231.htm,2025-02-19,cached,cached_edgar/40729/000004072925000006/ally-20241231.htm
WTRG,78128.0,2019,0000078128-19-000002,wtr-20181231x10k.htm,2019-02-26,cached,cached_edgar/78128/000007812819000002/wtr-20181231x10k.htm
WTRG,78128.0,2020,0000078128-20-000005,wtrg-20191231x10k.htm,2020-02-28,cached,cached_edgar/78128/000007812820000005/wtrg-20191231x10k.htm
WTRG,78128.0,2025,0001562762-25-000036,wtrg-20241231x10k.htm,2025-02-27,cached,cached_edgar/78128/000156276225000036/wtrg-20241231x10k.htm
SCI,89089.0,2019,0000089089-19-000005,sci-12312018x10k.htm,2019-02-20,cached,cached_edgar/89089/000008908919000005/sci-12312018x10k.htm
SCI,89089.0,2020,0000089089-20-000010,sci-12312019x10k.htm,2020-02-18,cached,cached_edgar/89089/000008908920000010/sci-12312019x10k.htm
SCI,89089.0,2025,0000089089-25-000011,sci-20241231.htm,2025-02-13,cached,cached_edgar/89089/000008908925000011/sci-20241231.htm
SF,720672.0,2019,0001564590-19-003474,sf-10k_20181231.htm,2019-02-20,cached,cached_edgar/720672/000156459019003474/sf-10k_20181231.htm
SF,720672.0,2020,0001564590-20-020169,sf-10ka_20191231.htm,2020-04-30,cached,cached_edgar/720672/000156459020020169/sf-10ka_20191231.htm
SF,720672.0,2025,0000950170-25-027702,sf-20241231.htm,2025-02-26,cached,cached_edgar/720672/000095017025027702/sf-20241231.htm
SJM,91419.0,2019,0000091419-19-000005,sjm43019-10k.htm,2019-06-17,cached,cached_edgar/91419/000009141919000005/sjm43019-10k.htm
SJM,91419.0,2020,0000091419-20-000065,sjm-20200430.htm,2020-06-19,cached,cached_edgar/91419/000009141920000065/sjm-20200430.htm
SJM,91419.0,2025,0000091419-25-000056,sjm-20250430.htm,2025-06-18,cached,cached_edgar/91419/000009141925000056/sjm-20250430.htm
ROKU,1428439.0,2019,0001564590-19-005829,roku-10k_20181231.htm,2019-03-01,cached,cached_edgar/1428439/000156459019005829/roku-10k_20181231.htm
ROKU,1428439.0,2020,0001564590-20-007916,roku-10k_20191231.htm,2020-03-02,cached,cached_edgar/1428439/000156459020007916/roku-10k_20191231.htm
ROKU,1428439.0,2025,0001428439-25-000013,roku-20241231.htm,2025-02-14,cached,cached_edgar/1428439/000142843925000013/roku-20241231.htm
TTD,1671933.0,2019,0001564590-19-003906,ttd-10k_20181231.htm,2019-02-22,cached,cached_edgar/1671933/000156459019003906/ttd-10k_20181231.htm
TTD,1671933.0,2020,0001564590-20-007498,ttd-10k_20191231.htm,2020-02-28,cached,cached_edgar/1671933/000156459020007498/ttd-10k_20191231.htm
TTD,1671933.0,2025,0001671933-25-000029,ttd-20241231.htm,2025-02-21,cached,cached_edgar/1671933/000167193325000029/ttd-20241231.htm
CNH,1567094.0,2019,,,,no_filing_for_year,
CNH,1567094.0,2020,,,,no_filing_for_year,
CNH,1567094.0,2025,0001628280-25-009007,cnhi-20241231.htm,2025-02-28,cached,cached_edgar/1567094/000162828025009007/cnhi-20241231.htm
AIZ,1267238.0,2019,0001628280-19-001767,aiz1231201810k.htm,2019-02-22,cached,cached_edgar/1267238/000162828019001767/aiz1231201810k.htm
AIZ,1267238.0,2020,0001267238-20-000004,aiz1231201910k.htm,2020-02-19,cached,cached_edgar/1267238/000126723820000004/aiz1231201910k.htm
AIZ,1267238.0,2025,0001267238-25-000008,aiz-20241231.htm,2025-02-20,cached,cached_edgar/1267238/000126723825000008/aiz-20241231.htm
IT,749251.0,2019,,,,no_filing_for_year,
IT,749251.0,2020,,,,no_filing_for_year,
IT,749251.0,2025,0000749251-25-000008,it-20241231.htm,2025-02-13,cached,cached_edgar/749251/000074925125000008/it-20241231.htm
COKE,317540.0,2019,0001564590-19-005000,coke-10k_20181230.htm,2019-02-27,cached,cached_edgar/317540/000156459019005000/coke-10k_20181230.htm
COKE,317540.0,2020,0001564590-20-006432,coke-10k_20191229.htm,2020-02-25,cached,cached_edgar/317540/000156459020006432/coke-10k_20191229.htm
COKE,317540.0,2025,0000317540-25-000025,coke-20241231.htm,2025-02-20,cached,cached_edgar/317540/000031754025000025/coke-20241231.htm
ONTO,704532.0,2019,0001564590-19-004083,nano-10k_20181229.htm,2019-02-25,cached,cached_edgar/704532/000156459019004083/nano-10k_20181229.htm
ONTO,704532.0,2020,0001564590-20-006357,onto-10k_20191231.htm,2020-02-25,cached,cached_edgar/704532/000156459020006357/onto-10k_20191231.htm
ONTO,704532.0,2025,0000950170-25-026729,onto-20241228.htm,2025-02-25,cached,cached_edgar/704532/000095017025026729/onto-20241228.htm
SOLV,1964738.0,2019,,,,no_filing_for_year,
SOLV,1964738.0,2020,,,,no_filing_for_year,
SOLV,1964738.0,2025,0001964738-25-000019,solv-20241231.htm,2025-02-28,cached,cached_edgar/1964738/000196473825000019/solv-20241231.htm
GWRE,1528396.0,2019,0001528396-19-000036,gwre-7312019x10ka.htm,2019-10-01,cached,cached_edgar/1528396/000152839619000036/gwre-7312019x10ka.htm
GWRE,1528396.0,2020,0001528396-20-000053,gwre-20200731.htm,2020-09-28,cached,cached_edgar/1528396/000152839620000053/gwre-20200731.htm
GWRE,1528396.0,2025,0001528396-25-000221,gwre-20250731.htm,2025-09-11,cached,cached_edgar/1528396/000152839625000221/gwre-20250731.htm
CNM,1856525.0,2019,,,,no_filing_for_year,
CNM,1856525.0,2020,,,,no_filing_for_year,
CNM,1856525.0,2025,0001856525-25-000081,cnm-20250202.htm,2025-03-25,cached,cached_edgar/1856525/000185652525000081/cnm-20250202.htm
ARMK,1584509.0,2019,0001584509-19-000237,fy2019aramark10-k.htm,2019-11-26,cached,cached_edgar/1584509/000158450919000237/fy2019aramark10-k.htm
ARMK,1584509.0,2020,0001584509-20-000230,cik0-20201002.htm,2020-11-24,cached,cached_edgar/1584509/000158450920000230/cik0-20201002.htm
ARMK,1584509.0,2025,0001584509-25-000219,cik0-20251003.htm,2025-11-25,cached,cached_edgar/1584509/000158450925000219/cik0-20251003.htm
AIT,109563.0,2019,0000109563-19-000095,ait-2019630x10k.htm,2019-08-16,cached,cached_edgar/109563/000010956319000095/ait-2019630x10k.htm
AIT,109563.0,2020,0000109563-20-000083,ait-2020630x10k.htm,2020-08-14,cached,cached_edgar/109563/000010956320000083/ait-2020630x10k.htm
AIT,109563.0,2025,0000109563-25-000080,ait-20250630.htm,2025-08-15,cached,cached_edgar/109563/000010956325000080/ait-20250630.htm
DKNG,1883685.0,2019,,,,no_filing_for_year,
DKNG,1883685.0,2020,,,,no_filing_for_year,
DKNG,1883685.0,2025,0001883685-25-000010,dkng-20241231.htm,2025-02-14,cached,cached_edgar/1883685/000188368525000010/dkng-20241231.htm
ROIV,1635088.0,2019,,,,no_filing_for_year,
ROIV,1635088.0,2020,,,,no_filing_for_year,
ROIV,1635088.0,2025,0001140361-25-020715,ef20047582_10k.htm,2025-05-29,cached,cached_edgar/1635088/000114036125020715/ef20047582_10k.htm
NCLH,1513761.0,2019,0001144204-19-010508,tv513897_10k.htm,2019-02-27,cached,cached_edgar/1513761/000114420419010508/tv513897_10k.htm
NCLH,1513761.0,2020,0001558370-20-001661,nclh-20191231x10kc19a9c.htm,2020-02-27,cached,cached_edgar/1513761/000155837020001661/nclh-20191231x10kc19a9c.htm
NCLH,1513761.0,2025,0001558370-25-001743,nclh-20241231x10k.htm,2025-02-27,cached,cached_edgar/1513761/000155837025001743/nclh-20241231x10k.htm
OC,1370946.0,2019,,,,no_filing_for_year,
OC,1370946.0,2020,0001370946-20-000015,oc-20191231.htm,2020-02-19,cached,cached_edgar/1370946/000137094620000015/oc-20191231.htm
OC,1370946.0,2025,0001370946-25-000077,oc-20241231.htm,2025-02-24,cached,cached_edgar/1370946/000137094625000077/oc-20241231.htm
SN,1957132.0,2019,,,,no_filing_for_year,
SN,1957132.0,2020,,,,no_filing_for_year,
SN,1957132.0,2025,,,,no_filing_for_year,
SAIA,1177702.0,2019,0001564590-19-004105,saia-10k_20181231.htm,2019-02-25,cached,cached_edgar/1177702/000156459019004105/saia-10k_20181231.htm
SAIA,1177702.0,2020,0001564590-20-006382,saia-10k_20191231.htm,2020-02-25,cached,cached_edgar/1177702/000156459020006382/saia-10k_20191231.htm
SAIA,1177702.0,2025,0000950170-25-025702,saia-20241231.htm,2025-02-24,cached,cached_edgar/1177702/000095017025025702/saia-20241231.htm
BAX,10456.0,2019,0001564590-19-003727,bax-10k_20181231.htm,2019-02-21,cached,cached_edgar/10456/000156459019003727/bax-10k_20181231.htm
BAX,10456.0,2020,0001628280-20-003693,bax-20191231.htm,2020-03-17,cached,cached_edgar/10456/000162828020003693/bax-20191231.htm
BAX,10456.0,2025,0001628280-25-007201,bax-20241231.htm,2025-02-21,cached,cached_edgar/10456/000162828025007201/bax-20241231.htm
ONON,1858985.0,2019,,,,no_filing_for_year,
ONON,1858985.0,2020,,,,no_filing_for_year,
ONON,1858985.0,2025,,,,no_filing_for_year,
EHC,785161.0,2019,0000785161-19-000011,ehc10k123118.htm,2019-02-27,cached,cached_edgar/785161/000078516119000011/ehc10k123118.htm
EHC,785161.0,2020,0000785161-20-000011,ehc10k123119.htm,2020-02-27,cached,cached_edgar/785161/000078516120000011/ehc10k123119.htm
EHC,785161.0,2025,0000785161-25-000009,ehc-20241231.htm,2025-02-28,cached,cached_edgar/785161/000078516125000009/ehc-20241231.htm
GMED,1237831.0,2019,0001237831-19-000014,gmed12311810k.htm,2019-02-21,cached,cached_edgar/1237831/000123783119000014/gmed12311810k.htm
GMED,1237831.0,2020,0001237831-20-000015,gmed-20191231x10ka.htm,2020-03-02,cached,cached_edgar/1237831/000123783120000015/gmed-20191231x10ka.htm
GMED,1237831.0,2025,0001562762-25-000026,gmed-20241231x10k.htm,2025-02-20,cached,cached_edgar/1237831/000156276225000026/gmed-20241231x10k.htm
JAZZ,1232524.0,2019,0001193125-19-122354,d712716d10ka.htm,2019-04-26,cached,cached_edgar/1232524/000119312519122354/d712716d10ka.htm
JAZZ,1232524.0,2020,0001193125-20-119160,d859263d10ka.htm,2020-04-24,cached,cached_edgar/1232524/000119312520119160/d859263d10ka.htm
JAZZ,1232524.0,2025,0001232524-25-000014,jazz-20241231.htm,2025-04-25,cached,cached_edgar/1232524/000123252425000014/jazz-20241231.htm
ALSN,1411207.0,2019,,,,no_filing_for_year,
ALSN,1411207.0,2020,0001564590-20-007355,alsn-10k_20191231.htm,2020-02-27,cached,cached_edgar/1411207/000156459020007355/alsn-10k_20191231.htm
ALSN,1411207.0,2025,0000950170-25-019379,alsn-20241231.htm,2025-02-13,cached,cached_edgar/1411207/000095017025019379/alsn-20241231.htm
DT,1773383.0,2019,,,,no_filing_for_year,
DT,1773383.0,2020,0001773383-20-000053,dynatrace10-kfy20.htm,2020-05-27,cached,cached_edgar/1773383/000177338320000053/dynatrace10-kfy20.htm
DT,1773383.0,2025,0001773383-25-000065,dt-20250331.htm,2025-05-22,cached,cached_edgar/1773383/000177338325000065/dt-20250331.htm
AMH,1562401.0,2019,0001562401-19-000020,amh12311810k.htm,2019-02-22,cached,cached_edgar/1562401/000156240119000020/amh12311810k.htm
AMH,1562401.0,2020,0001562401-20-000037,amh12311910k.htm,2020-02-28,cached,cached_edgar/1562401/000156240120000037/amh12311910k.htm
AMH,1562401.0,2025,0001562401-25-000013,amh-20241231.htm,2025-02-21,cached,cached_edgar/1562401/000156240125000013/amh-20241231.htm
APA,1841666.0,2019,,,,no_filing_for_year,
APA,1841666.0,2020,,,,no_filing_for_year,
APA,1841666.0,2025,0002040266-25-000007,apa-20241231.htm,2025-02-28,cached,cached_edgar/1841666/000204026625000007/apa-20241231.htm
PINS,1506293.0,2019,,,,no_filing_for_year,
PINS,1506293.0,2020,0001506293-20-000013,pins-20191231.htm,2020-02-07,cached,cached_edgar/1506293/000150629320000013/pins-20191231.htm
PINS,1506293.0,2025,0001506293-25-000022,pins-20241231.htm,2025-02-06,cached,cached_edgar/1506293/000150629325000022/pins-20241231.htm
TTC,737758.0,2019,0000737758-19-000028,ttc-10312019x10k.htm,2019-12-20,cached,cached_edgar/737758/000073775819000028/ttc-10312019x10k.htm
TTC,737758.0,2020,0000737758-20-000029,ttc-20201031.htm,2020-12-18,cached,cached_edgar/737758/000073775820000029/ttc-20201031.htm
TTC,737758.0,2025,0000737758-25-000115,ttc-20251031.htm,2025-12-17,cached,cached_edgar/737758/000073775825000115/ttc-20251031.htm
SSB,764038.0,2019,0001558370-19-000905,ssb-20181231x10k.htm,2019-02-22,cached,cached_edgar/764038/000155837019000905/ssb-20181231x10k.htm
SSB,764038.0,2020,0001558370-20-002156,ssb-20191231x10ka06697.htm,2020-03-06,cached,cached_edgar/764038/000155837020002156/ssb-20191231x10ka06697.htm
SSB,764038.0,2025,0001558370-25-001274,ssb-20241231x10k.htm,2025-02-21,cached,cached_edgar/764038/000155837025001274/ssb-20241231x10k.htm
CGNX,851205.0,2019,0000851205-19-000003,cgnx-20181231x10xk.htm,2019-02-14,cached,cached_edgar/851205/000085120519000003/cgnx-20181231x10xk.htm
CGNX,851205.0,2020,0000851205-20-000002,cgnx-20191231x10xk.htm,2020-02-13,cached,cached_edgar/851205/000085120520000002/cgnx-20191231x10xk.htm
CGNX,851205.0,2025,0000851205-25-000012,cgnx-20241231.htm,2025-02-13,cached,cached_edgar/851205/000085120525000012/cgnx-20241231.htm
QGEN,1015820.0,2019,,,,no_filing_for_year,
QGEN,1015820.0,2020,,,,no_filing_for_year,
QGEN,1015820.0,2025,,,,no_filing_for_year,
EGP,49600.0,2019,0000049600-19-000007,egp1231201810k.htm,2019-02-14,cached,cached_edgar/49600/000004960019000007/egp1231201810k.htm
EGP,49600.0,2020,0000049600-20-000030,egp1231201910k.htm,2020-02-13,cached,cached_edgar/49600/000004960020000030/egp1231201910k.htm
EGP,49600.0,2025,0000049600-25-000019,egp-20241231.htm,2025-02-12,cached,cached_edgar/49600/000004960025000019/egp-20241231.htm
CR,1944013.0,2019,,,,no_filing_for_year,
CR,1944013.0,2020,,,,no_filing_for_year,
CR,1944013.0,2025,0001628280-25-008728,cr-20241231.htm,2025-02-27,cached,cached_edgar/1944013/000162828025008728/cr-20241231.htm
OGE,1021635.0,2019,0001021635-19-000015,a2018ogeenergy10-k.htm,2019-02-21,cached,cached_edgar/1021635/000102163519000015/a2018ogeenergy10-k.htm
OGE,1021635.0,2020,0001021635-20-000016,oge-20191231.htm,2020-02-27,cached,cached_edgar/1021635/000102163520000016/oge-20191231.htm
OGE,1021635.0,2025,0000950170-25-022560,oge-20241231.htm,2025-02-19,cached,cached_edgar/1021635/000095017025022560/oge-20241231.htm
WTFC,1015328.0,2019,0001015328-19-000055,wtfc-201810xk.htm,2019-02-28,cached,cached_edgar/1015328/000101532819000055/wtfc-201810xk.htm
WTFC,1015328.0,2020,0001015328-20-000067,wtfc-201910xk.htm,2020-02-28,cached,cached_edgar/1015328/000101532820000067/wtfc-201910xk.htm
WTFC,1015328.0,2025,0001015328-25-000093,wtfc-20241231.htm,2025-02-28,cached,cached_edgar/1015328/000101532825000093/wtfc-20241231.htm
MEDP,1668397.0,2019,0001564590-19-004451,medp-10k_20181231.htm,2019-02-26,cached,cached_edgar/1668397/000156459019004451/medp-10k_20181231.htm
MEDP,1668397.0,2020,0001564590-20-006385,medp-10k_20191231.htm,2020-02-25,cached,cached_edgar/1668397/000156459020006385/medp-10k_20191231.htm
MEDP,1668397.0,2025,0001668397-25-000017,medp-20241231.htm,2025-02-11,cached,cached_edgar/1668397/000166839725000017/medp-20241231.htm
BPOP,763901.0,2019,0001193125-19-059912,d667927d10k.htm,2019-03-01,cached,cached_edgar/763901/000119312519059912/d667927d10k.htm
BPOP,763901.0,2020,0001193125-20-058848,d838900d10k.htm,2020-03-02,cached,cached_edgar/763901/000119312520058848/d838900d10k.htm
BPOP,763901.0,2025,0001193125-25-043848,d924089d10k.htm,2025-03-03,cached,cached_edgar/763901/000119312525043848/d924089d10k.htm
AR,1433270.0,2019,0001558370-19-000629,ar-20181231x10k.htm,2019-02-13,cached,cached_edgar/1433270/000155837019000629/ar-20181231x10k.htm
AR,1433270.0,2020,0001558370-20-000726,ar-20191231x10kf7b183.htm,2020-02-12,cached,cached_edgar/1433270/000155837020000726/ar-20191231x10kf7b183.htm
AR,1433270.0,2025,0001558370-25-000864,ar-20241231x10k.htm,2025-02-12,cached,cached_edgar/1433270/000155837025000864/ar-20241231x10k.htm
NTNX,1618732.0,2019,0001618732-19-000114,ntnx-07312019x10kxq419.htm,2019-09-24,cached,cached_edgar/1618732/000161873219000114/ntnx-07312019x10kxq419.htm
NTNX,1618732.0,2020,0001618732-20-000112,ntnx-20200731.htm,2020-09-23,cached,cached_edgar/1618732/000161873220000112/ntnx-20200731.htm
NTNX,1618732.0,2025,0001193125-25-213801,ntnx-20250731.htm,2025-09-24,cached,cached_edgar/1618732/000119312525213801/ntnx-20250731.htm
GME,1326380.0,2019,0001326380-19-000052,a10k-fy18q4.htm,2019-04-02,cached,cached_edgar/1326380/000132638019000052/a10k-fy18q4.htm
GME,1326380.0,2020,0001326380-20-000022,a10k-fy19q4.htm,2020-03-27,cached,cached_edgar/1326380/000132638020000022/a10k-fy19q4.htm
GME,1326380.0,2025,0001628280-25-014731,gme-20250201.htm,2025-03-25,cached,cached_edgar/1326380/000162828025014731/gme-20250201.htm
IVZ,914208.0,2019,,,,no_filing_for_year,
IVZ,914208.0,2020,,,,no_filing_for_year,
IVZ,914208.0,2025,0000914208-25-000114,ivz-20241231.htm,2025-02-25,cached,cached_edgar/914208/000091420825000114/ivz-20241231.htm
ATR,896622.0,2019,0001558370-19-000824,atr-20181231x10k.htm,2019-02-21,cached,cached_edgar/896622/000155837019000824/atr-20181231x10k.htm
ATR,896622.0,2020,0001558370-20-001217,atr-20191231x10k2d4ba9.htm,2020-02-24,cached,cached_edgar/896622/000155837020001217/atr-20191231x10k2d4ba9.htm
ATR,896622.0,2025,0000896622-25-000007,atr-20241231.htm,2025-02-07,cached,cached_edgar/896622/000089662225000007/atr-20241231.htm
ORI,74260.0,2019,0000074260-19-000016,ori201810-k.htm,2019-02-28,cached,cached_edgar/74260/000007426019000016/ori201810-k.htm
ORI,74260.0,2020,0000074260-20-000024,ori201910-k.htm,2020-02-28,cached,cached_edgar/74260/000007426020000024/ori201910-k.htm
ORI,74260.0,2025,0000074260-25-000090,ori-20241231.htm,2025-03-27,cached,cached_edgar/74260/000007426025000090/ori-20241231.htm
WAL,1212545.0,2019,0001212545-19-000066,wal1231201810-k.htm,2019-03-01,cached,cached_edgar/1212545/000121254519000066/wal1231201810-k.htm
WAL,1212545.0,2020,0001212545-20-000104,wal1231201910-k.htm,2020-03-02,cached,cached_edgar/1212545/000121254520000104/wal1231201910-k.htm
WAL,1212545.0,2025,0001212545-25-000090,wal-20241231.htm,2025-02-25,cached,cached_edgar/1212545/000121254525000090/wal-20241231.htm
AYI,1144215.0,2019,0001144215-19-000114,ayi-20190831x10k.htm,2019-10-29,cached,cached_edgar/1144215/000114421519000114/ayi-20190831x10k.htm
AYI,1144215.0,2020,0001144215-20-000125,ayi-20200831x10k.htm,2020-10-23,cached,cached_edgar/1144215/000114421520000125/ayi-20200831x10k.htm
AYI,1144215.0,2025,0001144215-25-000082,ayi-20250831.htm,2025-10-27,cached,cached_edgar/1144215/000114421525000082/ayi-20250831.htm
KNX,1492691.0,2019,0001492691-19-000012,knx-10k12312018.htm,2019-02-28,cached,cached_edgar/1492691/000149269119000012/knx-10k12312018.htm
KNX,1492691.0,2020,0001492691-20-000013,knx-10k12312019.htm,2020-02-27,cached,cached_edgar/1492691/000149269120000013/knx-10k12312019.htm
KNX,1492691.0,2025,0001492691-25-000013,knx-20241231.htm,2025-02-20,cached,cached_edgar/1492691/000149269125000013/knx-20241231.htm
BXP,1037540.0,2019,0001656423-19-000006,bxpandbplp201810-k.htm,2019-02-28,cached,cached_edgar/1037540/000165642319000006/bxpandbplp201810-k.htm
BXP,1037540.0,2020,0001656423-20-000007,bxpandbplp201910-k.htm,2020-03-02,cached,cached_edgar/1037540/000165642320000007/bxpandbplp201910-k.htm
BXP,1037540.0,2025,0001656423-25-000009,bxp-20241231.htm,2025-02-27,cached,cached_edgar/1037540/000165642325000009/bxp-20241231.htm
BRX,1581068.0,2019,0001581068-19-000005,brx10k12312018.htm,2019-02-11,cached,cached_edgar/1581068/000158106819000005/brx10k12312018.htm
BRX,1581068.0,2020,0001581068-20-000008,brx10k12312019.htm,2020-02-10,cached,cached_edgar/1581068/000158106820000008/brx10k12312019.htm
BRX,1581068.0,2025,0001581068-25-000009,brx-20241231.htm,2025-02-10,cached,cached_edgar/1581068/000158106825000009/brx-20241231.htm
ARE,1035443.0,2019,,,,no_filing_for_year,
ARE,1035443.0,2020,0001035443-20-000042,a4q1910-k.htm,2020-02-04,cached,cached_edgar/1035443/000103544320000042/a4q1910-k.htm
ARE,1035443.0,2025,0001035443-25-000067,are-20241231.htm,2025-01-27,cached,cached_edgar/1035443/000103544325000067/are-20241231.htm
FRT,34903.0,2019,0000034903-19-000013,frt-1231201810k.htm,2019-02-13,cached,cached_edgar/34903/000003490319000013/frt-1231201810k.htm
FRT,34903.0,2020,0000034903-20-000008,frt-1231201910k.htm,2020-02-10,cached,cached_edgar/34903/000003490320000008/frt-1231201910k.htm
FRT,34903.0,2025,0000034903-25-000016,frt-20241231.htm,2025-02-13,cached,cached_edgar/34903/000003490325000016/frt-20241231.htm
XP,1787425.0,2019,,,,no_filing_for_year,
XP,1787425.0,2020,,,,no_filing_for_year,
XP,1787425.0,2025,,,,no_filing_for_year,
SWKS,4127.0,2019,0000004127-19-000049,fy1910k92719.htm,2019-11-14,cached,cached_edgar/4127/000000412719000049/fy1910k92719.htm
SWKS,4127.0,2020,0000004127-20-000058,swks-20201002.htm,2020-11-17,cached,cached_edgar/4127/000000412720000058/swks-20201002.htm
SWKS,4127.0,2025,0000004127-25-000085,swks-20251003.htm,2025-11-07,cached,cached_edgar/4127/000000412725000085/swks-20251003.htm
BAH,1443646.0,2019,0001443646-19-000093,bah-20190331x10k.htm,2019-05-28,cached,cached_edgar/1443646/000144364619000093/bah-20190331x10k.htm
BAH,1443646.0,2020,0001443646-20-000086,bah-20200331x10k.htm,2020-05-26,cached,cached_edgar/1443646/000144364620000086/bah-20200331x10k.htm
BAH,1443646.0,2025,0001443646-25-000076,bah-20250331.htm,2025-05-23,cached,cached_edgar/1443646/000144364625000076/bah-20250331.htm
SGAFT,,2019,,,,missing_cik,
SGAFT,,2020,,,,missing_cik,
SGAFT,,2025,,,,missing_cik,
TECH,842023.0,2019,0001437749-19-021760,tech20191030_10ka.htm,2019-11-06,cached,cached_edgar/842023/000143774919021760/tech20191030_10ka.htm
TECH,842023.0,2020,0001437749-20-018754,tech20200630_10k.htm,2020-08-26,cached,cached_edgar/842023/000143774920018754/tech20200630_10k.htm
TECH,842023.0,2025,0001558370-25-011716,tech-20250630x10k.htm,2025-08-22,cached,cached_edgar/842023/000155837025011716/tech-20250630x10k.htm
CAG,23217.0,2019,0000023217-19-000006,cag-2019x10k.htm,2019-07-19,cached,cached_edgar/23217/000002321719000006/cag-2019x10k.htm
CAG,23217.0,2020,0001564590-20-033366,cag-10k_20200531.htm,2020-07-24,cached,cached_edgar/23217/000156459020033366/cag-10k_20200531.htm
CAG,23217.0,2025,0001558370-25-009180,tmb-20250525x10k.htm,2025-07-10,cached,cached_edgar/23217/000155837025009180/tmb-20250525x10k.htm
HSIC,1000228.0,2019,0001000228-19-000015,the10k_2018.htm,2019-02-20,cached,cached_edgar/1000228/000100022819000015/the10k_2018.htm
HSIC,1000228.0,2020,0001000228-20-000018,hsic-20191228.htm,2020-02-20,cached,cached_edgar/1000228/000100022820000018/hsic-20191228.htm
HSIC,1000228.0,2025,0001000228-25-000014,hsic-20241228.htm,2025-02-25,cached,cached_edgar/1000228/000100022825000014/hsic-20241228.htm
MOS,1285785.0,2019,0001618034-19-000004,mos-20181231x10k.htm,2019-03-13,cached,cached_edgar/1285785/000161803419000004/mos-20181231x10k.htm
MOS,1285785.0,2020,0001618034-20-000003,mos-20191231x10k.htm,2020-02-20,cached,cached_edgar/1285785/000161803420000003/mos-20191231x10k.htm
MOS,1285785.0,2025,0001618034-25-000003,mos-20241231.htm,2025-03-03,cached,cached_edgar/1285785/000161803425000003/mos-20241231.htm
VMI,102729.0,2019,0000102729-19-000003,a10-k12292018.htm,2019-02-27,cached,cached_edgar/102729/000010272919000003/a10-k12292018.htm
VMI,102729.0,2020,0000102729-20-000004,a10-k12282019forq42019.htm,2020-02-26,cached,cached_edgar/102729/000010272920000004/a10-k12282019forq42019.htm
VMI,102729.0,2025,0000102729-25-000009,vmi-20241228x10k.htm,2025-02-25,cached,cached_edgar/102729/000010272925000009/vmi-20241228x10k.htm
RRC,315852.0,2019,0001564590-19-004113,rrc-10k_20181231.htm,2019-02-25,cached,cached_edgar/315852/000156459019004113/rrc-10k_20181231.htm
RRC,315852.0,2020,0001564590-20-007459,rrc-10k_20191231.htm,2020-02-27,cached,cached_edgar/315852/000156459020007459/rrc-10k_20191231.htm
RRC,315852.0,2025,0000950170-25-026789,rrc-20241231.htm,2025-02-25,cached,cached_edgar/315852/000095017025026789/rrc-20241231.htm
HLI,1302215.0,2019,0001302215-19-000044,q419hli-03312019x10k.htm,2019-05-24,cached,cached_edgar/1302215/000130221519000044/q419hli-03312019x10k.htm
HLI,1302215.0,2020,0001302215-20-000074,fy2010-k.htm,2020-05-15,cached,cached_edgar/1302215/000130221520000074/fy2010-k.htm
HLI,1302215.0,2025,0001302215-25-000024,hli-20250331.htm,2025-05-15,cached,cached_edgar/1302215/000130221525000024/hli-20250331.htm
R,85961.0,2019,0000085961-19-000033,a201810-k.htm,2019-02-21,cached,cached_edgar/85961/000008596119000033/a201810-k.htm
R,85961.0,2020,0000085961-20-000089,a201910-k.htm,2020-02-27,cached,cached_edgar/85961/000008596120000089/a201910-k.htm
R,85961.0,2025,0000085961-25-000032,r-20241231.htm,2025-02-12,cached,cached_edgar/85961/000008596125000032/r-20241231.htm
CUBE,1298675.0,2019,0001298675-19-000009,cube-20181231x10k.htm,2019-02-22,cached,cached_edgar/1298675/000129867519000009/cube-20181231x10k.htm
CUBE,1298675.0,2020,0001298675-20-000008,cube-20191231x10k.htm,2020-02-21,cached,cached_edgar/1298675/000129867520000008/cube-20191231x10k.htm
CUBE,1298675.0,2025,0001298675-25-000011,cube-20241231x10k.htm,2025-02-28,cached,cached_edgar/1298675/000129867525000011/cube-20241231x10k.htm
AOS,91142.0,2019,0001193125-19-042339,d678397d10k.htm,2019-02-15,cached,cached_edgar/91142/000119312519042339/d678397d10k.htm
AOS,91142.0,2020,0001193125-20-046736,d846284d10k.htm,2020-02-24,cached,cached_edgar/91142/000119312520046736/d846284d10k.htm
AOS,91142.0,2025,0000091142-25-000036,aos-20241231.htm,2025-02-11,cached,cached_edgar/91142/000009114225000036/aos-20241231.htm
NWSA,1564708.0,2019,,,,no_filing_for_year,
NWSA,1564708.0,2020,,,,no_filing_for_year,
NWSA,1564708.0,2025,0001564708-25-000419,nws-20250630.htm,2025-08-06,cached,cached_edgar/1564708/000156470825000419/nws-20250630.htm
LFUS,889331.0,2019,0000889331-19-000015,lfus-122918x10k.htm,2019-02-22,cached,cached_edgar/889331/000088933119000015/lfus-122918x10k.htm
LFUS,889331.0,2020,0000889331-20-000014,lfus-122819x10k.htm,2020-02-21,cached,cached_edgar/889331/000088933120000014/lfus-122819x10k.htm
LFUS,889331.0,2025,0000889331-25-000039,lfus-20241228.htm,2025-03-13,cached,cached_edgar/889331/000088933125000039/lfus-20241228.htm
COLB,887343.0,2019,0000887343-19-000033,colb2018form10-k.htm,2019-02-28,cached,cached_edgar/887343/000088734319000033/colb2018form10-k.htm
COLB,887343.0,2020,0000887343-20-000070,colb2019form10-k.htm,2020-02-27,cached,cached_edgar/887343/000088734320000070/colb2019form10-k.htm
COLB,887343.0,2025,0000887343-25-000054,colb-20241231.htm,2025-02-25,cached,cached_edgar/887343/000088734325000054/colb-20241231.htm
EMN,915389.0,2019,0000915389-19-000009,emn2018123110k.htm,2019-02-27,cached,cached_edgar/915389/000091538919000009/emn2018123110k.htm
EMN,915389.0,2020,0000915389-20-000016,emn2019123110k.htm,2020-02-26,cached,cached_edgar/915389/000091538920000016/emn2019123110k.htm
EMN,915389.0,2025,0000915389-25-000012,emn-20241231.htm,2025-02-14,cached,cached_edgar/915389/000091538925000012/emn-20241231.htm
LKQ,1065696.0,2019,0001065696-19-000010,lkq-20181231_10k.htm,2019-03-01,cached,cached_edgar/1065696/000106569619000010/lkq-20181231_10k.htm
LKQ,1065696.0,2020,0001065696-20-000008,lkq-2019123110k.htm,2020-02-27,cached,cached_edgar/1065696/000106569620000008/lkq-2019123110k.htm
LKQ,1065696.0,2025,0001065696-25-000015,lkq-20241231.htm,2025-02-20,cached,cached_edgar/1065696/000106569625000015/lkq-20241231.htm
REXR,1571283.0,2019,0001571283-19-000007,rexr-20181231x10xka.htm,2019-02-28,cached,cached_edgar/1571283/000157128319000007/rexr-20181231x10xka.htm
REXR,1571283.0,2020,0001571283-20-000013,rexr-20191231x10k.htm,2020-02-19,cached,cached_edgar/1571283/000157128320000013/rexr-20191231x10k.htm
REXR,1571283.0,2025,0001571283-25-000006,rexr-20241231.htm,2025-02-10,cached,cached_edgar/1571283/000157128325000006/rexr-20241231.htm
ZION,109380.0,2019,,,,no_filing_for_year,
ZION,109380.0,2020,,,,no_filing_for_year,
ZION,109380.0,2025,0000109380-25-000040,zions-20241231.htm,2025-02-25,cached,cached_edgar/109380/000010938025000040/zions-20241231.htm
AAL,6201.0,2019,0000006201-19-000009,a10k123118.htm,2019-02-25,cached,cached_edgar/6201/000000620119000009/a10k123118.htm
AAL,6201.0,2020,0000006201-20-000023,a10k123119.htm,2020-02-19,cached,cached_edgar/6201/000000620120000023/a10k123119.htm
AAL,6201.0,2025,0000006201-25-000010,aal-20241231.htm,2025-02-19,cached,cached_edgar/6201/000000620125000010/aal-20241231.htm
AGCO,880266.0,2019,0000880266-19-000009,a2018agco10-k.htm,2019-03-01,cached,cached_edgar/880266/000088026619000009/a2018agco10-k.htm
AGCO,880266.0,2020,0000880266-20-000006,a2019agco10-k.htm,2020-02-28,cached,cached_edgar/880266/000088026620000006/a2019agco10-k.htm
AGCO,880266.0,2025,0000880266-25-000011,agco-20241231.htm,2025-02-24,cached,cached_edgar/880266/000088026625000011/agco-20241231.htm
TTEK,831641.0,2019,0000831641-19-000193,tt10-kfy19document.htm,2019-11-29,cached,cached_edgar/831641/000083164119000193/tt10-kfy19document.htm
TTEK,831641.0,2020,0000831641-20-000154,ttek-20200927.htm,2020-11-23,cached,cached_edgar/831641/000083164120000154/ttek-20200927.htm
TTEK,831641.0,2025,0000831641-25-000032,ttek-20250928.htm,2025-11-20,cached,cached_edgar/831641/000083164125000032/ttek-20250928.htm
AFG,1042046.0,2019,0001042046-19-000014,afg-2018123110k.htm,2019-02-26,cached,cached_edgar/1042046/000104204619000014/afg-2018123110k.htm
AFG,1042046.0,2020,0001042046-20-000013,afg-2019123110k.htm,2020-02-25,cached,cached_edgar/1042046/000104204620000013/afg-2019123110k.htm
AFG,1042046.0,2025,0001042046-25-000011,afg-20241231.htm,2025-02-25,cached,cached_edgar/1042046/000104204625000011/afg-20241231.htm
HALO,1159036.0,2019,0001159036-19-000006,halo2018-10k.htm,2019-02-21,cached,cached_edgar/1159036/000115903619000006/halo2018-10k.htm
HALO,1159036.0,2020,0001159036-20-000013,halo2019-10k.htm,2020-02-24,cached,cached_edgar/1159036/000115903620000013/halo2019-10k.htm
HALO,1159036.0,2025,0001159036-25-000010,halo-20241231.htm,2025-02-18,cached,cached_edgar/1159036/000115903625000010/halo-20241231.htm
DOCU,1261333.0,2019,0001261333-19-000012,fy1910k.htm,2019-03-26,cached,cached_edgar/1261333/000126133319000012/fy1910k.htm
DOCU,1261333.0,2020,0001261333-20-000033,docu-20200131.htm,2020-03-27,cached,cached_edgar/1261333/000126133320000033/docu-20200131.htm
DOCU,1261333.0,2025,0001261333-25-000024,docu-20250131.htm,2025-03-18,cached,cached_edgar/1261333/000126133325000024/docu-20250131.htm
ADC,917251.0,2019,0001558370-19-000849,adc-20181231x10k.htm,2019-02-21,cached,cached_edgar/917251/000155837019000849/adc-20181231x10k.htm
ADC,917251.0,2020,0001558370-20-001080,adc-20191231x10k4f0b3a.htm,2020-02-20,cached,cached_edgar/917251/000155837020001080/adc-20191231x10k4f0b3a.htm
ADC,917251.0,2025,0001558370-25-000803,adc-20241231x10k.htm,2025-02-11,cached,cached_edgar/917251/000155837025000803/adc-20241231x10k.htm
TAP,24545.0,2019,0000024545-19-000007,tap2018123110-k.htm,2019-02-12,cached,cached_edgar/24545/000002454519000007/tap2018123110-k.htm
TAP,24545.0,2020,0000024545-20-000005,tap2019123110-k.htm,2020-02-12,cached,cached_edgar/24545/000002454520000005/tap2019123110-k.htm
TAP,24545.0,2025,0000024545-25-000007,tap-20241231.htm,2025-02-18,cached,cached_edgar/24545/000002454525000007/tap-20241231.htm
CFLT,1699838.0,2019,,,,no_filing_for_year,
CFLT,1699838.0,2020,,,,no_filing_for_year,
CFLT,1699838.0,2025,0000950170-25-022369,cflt-20241231.htm,2025-02-18,cached,cached_edgar/1699838/000095017025022369/cflt-20241231.htm
AMG,1004434.0,2019,0001004434-19-000011,a10-kaxpart1aqr2018.htm,2019-04-01,cached,cached_edgar/1004434/000100443419000011/a10-kaxpart1aqr2018.htm
AMG,1004434.0,2020,0001004434-20-000011,amg10-k12312019.htm,2020-02-28,cached,cached_edgar/1004434/000100443420000011/amg10-k12312019.htm
AMG,1004434.0,2025,0001004434-25-000010,amg-20241231.htm,2025-02-14,cached,cached_edgar/1004434/000100443425000010/amg-20241231.htm
BEN,38777.0,2019,,,,no_filing_for_year,
BEN,38777.0,2020,0000038777-20-000203,form10-k93020.htm,2020-11-23,cached,cached_edgar/38777/000003877720000203/form10-k93020.htm
BEN,38777.0,2025,0000038777-25-000238,ben-20250930.htm,2025-11-10,cached,cached_edgar/38777/000003877725000238/ben-20250930.htm
ARW,7536.0,2019,0001733391-19-000005,arw1231201810-k.htm,2019-02-07,cached,cached_edgar/7536/000173339119000005/arw1231201810-k.htm
ARW,7536.0,2020,0001775474-20-000003,arw1231201910-k.htm,2020-02-13,cached,cached_edgar/7536/000177547420000003/arw1231201910-k.htm
ARW,7536.0,2025,0001558370-25-000781,arw-20241231x10k.htm,2025-02-11,cached,cached_edgar/7536/000155837025000781/arw-20241231x10k.htm
SSD,920371.0,2019,0000920371-19-000027,ssd10k2018.htm,2019-02-27,cached,cached_edgar/920371/000092037119000027/ssd10k2018.htm
SSD,920371.0,2020,0000920371-20-000054,ssd10k2019.htm,2020-02-25,cached,cached_edgar/920371/000092037120000054/ssd10k2019.htm
SSD,920371.0,2025,0000920371-25-000051,ssd-20241231.htm,2025-03-03,cached,cached_edgar/920371/000092037125000051/ssd-20241231.htm
WYNN,1174922.0,2019,0001174922-19-000021,wrl-20181231x10k.htm,2019-02-28,cached,cached_edgar/1174922/000117492219000021/wrl-20181231x10k.htm
WYNN,1174922.0,2020,0001174922-20-000024,wynn-20191231.htm,2020-02-28,cached,cached_edgar/1174922/000117492220000024/wynn-20191231.htm
WYNN,1174922.0,2025,0001174922-25-000039,wynn-20241231.htm,2025-02-13,cached,cached_edgar/1174922/000117492225000039/wynn-20241231.htm
PRI,1475922.0,2019,0001564590-19-004515,pri-10k_20181231.htm,2019-02-26,cached,cached_edgar/1475922/000156459019004515/pri-10k_20181231.htm
PRI,1475922.0,2020,0001564590-20-007489,pri-10k_20191231.htm,2020-02-28,cached,cached_edgar/1475922/000156459020007489/pri-10k_20191231.htm
PRI,1475922.0,2025,0000950170-25-029882,pri-20241231.htm,2025-02-28,cached,cached_edgar/1475922/000095017025029882/pri-20241231.htm
DAR,916540.0,2019,0000916540-19-000004,dar-2018122910xk.htm,2019-02-27,cached,cached_edgar/916540/000091654019000004/dar-2018122910xk.htm
DAR,916540.0,2020,0000916540-20-000007,dar-2019122810xk.htm,2020-02-25,cached,cached_edgar/916540/000091654020000007/dar-2019122810xk.htm
DAR,916540.0,2025,0000916540-25-000008,dar-20241228.htm,2025-02-25,cached,cached_edgar/916540/000091654025000008/dar-20241228.htm
CFR,39263.0,2019,0000039263-19-000009,a20181231-10k.htm,2019-02-06,cached,cached_edgar/39263/000003926319000009/a20181231-10k.htm
CFR,39263.0,2020,0000039263-20-000010,a20191231-10k.htm,2020-02-04,cached,cached_edgar/39263/000003926320000010/a20191231-10k.htm
CFR,39263.0,2025,0000039263-25-000017,cfr-20241231.htm,2025-02-06,cached,cached_edgar/39263/000003926325000017/cfr-20241231.htm
CELH,1341766.0,2019,0001615774-19-004030,s116616_10k.htm,2019-03-14,cached,cached_edgar/1341766/000161577419004030/s116616_10k.htm
CELH,1341766.0,2020,0001213900-20-006069,f10k2019_celsiusholdingsinc.htm,2020-03-12,cached,cached_edgar/1341766/000121390020006069/f10k2019_celsiusholdingsinc.htm
CELH,1341766.0,2025,0001341766-25-000024,celh-20241231.htm,2025-03-03,cached,cached_edgar/1341766/000134176625000024/celh-20241231.htm
ESI,1590714.0,2019,0001590714-19-000040,esi10-k20181231document.htm,2019-02-28,cached,cached_edgar/1590714/000159071419000040/esi10-k20181231document.htm
ESI,1590714.0,2020,0001590714-20-000023,esi-20191231.htm,2020-02-28,cached,cached_edgar/1590714/000159071420000023/esi-20191231.htm
ESI,1590714.0,2025,0001590714-25-000022,esi-20241231.htm,2025-02-19,cached,cached_edgar/1590714/000159071425000022/esi-20241231.htm
KNSL,1669162.0,2019,0001669162-19-000005,knsl10-k12312018.htm,2019-02-28,cached,cached_edgar/1669162/000166916219000005/knsl10-k12312018.htm
KNSL,1669162.0,2020,0001669162-20-000007,knsl10-k12312019.htm,2020-03-02,cached,cached_edgar/1669162/000166916220000007/knsl10-k12312019.htm
KNSL,1669162.0,2025,0001669162-25-000010,knsl-20241231.htm,2025-02-21,cached,cached_edgar/1669162/000166916225000010/knsl-20241231.htm
NNN,751364.0,2019,0000751364-19-000024,nnn-20181231x10k.htm,2019-02-12,cached,cached_edgar/751364/000075136419000024/nnn-20181231x10k.htm
NNN,751364.0,2020,0000751364-20-000021,nnn-20191231x10k.htm,2020-02-11,cached,cached_edgar/751364/000075136420000021/nnn-20191231x10k.htm
NNN,751364.0,2025,0000950170-25-017472,nnn-20241231.htm,2025-02-11,cached,cached_edgar/751364/000095017025017472/nnn-20241231.htm
UGI,884614.0,2019,0000884614-19-000059,ugi-9302019x10k.htm,2019-11-26,cached,cached_edgar/884614/000088461419000059/ugi-9302019x10k.htm
UGI,884614.0,2020,0000884614-20-000052,ugi-20200930.htm,2020-11-20,cached,cached_edgar/884614/000088461420000052/ugi-20200930.htm
UGI,884614.0,2025,0000884614-25-000053,ugi-20250930.htm,2025-11-21,cached,cached_edgar/884614/000088461425000053/ugi-20250930.htm
SEIC,350894.0,2019,0000350894-19-000012,seic-123118form10xk.htm,2019-02-25,cached,cached_edgar/350894/000035089419000012/seic-123118form10xk.htm
SEIC,350894.0,2020,0000350894-20-000012,seic-123119form10xk.htm,2020-02-24,cached,cached_edgar/350894/000035089420000012/seic-123119form10xk.htm
SEIC,350894.0,2025,0000350894-25-000028,seic-20241231.htm,2025-02-20,cached,cached_edgar/350894/000035089425000028/seic-20241231.htm
IOT,1642896.0,2019,,,,no_filing_for_year,
IOT,1642896.0,2020,,,,no_filing_for_year,
IOT,1642896.0,2025,0001642896-25-000022,iot-20250201.htm,2025-03-25,cached,cached_edgar/1642896/000164289625000022/iot-20250201.htm
MIDD,769520.0,2019,0000769520-19-000003,midd-2018122918x10kq4.htm,2019-02-27,cached,cached_edgar/769520/000076952019000003/midd-2018122918x10kq4.htm
MIDD,769520.0,2020,0000769520-20-000004,midd-2019122819x10kq4.htm,2020-02-26,cached,cached_edgar/769520/000076952020000004/midd-2019122819x10kq4.htm
MIDD,769520.0,2025,0000769520-25-000009,midd-20241228.htm,2025-02-26,cached,cached_edgar/769520/000076952025000009/midd-20241228.htm
CRL,1100682.0,2019,0001100682-19-000004,crl1229201810-k.htm,2019-02-13,cached,cached_edgar/1100682/000110068219000004/crl1229201810-k.htm
CRL,1100682.0,2020,0001100682-20-000005,crl1228201910-k.htm,2020-02-11,cached,cached_edgar/1100682/000110068220000005/crl1228201910-k.htm
CRL,1100682.0,2025,0001100682-25-000011,crl-20241228.htm,2025-02-19,cached,cached_edgar/1100682/000110068225000011/crl-20241228.htm
MASI,937556.0,2019,0000937556-19-000039,masi-20181229xform10k.htm,2019-02-26,cached,cached_edgar/937556/000093755619000039/masi-20181229xform10k.htm
MASI,937556.0,2020,0000937556-20-000030,masi-20191228xform10k.htm,2020-02-19,cached,cached_edgar/937556/000093755620000030/masi-20191228xform10k.htm
MASI,937556.0,2025,0000937556-25-000032,masi-20241228.htm,2025-02-25,cached,cached_edgar/937556/000093755625000032/masi-20241228.htm
MANH,1056696.0,2019,0001564590-19-008024,manh-10ka_20181231.htm,2019-03-15,cached,cached_edgar/1056696/000156459019008024/manh-10ka_20181231.htm
MANH,1056696.0,2020,0001564590-20-003915,manh-10k_20191231.htm,2020-02-10,cached,cached_edgar/1056696/000156459020003915/manh-10k_20191231.htm
MANH,1056696.0,2025,0000950170-25-016295,manh-20241231.htm,2025-02-07,cached,cached_edgar/1056696/000095017025016295/manh-20241231.htm
MOH,1179929.0,2019,0001179929-19-000032,moh-12312018x10k.htm,2019-02-19,cached,cached_edgar/1179929/000117992919000032/moh-12312018x10k.htm
MOH,1179929.0,2020,0001179929-20-000026,moh-12312019x10k.htm,2020-02-14,cached,cached_edgar/1179929/000117992920000026/moh-12312019x10k.htm
MOH,1179929.0,2025,0001179929-25-000023,moh-20241231.htm,2025-02-11,cached,cached_edgar/1179929/000117992925000023/moh-20241231.htm
DINO,1915657.0,2019,,,,no_filing_for_year,
DINO,1915657.0,2020,,,,no_filing_for_year,
DINO,1915657.0,2025,0001915657-25-000019,dino-20241231.htm,2025-02-20,cached,cached_edgar/1915657/000191565725000019/dino-20241231.htm
AXS,1214816.0,2019,0001214816-19-000010,a201810-k.htm,2019-02-26,cached,cached_edgar/1214816/000121481619000010/a201810-k.htm
AXS,1214816.0,2020,0001214816-20-000011,a201910-k.htm,2020-02-27,cached,cached_edgar/1214816/000121481620000011/a201910-k.htm
AXS,1214816.0,2025,0001214816-25-000056,axs-20241231.htm,2025-02-26,cached,cached_edgar/1214816/000121481625000056/axs-20241231.htm
FR,921825.0,2019,0000921825-19-000003,fr-20181231x10k.htm,2019-02-20,cached,cached_edgar/921825/000092182519000003/fr-20181231x10k.htm
FR,921825.0,2020,0000921825-20-000011,fr-20191231x10k.htm,2020-02-13,cached,cached_edgar/921825/000092182520000011/fr-20191231x10k.htm
FR,921825.0,2025,0000921825-25-000019,fr-20241231.htm,2025-02-14,cached,cached_edgar/921825/000092182525000019/fr-20241231.htm
NFG,70145.0,2019,0000070145-19-000030,nfg-2019930x10k.htm,2019-11-15,cached,cached_edgar/70145/000007014519000030/nfg-2019930x10k.htm
NFG,70145.0,2020,0000070145-20-000032,nfg-20200930.htm,2020-11-20,cached,cached_edgar/70145/000007014520000032/nfg-20200930.htm
NFG,70145.0,2025,0000070145-25-000039,nfg-20250930.htm,2025-11-21,cached,cached_edgar/70145/000007014525000039/nfg-20250930.htm
ACI,1646972.0,2019,0001646972-19-000036,acify1810-k.htm,2019-04-24,cached,cached_edgar/1646972/000164697219000036/acify1810-k.htm
ACI,1646972.0,2020,0001646972-20-000038,acify1910-ka.htm,2020-08-07,cached,cached_edgar/1646972/000164697220000038/acify1910-ka.htm
ACI,1646972.0,2025,0001646972-25-000052,aci-20250222.htm,2025-04-21,cached,cached_edgar/1646972/000164697225000052/aci-20250222.htm
MTCH,891103.0,2019,0000891103-19-000006,iac-20181231x10k.htm,2019-03-01,cached,cached_edgar/891103/000089110319000006/iac-20181231x10k.htm
MTCH,891103.0,2020,0001104659-20-053357,tm2011652-2_10ka.htm,2020-04-29,cached,cached_edgar/891103/000110465920053357/tm2011652-2_10ka.htm
MTCH,891103.0,2025,0000891103-25-000027,mtch-20241231.htm,2025-02-27,cached,cached_edgar/891103/000089110325000027/mtch-20241231.htm
WFRD,1603923.0,2019,0001603923-19-000025,wft201810-k12x31x2018.htm,2019-02-15,cached,cached_edgar/1603923/000160392319000025/wft201810-k12x31x2018.htm
WFRD,1603923.0,2020,0001603923-20-000017,wft201910-k12x31x2019r.htm,2020-03-16,cached,cached_edgar/1603923/000160392320000017/wft201910-k12x31x2019r.htm
WFRD,1603923.0,2025,0001603923-25-000050,wfrd-20241231.htm,2025-02-06,cached,cached_edgar/1603923/000160392325000050/wfrd-20241231.htm
NOV,1021860.0,2019,0001564590-19-002967,nov-10k_20181231.htm,2019-02-14,cached,cached_edgar/1021860/000156459019002967/nov-10k_20181231.htm
NOV,1021860.0,2020,0001564590-20-004552,nov-10k_20191231.htm,2020-02-13,cached,cached_edgar/1021860/000156459020004552/nov-10k_20191231.htm
NOV,1021860.0,2025,0000950170-25-021042,nov-20241231.htm,2025-02-14,cached,cached_edgar/1021860/000095017025021042/nov-20241231.htm
JEF,96223.0,2019,,,,no_filing_for_year,
JEF,96223.0,2020,,,,no_filing_for_year,
JEF,96223.0,2025,0001628280-25-002833,jef-20241130.htm,2025-01-28,cached,cached_edgar/96223/000162828025002833/jef-20241130.htm
FOX,1754301.0,2019,0001564590-19-031285,fox-10k_20190630.htm,2019-08-09,already_cached,cached_edgar/1754301/000156459019031285/fox-10k_20190630.htm
FOX,1754301.0,2020,0001564590-20-038975,fox-10k_20200630.htm,2020-08-10,already_cached,cached_edgar/1754301/000156459020038975/fox-10k_20200630.htm
FOX,1754301.0,2025,0001628280-25-038077,fox-20250630.htm,2025-08-06,already_cached,cached_edgar/1754301/000162828025038077/fox-20250630.htm
VNOM,2074176.0,2019,,,,no_filing_for_year,
VNOM,2074176.0,2020,,,,no_filing_for_year,
VNOM,2074176.0,2025,,,,no_filing_for_year,
FDS,1013237.0,2019,0001437749-19-020894,fds20190831_10k.htm,2019-10-30,cached,cached_edgar/1013237/000143774919020894/fds20190831_10k.htm
FDS,1013237.0,2020,0001013237-20-000153,fds-20200831.htm,2020-10-29,cached,cached_edgar/1013237/000101323720000153/fds-20200831.htm
FDS,1013237.0,2025,0001628280-25-045769,fds-20250831.htm,2025-10-22,cached,cached_edgar/1013237/000162828025045769/fds-20250831.htm
IDA,1057877.0,2019,0001057877-19-000024,ida12311810k.htm,2019-02-21,cached,cached_edgar/1057877/000105787719000024/ida12311810k.htm
IDA,1057877.0,2020,0001057877-20-000040,ida12311910k.htm,2020-02-20,cached,cached_edgar/1057877/000105787720000040/ida12311910k.htm
IDA,1057877.0,2025,0001057877-25-000014,ida-20241231.htm,2025-02-20,cached,cached_edgar/1057877/000105787725000014/ida-20241231.htm
EXP,918646.0,2019,0001564590-19-020349,exp-10k_20190331.htm,2019-05-23,cached,cached_edgar/918646/000156459019020349/exp-10k_20190331.htm
EXP,918646.0,2020,0001564590-20-026773,exp-10k_20200331.htm,2020-05-22,cached,cached_edgar/918646/000156459020026773/exp-10k_20200331.htm
EXP,918646.0,2025,0000950170-25-075321,exp-20250331.htm,2025-05-20,cached,cached_edgar/918646/000095017025075321/exp-20250331.htm
MP,1801368.0,2019,,,,no_filing_for_year,
MP,1801368.0,2020,,,,no_filing_for_year,
MP,1801368.0,2025,0001801368-25-000009,mp-20241231.htm,2025-02-28,cached,cached_edgar/1801368/000180136825000009/mp-20241231.htm
HRL,48465.0,2019,0000048465-19-000057,hormel201910k.htm,2019-12-06,cached,cached_edgar/48465/000004846519000057/hormel201910k.htm
HRL,48465.0,2020,0000048465-20-000043,hrl-20201025.htm,2020-12-04,cached,cached_edgar/48465/000004846520000043/hrl-20201025.htm
HRL,48465.0,2025,0000048465-25-000059,hrl-20251026.htm,2025-12-05,cached,cached_edgar/48465/000004846525000059/hrl-20251026.htm
DOX,1062579.0,2019,,,,no_filing_for_year,
DOX,1062579.0,2020,,,,no_filing_for_year,
DOX,1062579.0,2025,,,,no_filing_for_year,
INGR,1046257.0,2019,,,,no_filing_for_year,
INGR,1046257.0,2020,0001558370-20-000978,ingr-20191231x10k60356d.htm,2020-02-19,cached,cached_edgar/1046257/000155837020000978/ingr-20191231x10k60356d.htm
INGR,1046257.0,2025,0001046257-25-000018,ingr-20241231.htm,2025-02-20,cached,cached_edgar/1046257/000104625725000018/ingr-20241231.htm
AM,1623925.0,2019,0001558370-19-000642,amgp-20181231x10k.htm,2019-02-13,cached,cached_edgar/1623925/000155837019000642/amgp-20181231x10k.htm
AM,1623925.0,2020,0001558370-20-000723,amgp-20191231x10k3b249e.htm,2020-02-12,cached,cached_edgar/1623925/000155837020000723/amgp-20191231x10k3b249e.htm
AM,1623925.0,2025,0001558370-25-000862,am-20241231x10k.htm,2025-02-12,cached,cached_edgar/1623925/000155837025000862/am-20241231x10k.htm
AWI,7431.0,2019,0001564590-19-013953,awi-10ka_20181231.htm,2019-04-30,cached,cached_edgar/7431/000156459019013953/awi-10ka_20181231.htm
AWI,7431.0,2020,0001564590-20-033679,awi-10ka_20191231.htm,2020-07-28,cached,cached_edgar/7431/000156459020033679/awi-10ka_20191231.htm
AWI,7431.0,2025,0000950170-25-026060,awi-20241231.htm,2025-02-25,cached,cached_edgar/7431/000095017025026060/awi-20241231.htm
MSA,66570.0,2019,0000066570-19-000010,a2018-10xkxmsa.htm,2019-02-22,cached,cached_edgar/66570/000006657019000010/a2018-10xkxmsa.htm
MSA,66570.0,2020,0000066570-20-000005,a2019-10xkxmsa.htm,2020-02-20,cached,cached_edgar/66570/000006657020000005/a2019-10xkxmsa.htm
MSA,66570.0,2025,0000066570-25-000007,msa-20241231.htm,2025-02-14,cached,cached_edgar/66570/000006657025000007/msa-20241231.htm
AXTA,1616862.0,2019,0001616862-19-000012,a2018123110-kdocument.htm,2019-02-26,cached,cached_edgar/1616862/000161686219000012/a2018123110-kdocument.htm
AXTA,1616862.0,2020,0001616862-20-000012,a12201910-kdocument.htm,2020-02-19,cached,cached_edgar/1616862/000161686220000012/a12201910-kdocument.htm
AXTA,1616862.0,2025,0001616862-25-000013,axta-20241231.htm,2025-02-13,cached,cached_edgar/1616862/000161686225000013/axta-20241231.htm
CRUS,772406.0,2019,0000772406-19-000008,a10-kxcrus33019.htm,2019-05-24,cached,cached_edgar/772406/000077240619000008/a10-kxcrus33019.htm
CRUS,772406.0,2020,0000772406-20-000007,crus-20200328.htm,2020-05-20,cached,cached_edgar/772406/000077240620000007/crus-20200328.htm
CRUS,772406.0,2025,0000772406-25-000014,crus-20250329.htm,2025-05-23,cached,cached_edgar/772406/000077240625000014/crus-20250329.htm
GXO,1852244.0,2019,,,,no_filing_for_year,
GXO,1852244.0,2020,,,,no_filing_for_year,
GXO,1852244.0,2025,0001852244-25-000007,gxo-20241231.htm,2025-02-18,cached,cached_edgar/1852244/000185224425000007/gxo-20241231.htm
FND,1507079.0,2019,0001558370-19-000956,fnd-20181227x10k.htm,2019-02-25,cached,cached_edgar/1507079/000155837019000956/fnd-20181227x10k.htm
FND,1507079.0,2020,0001558370-20-001086,fnd-20191226x10k178fb5.htm,2020-02-20,cached,cached_edgar/1507079/000155837020001086/fnd-20191226x10k178fb5.htm
FND,1507079.0,2025,0001507079-25-000013,fnd-20241226.htm,2025-02-20,cached,cached_edgar/1507079/000150707925000013/fnd-20241226.htm
HXL,717605.0,2019,0001564590-19-002166,hxl-10k_20181231.htm,2019-02-06,cached,cached_edgar/717605/000156459019002166/hxl-10k_20181231.htm
HXL,717605.0,2020,0001564590-20-005037,hxl-10k_20191231.htm,2020-02-18,cached,cached_edgar/717605/000156459020005037/hxl-10k_20191231.htm
HXL,717605.0,2025,0000950170-25-014412,hxl-20241231.htm,2025-02-05,cached,cached_edgar/717605/000095017025014412/hxl-20241231.htm
LAD,1023128.0,2019,0001023128-19-000042,lad2018q4-10k.htm,2019-02-25,cached,cached_edgar/1023128/000102312819000042/lad2018q4-10k.htm
LAD,1023128.0,2020,0001023128-20-000030,lad2019q4-10ka.htm,2020-02-28,cached,cached_edgar/1023128/000102312820000030/lad2019q4-10ka.htm
LAD,1023128.0,2025,0001023128-25-000026,lad-20241231.htm,2025-02-24,cached,cached_edgar/1023128/000102312825000026/lad-20241231.htm
KEX,56047.0,2019,0001140361-19-003795,form10k.htm,2019-02-26,cached,cached_edgar/56047/000114036119003795/form10k.htm
KEX,56047.0,2020,0001140361-20-003820,form10-k.htm,2020-02-24,cached,cached_edgar/56047/000114036120003820/form10-k.htm
KEX,56047.0,2025,0000950170-25-022012,kex-20241231.htm,2025-02-18,cached,cached_edgar/56047/000095017025022012/kex-20241231.htm
SFM,1575515.0,2019,0001564590-19-003562,sfm-10k_20181230.htm,2019-02-21,cached,cached_edgar/1575515/000156459019003562/sfm-10k_20181230.htm
SFM,1575515.0,2020,0001564590-20-005794,sfm-10ka_20191229.htm,2020-02-21,cached,cached_edgar/1575515/000156459020005794/sfm-10ka_20191229.htm
SFM,1575515.0,2025,0001575515-25-000011,sfm-20241229.htm,2025-02-20,cached,cached_edgar/1575515/000157551525000011/sfm-20241229.htm
STAG,1479094.0,2019,0001479094-19-000006,stag-123118x10k.htm,2019-02-13,cached,cached_edgar/1479094/000147909419000006/stag-123118x10k.htm
STAG,1479094.0,2020,0001479094-20-000006,stag-123119x10k.htm,2020-02-12,cached,cached_edgar/1479094/000147909420000006/stag-123119x10k.htm
STAG,1479094.0,2025,0001479094-25-000006,stag-20241231.htm,2025-02-12,cached,cached_edgar/1479094/000147909425000006/stag-20241231.htm
POOL,945841.0,2019,0000945841-19-000013,pool-12312018x10k.htm,2019-02-27,cached,cached_edgar/945841/000094584119000013/pool-12312018x10k.htm
POOL,945841.0,2020,0000945841-20-000041,pool-20191231.htm,2020-02-27,cached,cached_edgar/945841/000094584120000041/pool-20191231.htm
POOL,945841.0,2025,0000945841-25-000032,pool-20241231.htm,2025-02-27,cached,cached_edgar/945841/000094584125000032/pool-20241231.htm
MGM,789570.0,2019,,,,no_filing_for_year,
MGM,789570.0,2020,0001564590-20-007393,mgm-10k_20191231.htm,2020-02-27,cached,cached_edgar/789570/000156459020007393/mgm-10k_20191231.htm
MGM,789570.0,2025,0000789570-25-000008,mgm-20241231.htm,2025-02-18,cached,cached_edgar/789570/000078957025000008/mgm-20241231.htm
EPAM,1352010.0,2019,0001352010-19-000008,epam-20181231x10k.htm,2019-02-26,cached,cached_edgar/1352010/000135201019000008/epam-20181231x10k.htm
EPAM,1352010.0,2020,0001352010-20-000012,epam-20191231x10k.htm,2020-03-02,cached,cached_edgar/1352010/000135201020000012/epam-20191231x10k.htm
EPAM,1352010.0,2025,0001352010-25-000007,epam-20241231.htm,2025-02-28,cached,cached_edgar/1352010/000135201025000007/epam-20241231.htm
GTES,1718512.0,2019,0001718512-19-000004,gtes-201810xk.htm,2019-02-14,cached,cached_edgar/1718512/000171851219000004/gtes-201810xk.htm
GTES,1718512.0,2020,0001718512-20-000013,gtes-201910xk.htm,2020-02-21,cached,cached_edgar/1718512/000171851220000013/gtes-201910xk.htm
GTES,1718512.0,2025,0001718512-25-000013,gtes-20241228.htm,2025-02-06,cached,cached_edgar/1718512/000171851225000013/gtes-20241228.htm
ESAB,1877322.0,2019,,,,no_filing_for_year,
ESAB,1877322.0,2020,,,,no_filing_for_year,
ESAB,1877322.0,2025,0001877322-25-000021,esab-20241231.htm,2025-02-20,cached,cached_edgar/1877322/000187732225000021/esab-20241231.htm
Z,1617640.0,2019,,,,no_filing_for_year,
Z,1617640.0,2020,0001617640-20-000015,z-20191231.htm,2020-02-19,cached,cached_edgar/1617640/000161764020000015/z-20191231.htm
Z,1617640.0,2025,0001617640-25-000016,z-20241231.htm,2025-02-11,cached,cached_edgar/1617640/000161764025000016/z-20241231.htm
W,1616707.0,2019,,,,no_filing_for_year,
W,1616707.0,2020,0001616707-20-000025,a2019-12x31form10xk.htm,2020-02-28,cached,cached_edgar/1616707/000161670720000025/a2019-12x31form10xk.htm
W,1616707.0,2025,0001616707-25-000022,w-20241231.htm,2025-02-20,cached,cached_edgar/1616707/000161670725000022/w-20241231.htm
RGEN,730272.0,2019,0001193125-19-060645,d682580d10k.htm,2019-03-01,cached,cached_edgar/730272/000119312519060645/d682580d10k.htm
RGEN,730272.0,2020,0001193125-20-050136,d862842d10k.htm,2020-02-26,cached,cached_edgar/730272/000119312520050136/d862842d10k.htm
RGEN,730272.0,2025,0000950170-25-038999,rgen-20241231.htm,2025-03-14,cached,cached_edgar/730272/000095017025038999/rgen-20241231.htm
QRVO,1604778.0,2019,0001604778-19-000031,qorvo2019033010-k.htm,2019-05-17,cached,cached_edgar/1604778/000160477819000031/qorvo2019033010-k.htm
QRVO,1604778.0,2020,0001604778-20-000030,qorvo2020032810-k.htm,2020-05-20,cached,cached_edgar/1604778/000160477820000030/qorvo2020032810-k.htm
QRVO,1604778.0,2025,0001604778-25-000041,rfmd-20250329.htm,2025-05-19,cached,cached_edgar/1604778/000160477825000041/rfmd-20250329.htm
TIGO,912958.0,2019,,,,no_filing_for_year,
TIGO,912958.0,2020,,,,no_filing_for_year,
TIGO,912958.0,2025,,,,no_filing_for_year,
LEA,842162.0,2019,0000842162-19-000006,lear-2018123110xk.htm,2019-02-05,cached,cached_edgar/842162/000084216219000006/lear-2018123110xk.htm
LEA,842162.0,2020,0000842162-20-000006,lear-2019123110xk.htm,2020-02-04,cached,cached_edgar/842162/000084216220000006/lear-2019123110xk.htm
LEA,842162.0,2025,0000842162-25-000010,lear-20241231.htm,2025-02-14,cached,cached_edgar/842162/000084216225000010/lear-20241231.htm
VFC,103379.0,2019,0000103379-19-000006,vfc330201910-k.htm,2019-05-24,cached,cached_edgar/103379/000010337919000006/vfc330201910-k.htm
VFC,103379.0,2020,0000103379-20-000006,vfc328202010-k.htm,2020-05-27,cached,cached_edgar/103379/000010337920000006/vfc328202010-k.htm
VFC,103379.0,2025,0000103379-25-000023,vfc-20250329.htm,2025-05-22,cached,cached_edgar/103379/000010337925000023/vfc-20250329.htm
MUSA,1573516.0,2019,0001573516-19-000012,musa_12312018x10-kxdoc.htm,2019-02-19,cached,cached_edgar/1573516/000157351619000012/musa_12312018x10-kxdoc.htm
MUSA,1573516.0,2020,0001573516-20-000007,musa1231201910-kdoc.htm,2020-02-18,cached,cached_edgar/1573516/000157351620000007/musa1231201910-kdoc.htm
MUSA,1573516.0,2025,0001573516-25-000010,musa-20241231.htm,2025-02-20,cached,cached_edgar/1573516/000157351625000010/musa-20241231.htm
FBIN,1519751.0,2019,0001193125-19-049951,d654795d10k.htm,2019-02-25,cached,cached_edgar/1519751/000119312519049951/d654795d10k.htm
FBIN,1519751.0,2020,0001564590-20-006812,fbhs-10k_20191231.htm,2020-02-26,cached,cached_edgar/1519751/000156459020006812/fbhs-10k_20191231.htm
FBIN,1519751.0,2025,0000950170-25-026763,fbin-20241228.htm,2025-02-25,cached,cached_edgar/1519751/000095017025026763/fbin-20241228.htm
AAON,824142.0,2019,0000824142-19-000040,aaon2018annualreport.htm,2019-02-28,cached,cached_edgar/824142/000082414219000040/aaon2018annualreport.htm
AAON,824142.0,2020,0000824142-20-000025,aaon-20191231.htm,2020-02-27,cached,cached_edgar/824142/000082414220000025/aaon-20191231.htm
AAON,824142.0,2025,0000824142-25-000039,aaon-20241231.htm,2025-02-27,cached,cached_edgar/824142/000082414225000039/aaon-20241231.htm
PLNT,1637207.0,2019,0001637207-19-000009,plnt10-k12312018document.htm,2019-03-01,cached,cached_edgar/1637207/000163720719000009/plnt10-k12312018document.htm
PLNT,1637207.0,2020,0001637207-20-000008,plnt10-k12312019docume.htm,2020-02-28,cached,cached_edgar/1637207/000163720720000008/plnt10-k12312019docume.htm
PLNT,1637207.0,2025,0001637207-25-000016,plnt-20241231.htm,2025-02-25,cached,cached_edgar/1637207/000163720725000016/plnt-20241231.htm
CBSH,22356.0,2019,,,,no_filing_for_year,
CBSH,22356.0,2020,,,,no_filing_for_year,
CBSH,22356.0,2025,0000022356-25-000016,cbsh-20241231.htm,2025-02-25,cached,cached_edgar/22356/000002235625000016/cbsh-20241231.htm
RBRK,1943896.0,2019,,,,no_filing_for_year,
RBRK,1943896.0,2020,,,,no_filing_for_year,
RBRK,1943896.0,2025,0001943896-25-000012,rbrk-20250131.htm,2025-03-20,cached,cached_edgar/1943896/000194389625000012/rbrk-20250131.htm
WING,1636222.0,2019,0001636222-19-000039,a10-k2018.htm,2019-02-27,cached,cached_edgar/1636222/000163622219000039/a10-k2018.htm
WING,1636222.0,2020,0001636222-20-000036,wing-20191228.htm,2020-02-19,cached,cached_edgar/1636222/000163622220000036/wing-20191228.htm
WING,1636222.0,2025,0001636222-25-000008,wing-20241228.htm,2025-02-19,cached,cached_edgar/1636222/000163622225000008/wing-20241228.htm
MKTX,1278021.0,2019,0001564590-19-008251,mktx-10ka_20181231.htm,2019-03-18,cached,cached_edgar/1278021/000156459019008251/mktx-10ka_20181231.htm
MKTX,1278021.0,2020,0001564590-20-004935,mktx-10k_20191231.htm,2020-02-18,cached,cached_edgar/1278021/000156459020004935/mktx-10k_20191231.htm
MKTX,1278021.0,2025,0000950170-25-025606,mktx-20241231.htm,2025-02-24,cached,cached_edgar/1278021/000095017025025606/mktx-20241231.htm
TKR,98362.0,2019,0000098362-19-000038,tkr10k123118.htm,2019-02-15,cached,cached_edgar/98362/000009836219000038/tkr10k123118.htm
TKR,98362.0,2020,0000098362-20-000045,tkr10k123119.htm,2020-02-14,cached,cached_edgar/98362/000009836220000045/tkr10k123119.htm
TKR,98362.0,2025,0000098362-25-000055,tkr-20241231.htm,2025-02-20,cached,cached_edgar/98362/000009836225000055/tkr-20241231.htm
SITE,1650729.0,2019,0001650729-19-000004,site_12302018x10kdocument.htm,2019-02-27,cached,cached_edgar/1650729/000165072919000004/site_12302018x10kdocument.htm
SITE,1650729.0,2020,0001650729-20-000004,site1229201910kdocument.htm,2020-02-26,cached,cached_edgar/1650729/000165072920000004/site1229201910kdocument.htm
SITE,1650729.0,2025,0001650729-25-000004,site-20241229.htm,2025-02-20,cached,cached_edgar/1650729/000165072925000004/site-20241229.htm
CAVA,1639438.0,2019,,,,no_filing_for_year,
CAVA,1639438.0,2020,,,,no_filing_for_year,
CAVA,1639438.0,2025,0001628280-25-007882,cava-20241229.htm,2025-02-26,cached,cached_edgar/1639438/000162828025007882/cava-20241229.htm
H,1468174.0,2019,,,,no_filing_for_year,
H,1468174.0,2020,,,,no_filing_for_year,
H,1468174.0,2025,0001468174-25-000009,h-20241231.htm,2025-02-13,cached,cached_edgar/1468174/000146817425000009/h-20241231.htm
VOYA,1535929.0,2019,0001535929-19-000018,q42018voyafinancialinc.htm,2019-02-22,cached,cached_edgar/1535929/000153592919000018/q42018voyafinancialinc.htm
VOYA,1535929.0,2020,0001535929-20-000012,voyafinancialinc2019q4.htm,2020-02-21,cached,cached_edgar/1535929/000153592920000012/voyafinancialinc2019q4.htm
VOYA,1535929.0,2025,0001535929-25-000017,voya-20241231.htm,2025-02-21,cached,cached_edgar/1535929/000153592925000017/voya-20241231.htm
AL,1487712.0,2019,0001558370-19-000845,al-20181231x10k.htm,2019-02-21,cached,cached_edgar/1487712/000155837019000845/al-20181231x10k.htm
AL,1487712.0,2020,0001558370-20-000836,al-20191231x10k1d2204.htm,2020-02-14,cached,cached_edgar/1487712/000155837020000836/al-20191231x10k1d2204.htm
AL,1487712.0,2025,0001628280-25-005392,al-20241231.htm,2025-02-13,cached,cached_edgar/1487712/000162828025005392/al-20241231.htm
CHE,19584.0,2019,0001157523-19-000468,a51945094.htm,2019-02-27,cached,cached_edgar/19584/000115752319000468/a51945094.htm
CHE,19584.0,2020,0000019584-20-000006,che-20191231x10k.htm,2020-02-26,cached,cached_edgar/19584/000001958420000006/che-20191231x10k.htm
CHE,19584.0,2025,0001562762-25-000070,che-20241231x10ka.htm,2025-04-01,cached,cached_edgar/19584/000156276225000070/che-20241231x10ka.htm
KMX,1170010.0,2019,0001170010-19-000040,kmx0228201910-k.htm,2019-04-19,cached,cached_edgar/1170010/000117001019000040/kmx0228201910-k.htm
KMX,1170010.0,2020,0001170010-20-000033,kmxfy2010-k.htm,2020-04-21,cached,cached_edgar/1170010/000117001020000033/kmxfy2010-k.htm
KMX,1170010.0,2025,0001170010-25-000024,kmx-20250228.htm,2025-04-11,cached,cached_edgar/1170010/000117001025000024/kmx-20250228.htm
MHK,851968.0,2019,0000851968-19-000020,a4q201810kdocument-classic.htm,2019-02-28,cached,cached_edgar/851968/000085196819000020/a4q201810kdocument-classic.htm
MHK,851968.0,2020,0000851968-20-000020,a2019q410-kdocument.htm,2020-02-28,cached,cached_edgar/851968/000085196820000020/a2019q410-kdocument.htm
MHK,851968.0,2025,0000851968-25-000023,mhk-20241231.htm,2025-02-20,cached,cached_edgar/851968/000085196825000023/mhk-20241231.htm
ENPH,1463101.0,2019,0001463101-19-000033,a2018form10-k.htm,2019-03-15,cached,cached_edgar/1463101/000146310119000033/a2018form10-k.htm
ENPH,1463101.0,2020,0001463101-20-000021,a2019q410-kdoc.htm,2020-02-21,cached,cached_edgar/1463101/000146310120000021/a2019q410-kdoc.htm
ENPH,1463101.0,2025,0001463101-25-000024,enph-20241231.htm,2025-02-10,cached,cached_edgar/1463101/000146310125000024/enph-20241231.htm
NXST,1142417.0,2019,,,,no_filing_for_year,
NXST,1142417.0,2020,0001564590-20-008129,nxst-10k_20191231.htm,2020-03-02,cached,cached_edgar/1142417/000156459020008129/nxst-10k_20191231.htm
NXST,1142417.0,2025,0000950170-25-028949,nxst-20241231.htm,2025-02-27,cached,cached_edgar/1142417/000095017025028949/nxst-20241231.htm
OWL,1823945.0,2019,,,,no_filing_for_year,
OWL,1823945.0,2020,,,,no_filing_for_year,
OWL,1823945.0,2025,0001823945-25-000013,owl-20241231.htm,2025-02-21,cached,cached_edgar/1823945/000182394525000013/owl-20241231.htm
LW,1679273.0,2019,0001558370-19-006311,lw-20190526x10k.htm,2019-07-25,cached,cached_edgar/1679273/000155837019006311/lw-20190526x10k.htm
LW,1679273.0,2020,0001558370-20-008501,lw-20200531x10k.htm,2020-07-28,cached,cached_edgar/1679273/000155837020008501/lw-20200531x10k.htm
LW,1679273.0,2025,0001679273-25-000049,lw-20250525.htm,2025-07-23,cached,cached_edgar/1679273/000167927325000049/lw-20250525.htm
FAF,1472787.0,2019,0001564590-19-003456,faf-10k_20181231.htm,2019-02-20,cached,cached_edgar/1472787/000156459019003456/faf-10k_20181231.htm
FAF,1472787.0,2020,0001564590-20-005064,faf-10k_20191231.htm,2020-02-18,cached,cached_edgar/1472787/000156459020005064/faf-10k_20191231.htm
FAF,1472787.0,2025,0000950170-25-024488,faf-20241231.htm,2025-02-21,cached,cached_edgar/1472787/000095017025024488/faf-20241231.htm
PB,1068851.0,2019,0001564590-19-005001,pb-10k_20181231.htm,2019-02-27,cached,cached_edgar/1068851/000156459019005001/pb-10k_20181231.htm
PB,1068851.0,2020,0001564590-20-007837,pb-10k_20191231.htm,2020-02-28,cached,cached_edgar/1068851/000156459020007837/pb-10k_20191231.htm
PB,1068851.0,2025,0000950170-25-029222,pb-20241231.htm,2025-02-27,cached,cached_edgar/1068851/000095017025029222/pb-20241231.htm
OLLI,1639300.0,2019,0001140361-19-006044,brhc10000484x1_10k.htm,2019-03-29,cached,cached_edgar/1639300/000114036119006044/brhc10000484x1_10k.htm
OLLI,1639300.0,2020,0001140361-20-006788,form10k.htm,2020-03-25,cached,cached_edgar/1639300/000114036120006788/form10k.htm
OLLI,1639300.0,2025,0001140361-25-013535,ef20047304_10ka.htm,2025-04-11,cached,cached_edgar/1639300/000114036125013535/ef20047304_10ka.htm
RYN,52827.0,2019,0000052827-19-000006,q4rayonier201810k.htm,2019-02-22,cached,cached_edgar/52827/000005282719000006/q4rayonier201810k.htm
RYN,52827.0,2020,0000052827-20-000011,q4rayonier201910k.htm,2020-02-24,cached,cached_edgar/52827/000005282720000011/q4rayonier201910k.htm
RYN,52827.0,2025,0000052827-25-000018,ryn-20241231.htm,2025-02-21,cached,cached_edgar/52827/000005282725000018/ryn-20241231.htm
OMF,1584207.0,2019,0001584207-19-000005,omh-20181231x10kdocument.htm,2019-02-15,cached,cached_edgar/1584207/000158420719000005/omh-20181231x10kdocument.htm
OMF,1584207.0,2020,0001584207-20-000011,omf-20191231.htm,2020-02-14,cached,cached_edgar/1584207/000158420720000011/omf-20191231.htm
OMF,1584207.0,2025,0001584207-25-000006,omf-20241231.htm,2025-02-07,cached,cached_edgar/1584207/000158420725000006/omf-20241231.htm
WH,1722684.0,2019,0001722684-19-000008,wh-20181231x10k.htm,2019-02-14,cached,cached_edgar/1722684/000172268419000008/wh-20181231x10k.htm
WH,1722684.0,2020,0001722684-20-000007,wh-20191231x10k.htm,2020-02-13,cached,cached_edgar/1722684/000172268420000007/wh-20191231x10k.htm
WH,1722684.0,2025,0001722684-25-000005,wh-20241231.htm,2025-02-13,cached,cached_edgar/1722684/000172268425000005/wh-20241231.htm
JHG,1274173.0,2019,,,,no_filing_for_year,
JHG,1274173.0,2020,,,,no_filing_for_year,
JHG,1274173.0,2025,0001437749-25-005488,jhg20241231_10k.htm,2025-02-27,cached,cached_edgar/1274173/000143774925005488/jhg20241231_10k.htm
FNB,37808.0,2019,0000037808-19-000005,fnb-10xk2018xq4.htm,2019-02-26,cached,cached_edgar/37808/000003780819000005/fnb-10xk2018xq4.htm
FNB,37808.0,2020,0000037808-20-000004,fnb-10xk2019xq4.htm,2020-02-27,cached,cached_edgar/37808/000003780820000004/fnb-10xk2019xq4.htm
FNB,37808.0,2025,0000037808-25-000071,fnb-20241231.htm,2025-02-27,cached,cached_edgar/37808/000003780825000071/fnb-20241231.htm
GAP,39911.0,2019,0000039911-19-000023,fy201810-k.htm,2019-03-19,cached,cached_edgar/39911/000003991119000023/fy201810-k.htm
GAP,39911.0,2020,0000039911-20-000019,fy201910-k.htm,2020-03-17,cached,cached_edgar/39911/000003991120000019/fy201910-k.htm
GAP,39911.0,2025,0000039911-25-000029,gap-20250201.htm,2025-03-18,cached,cached_edgar/39911/000003991125000029/gap-20250201.htm
CART,1579091.0,2019,,,,no_filing_for_year,
CART,1579091.0,2020,,,,no_filing_for_year,
CART,1579091.0,2025,0001579091-25-000015,cart-20241231.htm,2025-02-28,cached,cached_edgar/1579091/000157909125000015/cart-20241231.htm
THG,944695.0,2019,0001564590-19-003788,thg-10k_20181231.htm,2019-02-22,cached,cached_edgar/944695/000156459019003788/thg-10k_20181231.htm
THG,944695.0,2020,0001564590-20-006025,thg-10k_20191231.htm,2020-02-24,cached,cached_edgar/944695/000156459020006025/thg-10k_20191231.htm
THG,944695.0,2025,0000950170-25-025093,thg-20241231.htm,2025-02-24,cached,cached_edgar/944695/000095017025025093/thg-20241231.htm
CHDN,20212.0,2019,0000020212-19-000012,chdn2018123110k.htm,2019-02-27,cached,cached_edgar/20212/000002021219000012/chdn2018123110k.htm
CHDN,20212.0,2020,0000020212-20-000019,chdn-20191231.htm,2020-02-26,cached,cached_edgar/20212/000002021220000019/chdn-20191231.htm
CHDN,20212.0,2025,0000020212-25-000051,chdn-20241231.htm,2025-02-20,cached,cached_edgar/20212/000002021225000051/chdn-20241231.htm
PAYC,1590955.0,2019,0001564590-19-002998,payc-10k_20181231.htm,2019-02-14,cached,cached_edgar/1590955/000156459019002998/payc-10k_20181231.htm
PAYC,1590955.0,2020,0001564590-20-004636,payc-10k_20191231.htm,2020-02-13,cached,cached_edgar/1590955/000156459020004636/payc-10k_20191231.htm
PAYC,1590955.0,2025,0000950170-25-024136,payc-20241231.htm,2025-02-20,cached,cached_edgar/1590955/000095017025024136/payc-20241231.htm
CHRD,1486159.0,2019,0001486159-19-000006,oas-12312018x10k10xk18mast.htm,2019-03-01,cached,cached_edgar/1486159/000148615919000006/oas-12312018x10k10xk18mast.htm
CHRD,1486159.0,2020,0001486159-20-000018,oas-20191231.htm,2020-02-27,cached,cached_edgar/1486159/000148615920000018/oas-20191231.htm
CHRD,1486159.0,2025,0001486159-25-000005,chrd-20241231.htm,2025-02-27,cached,cached_edgar/1486159/000148615925000005/chrd-20241231.htm
SARO,2025410.0,2019,,,,no_filing_for_year,
SARO,2025410.0,2020,,,,no_filing_for_year,
SARO,2025410.0,2025,0000950170-25-037939,saro-20241231.htm,2025-03-12,cached,cached_edgar/2025410/000095017025037939/saro-20241231.htm
LNC,59558.0,2019,0000059558-19-000010,lnc-20181231x10k.htm,2019-02-20,cached,cached_edgar/59558/000005955819000010/lnc-20181231x10k.htm
LNC,59558.0,2020,0000059558-20-000012,lnc-20191231x10k.htm,2020-02-20,cached,cached_edgar/59558/000005955820000012/lnc-20191231x10k.htm
LNC,59558.0,2025,0000059558-25-000023,lnc-20241231.htm,2025-02-21,cached,cached_edgar/59558/000005955825000023/lnc-20241231.htm
G,1398659.0,2019,0001564590-19-005767,g-10k_20181231.htm,2019-03-01,cached,cached_edgar/1398659/000156459019005767/g-10k_20181231.htm
G,1398659.0,2020,0001564590-20-008158,g-10k_20191231.htm,2020-03-02,cached,cached_edgar/1398659/000156459020008158/g-10k_20191231.htm
G,1398659.0,2025,0001398659-25-000035,g-20241231.htm,2025-03-03,cached,cached_edgar/1398659/000139865925000035/g-20241231.htm
STWD,1465128.0,2019,0001558370-19-001256,stwd-20181231x10k.htm,2019-02-28,cached,cached_edgar/1465128/000155837019001256/stwd-20181231x10k.htm
STWD,1465128.0,2020,0001558370-20-001281,stwd-20191231x10k996996.htm,2020-02-25,cached,cached_edgar/1465128/000155837020001281/stwd-20191231x10k996996.htm
STWD,1465128.0,2025,0001628280-25-008420,stwd-20241231.htm,2025-02-27,cached,cached_edgar/1465128/000162828025008420/stwd-20241231.htm
HR,1360604.0,2019,0001360604-19-000023,hta2018123110-k.htm,2019-02-19,cached,cached_edgar/1360604/000136060419000023/hta2018123110-k.htm
HR,1360604.0,2020,0001360604-20-000025,hta2019123110-k.htm,2020-02-18,cached,cached_edgar/1360604/000136060420000025/hta2019123110-k.htm
HR,1360604.0,2025,0001360604-25-000032,hr-20241231.htm,2025-02-19,cached,cached_edgar/1360604/000136060425000032/hr-20241231.htm
VNT,1786842.0,2019,,,,no_filing_for_year,
VNT,1786842.0,2020,,,,no_filing_for_year,
VNT,1786842.0,2025,0001786842-25-000008,vnt-20241231.htm,2025-02-13,cached,cached_edgar/1786842/000178684225000008/vnt-20241231.htm
SEE,1012100.0,2019,0001628280-19-001538,q4201810-kdocument.htm,2019-02-19,cached,cached_edgar/1012100/000162828019001538/q4201810-kdocument.htm
SEE,1012100.0,2020,0001628280-20-002658,q4201910-kdocument.htm,2020-03-02,cached,cached_edgar/1012100/000162828020002658/q4201910-kdocument.htm
SEE,1012100.0,2025,0001628280-25-008091,see-20241231.htm,2025-02-26,cached,cached_edgar/1012100/000162828025008091/see-20241231.htm
AVTR,1722482.0,2019,,,,no_filing_for_year,
AVTR,1722482.0,2020,0001722482-20-000029,a2019q4annualreport.htm,2020-02-14,cached,cached_edgar/1722482/000172248220000029/a2019q4annualreport.htm
AVTR,1722482.0,2025,0001722482-25-000015,avtr-20241231.htm,2025-02-07,cached,cached_edgar/1722482/000172248225000015/avtr-20241231.htm
ALK,766421.0,2019,0000766421-19-000008,alk10-k123118.htm,2019-02-15,cached,cached_edgar/766421/000076642119000008/alk10-k123118.htm
ALK,766421.0,2020,0000766421-20-000013,alk-20191231.htm,2020-02-12,cached,cached_edgar/766421/000076642120000013/alk-20191231.htm
ALK,766421.0,2025,0000766421-25-000009,alk-20241231.htm,2025-02-14,cached,cached_edgar/766421/000076642125000009/alk-20241231.htm
LBRDK,1611983.0,2019,0001558370-19-000515,lbrd-20181231x10k.htm,2019-02-08,cached,cached_edgar/1611983/000155837019000515/lbrd-20181231x10k.htm
LBRDK,1611983.0,2020,0001558370-20-000441,lbrda-20191231x10k26291c.htm,2020-02-03,cached,cached_edgar/1611983/000155837020000441/lbrda-20191231x10k26291c.htm
LBRDK,1611983.0,2025,0001558370-25-001788,lbrda-20241231x10k.htm,2025-02-27,cached,cached_edgar/1611983/000155837025001788/lbrda-20241231x10k.htm
MTDR,1520006.0,2019,0001520006-19-000048,a20181231mtdr10-k.htm,2019-03-01,cached,cached_edgar/1520006/000152000619000048/a20181231mtdr10-k.htm
MTDR,1520006.0,2020,0001520006-20-000037,a20191231mtdr10-k.htm,2020-03-02,cached,cached_edgar/1520006/000152000620000037/a20191231mtdr10-k.htm
MTDR,1520006.0,2025,0001520006-25-000066,mtdr-20241231.htm,2025-02-25,cached,cached_edgar/1520006/000152000625000066/mtdr-20241231.htm
CLF,764065.0,2019,0000764065-19-000025,clf-2018123110xk.htm,2019-02-08,cached,cached_edgar/764065/000076406519000025/clf-2018123110xk.htm
CLF,764065.0,2020,0000764065-20-000041,clf-2019123110xk.htm,2020-02-20,cached,cached_edgar/764065/000076406520000041/clf-2019123110xk.htm
CLF,764065.0,2025,0000764065-25-000058,clf-20241231.htm,2025-02-25,cached,cached_edgar/764065/000076406525000058/clf-20241231.htm
AVT,8858.0,2019,0000008858-19-000035,avt-20190629x10k.htm,2019-08-15,cached,cached_edgar/8858/000000885819000035/avt-20190629x10k.htm
AVT,8858.0,2020,0000008858-20-000025,avt-20200627x10k.htm,2020-08-14,cached,cached_edgar/8858/000000885820000025/avt-20200627x10k.htm
AVT,8858.0,2025,0000008858-25-000028,avt-20250628x10k.htm,2025-08-15,cached,cached_edgar/8858/000000885825000028/avt-20250628x10k.htm
PCOR,1611052.0,2019,,,,no_filing_for_year,
PCOR,1611052.0,2020,,,,no_filing_for_year,
PCOR,1611052.0,2025,0001628280-25-008121,pcor-20241231.htm,2025-02-26,cached,cached_edgar/1611052/000162828025008121/pcor-20241231.htm
U,1810806.0,2019,,,,no_filing_for_year,
U,1810806.0,2020,,,,no_filing_for_year,
U,1810806.0,2025,0001810806-25-000026,unity-20241231.htm,2025-02-21,cached,cached_edgar/1810806/000181080625000026/unity-20241231.htm
BEPC,1791863.0,2019,,,,no_filing_for_year,
BEPC,1791863.0,2020,,,,no_filing_for_year,
BEPC,1791863.0,2025,,,,no_filing_for_year,
CE,1306830.0,2019,0001306830-19-000014,ce-20181231x10k.htm,2019-02-07,cached,cached_edgar/1306830/000130683019000014/ce-20181231x10k.htm
CE,1306830.0,2020,0001306830-20-000018,ce-20191231x10k.htm,2020-02-06,cached,cached_edgar/1306830/000130683020000018/ce-20191231x10k.htm
CE,1306830.0,2025,0001306830-25-000027,ce-20241231.htm,2025-02-21,cached,cached_edgar/1306830/000130683025000027/ce-20241231.htm
MTG,876437.0,2019,0000876437-19-000006,mtg-123118x10k.htm,2019-02-22,cached,cached_edgar/876437/000087643719000006/mtg-123118x10k.htm
MTG,876437.0,2020,0000876437-20-000007,mtg-123119x10k.htm,2020-02-24,cached,cached_edgar/876437/000087643720000007/mtg-123119x10k.htm
MTG,876437.0,2025,0000876437-25-000036,mtg-20241231.htm,2025-02-26,cached,cached_edgar/876437/000087643725000036/mtg-20241231.htm
DVA,927066.0,2019,0000927066-19-000025,dva-123118x10k.htm,2019-02-22,cached,cached_edgar/927066/000092706619000025/dva-123118x10k.htm
DVA,927066.0,2020,0000927066-20-000014,dva-12311910k.htm,2020-02-21,cached,cached_edgar/927066/000092706620000014/dva-12311910k.htm
DVA,927066.0,2025,0000927066-25-000012,dva-20241231.htm,2025-02-13,cached,cached_edgar/927066/000092706625000012/dva-20241231.htm
SON,91767.0,2019,,,,no_filing_for_year,
SON,91767.0,2020,,,,no_filing_for_year,
SON,91767.0,2025,0000091767-25-000014,son-20241231.htm,2025-02-28,cached,cached_edgar/91767/000009176725000014/son-20241231.htm
WTM,776867.0,2019,0000776867-19-000008,wtm10-k2018.htm,2019-02-27,cached,cached_edgar/776867/000077686719000008/wtm10-k2018.htm
WTM,776867.0,2020,0000776867-20-000011,wtm10-ka2019ma.htm,2020-03-30,cached,cached_edgar/776867/000077686720000011/wtm10-ka2019ma.htm
WTM,776867.0,2025,0000776867-25-000003,wtm-20241231.htm,2025-02-28,cached,cached_edgar/776867/000077686725000003/wtm-20241231.htm
AS,1988894.0,2019,,,,no_filing_for_year,
AS,1988894.0,2020,,,,no_filing_for_year,
AS,1988894.0,2025,,,,no_filing_for_year,
BROS,1866581.0,2019,,,,no_filing_for_year,
BROS,1866581.0,2020,,,,no_filing_for_year,
BROS,1866581.0,2025,0001866581-25-000048,bros-20241231.htm,2025-02-13,cached,cached_edgar/1866581/000186658125000048/bros-20241231.htm
AUR,1828108.0,2019,,,,no_filing_for_year,
AUR,1828108.0,2020,,,,no_filing_for_year,
AUR,1828108.0,2025,0001828108-25-000028,aur-20241231.htm,2025-02-14,cached,cached_edgar/1828108/000182810825000028/aur-20241231.htm
THO,730263.0,2019,0001193125-19-258022,d789706d10k.htm,2019-09-30,cached,cached_edgar/730263/000119312519258022/d789706d10k.htm
THO,730263.0,2020,0000730263-20-000019,tho-20200731.htm,2020-09-28,cached,cached_edgar/730263/000073026320000019/tho-20200731.htm
THO,730263.0,2025,0000730263-25-000019,tho-20250731.htm,2025-09-24,cached,cached_edgar/730263/000073026325000019/tho-20250731.htm
M,794367.0,2019,0000794367-19-000038,m-0202201910xk.htm,2019-04-03,cached,cached_edgar/794367/000079436719000038/m-0202201910xk.htm
M,794367.0,2020,0000794367-20-000040,m-0201202010xk.htm,2020-03-30,cached,cached_edgar/794367/000079436720000040/m-0201202010xk.htm
M,794367.0,2025,0001628280-25-014315,m-20250201.htm,2025-03-21,cached,cached_edgar/794367/000162828025014315/m-20250201.htm
MAT,63276.0,2019,0001628280-19-013975,mat1231201810-ka.htm,2019-11-12,cached,cached_edgar/63276/000162828019013975/mat1231201810-ka.htm
MAT,63276.0,2020,0001628280-20-002456,mat1231201910-ka.htm,2020-02-27,cached,cached_edgar/63276/000162828020002456/mat1231201910-ka.htm
MAT,63276.0,2025,0001628280-25-007887,mat-20241231.htm,2025-02-26,cached,cached_edgar/63276/000162828025007887/mat-20241231.htm
TEM,1717115.0,2019,,,,no_filing_for_year,
TEM,1717115.0,2020,,,,no_filing_for_year,
TEM,1717115.0,2025,0000950170-25-025603,tem-20241231.htm,2025-02-24,cached,cached_edgar/1717115/000095017025025603/tem-20241231.htm
TPG,1880661.0,2019,,,,no_filing_for_year,
TPG,1880661.0,2020,,,,no_filing_for_year,
TPG,1880661.0,2025,0001880661-25-000014,tpg-20241231.htm,2025-02-18,cached,cached_edgar/1880661/000188066125000014/tpg-20241231.htm
GNTX,355811.0,2019,0000355811-19-000006,gntx12312018-10k.htm,2019-02-22,cached,cached_edgar/355811/000035581119000006/gntx12312018-10k.htm
GNTX,355811.0,2020,0000355811-20-000007,gntx12312019-10k.htm,2020-02-26,cached,cached_edgar/355811/000035581120000007/gntx12312019-10k.htm
GNTX,355811.0,2025,0000355811-25-000009,gntx-20241231.htm,2025-02-25,cached,cached_edgar/355811/000035581125000009/gntx-20241231.htm
CROX,1334036.0,2019,0001334036-19-000012,crox12311810-k.htm,2019-02-28,cached,cached_edgar/1334036/000133403619000012/crox12311810-k.htm
CROX,1334036.0,2020,0001334036-20-000010,crox-20191231.htm,2020-02-27,cached,cached_edgar/1334036/000133403620000010/crox-20191231.htm
CROX,1334036.0,2025,0001334036-25-000009,crox-20241231.htm,2025-02-13,cached,cached_edgar/1334036/000133403625000009/crox-20241231.htm
AMKR,1047127.0,2019,0001047127-19-000007,amkr12311810k.htm,2019-02-22,cached,cached_edgar/1047127/000104712719000007/amkr12311810k.htm
AMKR,1047127.0,2020,0001047127-20-000006,amkr12311910k.htm,2020-02-19,cached,cached_edgar/1047127/000104712720000006/amkr12311910k.htm
AMKR,1047127.0,2025,0001047127-25-000030,amkr-20241231.htm,2025-02-21,cached,cached_edgar/1047127/000104712725000030/amkr-20241231.htm
LPX,60519.0,2019,0001504337-19-000008,lpx1231201810k.htm,2019-02-14,cached,cached_edgar/60519/000150433719000008/lpx1231201810k.htm
LPX,60519.0,2020,0001793498-20-000014,lpx1231201910k.htm,2020-02-13,cached,cached_edgar/60519/000179349820000014/lpx1231201910k.htm
LPX,60519.0,2025,0000060519-25-000005,lpx-20241231.htm,2025-02-19,cached,cached_edgar/60519/000006051925000005/lpx-20241231.htm
AN,350698.0,2019,0000350698-19-000047,an10k2018.htm,2019-02-22,cached,cached_edgar/350698/000035069819000047/an10k2018.htm
AN,350698.0,2020,0000350698-20-000042,an10k2019.htm,2020-02-18,cached,cached_edgar/350698/000035069820000042/an10k2019.htm
AN,350698.0,2025,0000350698-25-000029,an-20241231.htm,2025-02-14,cached,cached_edgar/350698/000035069825000029/an-20241231.htm
ST,1477294.0,2019,0001477294-19-000011,st1231201810-k.htm,2019-02-06,cached,cached_edgar/1477294/000147729419000011/st1231201810-k.htm
ST,1477294.0,2020,0001477294-20-000009,st1231201910-k.htm,2020-02-11,cached,cached_edgar/1477294/000147729420000009/st1231201910-k.htm
ST,1477294.0,2025,0001477294-25-000022,st-20241231.htm,2025-02-28,cached,cached_edgar/1477294/000147729425000022/st-20241231.htm
WEX,1309108.0,2019,0001309108-19-000043,a10-ka.htm,2019-03-20,cached,cached_edgar/1309108/000130910819000043/a10-ka.htm
WEX,1309108.0,2020,0001309108-20-000024,wex2019123110-k.htm,2020-02-28,cached,cached_edgar/1309108/000130910820000024/wex2019123110-k.htm
WEX,1309108.0,2025,0001309108-25-000017,wex-20241231.htm,2025-02-20,cached,cached_edgar/1309108/000130910825000017/wex-20241231.htm
LYFT,1759509.0,2019,,,,no_filing_for_year,
LYFT,1759509.0,2020,0001759509-20-000009,lyft-20191231.htm,2020-02-28,cached,cached_edgar/1759509/000175950920000009/lyft-20191231.htm
LYFT,1759509.0,2025,0001759509-25-000025,lyft-20241231.htm,2025-02-14,cached,cached_edgar/1759509/000175950925000025/lyft-20241231.htm
ECG,2015845.0,2019,,,,no_filing_for_year,
ECG,2015845.0,2020,,,,no_filing_for_year,
ECG,2015845.0,2025,0002015845-25-000012,q42024-20241231.htm,2025-02-28,cached,cached_edgar/2015845/000201584525000012/q42024-20241231.htm
BC,14930.0,2019,0000014930-19-000054,bc2018123110knew.htm,2019-02-19,cached,cached_edgar/14930/000001493019000054/bc2018123110knew.htm
BC,14930.0,2020,0000014930-20-000045,bc2019123110-ka.htm,2020-03-20,cached,cached_edgar/14930/000001493020000045/bc2019123110-ka.htm
BC,14930.0,2025,0000014930-25-000025,bcorp-20241231.htm,2025-02-14,cached,cached_edgar/14930/000001493025000025/bcorp-20241231.htm
CHWY,1766502.0,2019,,,,no_filing_for_year,
CHWY,1766502.0,2020,0001766502-20-000007,chwy-20200202.htm,2020-04-02,cached,cached_edgar/1766502/000176650220000007/chwy-20200202.htm
CHWY,1766502.0,2025,0001766502-25-000014,chwy-20250202.htm,2025-03-26,cached,cached_edgar/1766502/000176650225000014/chwy-20250202.htm
CPB,16732.0,2019,0000016732-19-000070,cpb-7282019x10xk.htm,2019-09-26,cached,cached_edgar/16732/000001673219000070/cpb-7282019x10xk.htm
CPB,16732.0,2020,0000016732-20-000111,cpb-20200802.htm,2020-09-24,cached,cached_edgar/16732/000001673220000111/cpb-20200802.htm
CPB,16732.0,2025,0000016732-25-000112,cpb-20250803.htm,2025-09-18,cached,cached_edgar/16732/000001673225000112/cpb-20250803.htm
KBR,1357615.0,2019,0001357615-19-000030,kbr1231201810-k.htm,2019-02-26,cached,cached_edgar/1357615/000135761519000030/kbr1231201810-k.htm
KBR,1357615.0,2020,0001357615-20-000034,kbr1231201910-k.htm,2020-02-24,cached,cached_edgar/1357615/000135761520000034/kbr1231201910-k.htm
KBR,1357615.0,2025,0001357615-25-000018,kbr-20250103.htm,2025-02-25,cached,cached_edgar/1357615/000135761525000018/kbr-20250103.htm
ETSY,1370637.0,2019,0001370637-19-000028,etsy1231201810k.htm,2019-02-28,cached,cached_edgar/1370637/000137063719000028/etsy1231201810k.htm
ETSY,1370637.0,2020,0001370637-20-000046,etsy1231201910k.htm,2020-02-27,cached,cached_edgar/1370637/000137063720000046/etsy1231201910k.htm
ETSY,1370637.0,2025,0001370637-25-000017,etsy-20241231.htm,2025-02-19,cached,cached_edgar/1370637/000137063725000017/etsy-20241231.htm
LSTR,853816.0,2019,0001193125-19-048217,d671477d10k.htm,2019-02-22,cached,cached_edgar/853816/000119312519048217/d671477d10k.htm
LSTR,853816.0,2020,0001193125-20-044766,d837995d10k.htm,2020-02-21,cached,cached_edgar/853816/000119312520044766/d837995d10k.htm
LSTR,853816.0,2025,0001193125-25-033543,d874247d10k.htm,2025-02-24,cached,cached_edgar/853816/000119312525033543/d874247d10k.htm
RITM,1556593.0,2019,0001556593-19-000006,nrz-20181231x10xk.htm,2019-02-19,cached,cached_edgar/1556593/000155659319000006/nrz-20181231x10xk.htm
RITM,1556593.0,2020,0001556593-20-000004,nrz-20191231x10xk.htm,2020-02-20,cached,cached_edgar/1556593/000155659320000004/nrz-20191231x10xk.htm
RITM,1556593.0,2025,0001556593-25-000007,nrz-20241231.htm,2025-02-18,cached,cached_edgar/1556593/000155659325000007/nrz-20241231.htm
BIO,12208.0,2019,0000012208-19-000014,a10k123118.htm,2019-04-01,cached,cached_edgar/12208/000001220819000014/a10k123118.htm
BIO,12208.0,2020,0000012208-20-000012,a10k123119.htm,2020-03-02,cached,cached_edgar/12208/000001220820000012/a10k123119.htm
BIO,12208.0,2025,0000012208-25-000007,bio-20241231.htm,2025-02-14,cached,cached_edgar/12208/000001220825000007/bio-20241231.htm
RLI,84246.0,2019,0000084246-19-000013,rli-20181231x10k.htm,2019-02-22,cached,cached_edgar/84246/000008424619000013/rli-20181231x10k.htm
RLI,84246.0,2020,0000084246-20-000010,rli-20191231x10k.htm,2020-02-21,cached,cached_edgar/84246/000008424620000010/rli-20191231x10k.htm
RLI,84246.0,2025,0001558370-25-001301,rli-20241231x10k.htm,2025-02-21,cached,cached_edgar/84246/000155837025001301/rli-20241231x10k.htm
POST,1530950.0,2019,,,,no_filing_for_year,
POST,1530950.0,2020,,,,no_filing_for_year,
POST,1530950.0,2025,0001530950-25-000260,post-20250930.htm,2025-11-21,cached,cached_edgar/1530950/000153095025000260/post-20250930.htm
RAL,2041385.0,2019,,,,no_filing_for_year,
RAL,2041385.0,2020,,,,no_filing_for_year,
RAL,2041385.0,2025,,,,no_filing_for_year,
OZK,1569650.0,2019,,,,no_filing_for_year,
OZK,1569650.0,2020,,,,no_filing_for_year,
OZK,1569650.0,2025,,,,no_filing_for_year,
VVV,1674910.0,2019,0001674910-19-000209,vvv-20190930.htm,2019-11-22,cached,cached_edgar/1674910/000167491019000209/vvv-20190930.htm
VVV,1674910.0,2020,0001674910-20-000221,vvv-20200930.htm,2020-11-24,cached,cached_edgar/1674910/000167491020000221/vvv-20200930.htm
VVV,1674910.0,2025,0001674910-25-000135,vvv-20250930.htm,2025-11-21,cached,cached_edgar/1674910/000167491025000135/vvv-20250930.htm
MTN,812011.0,2019,0000812011-19-000077,mtn2019073110-kforq4.htm,2019-09-26,cached,cached_edgar/812011/000081201119000077/mtn2019073110-kforq4.htm
MTN,812011.0,2020,0000812011-20-000059,mtn2020073110-k.htm,2020-09-24,cached,cached_edgar/812011/000081201120000059/mtn2020073110-k.htm
MTN,812011.0,2025,0000812011-25-000104,mtn-20250731.htm,2025-09-29,cached,cached_edgar/812011/000081201125000104/mtn-20250731.htm
BSY,1031308.0,2019,,,,no_filing_for_year,
BSY,1031308.0,2020,,,,no_filing_for_year,
BSY,1031308.0,2025,0001031308-25-000002,bsy-20241231.htm,2025-02-26,cached,cached_edgar/1031308/000103130825000002/bsy-20241231.htm
MSGS,1636519.0,2019,0001636519-19-000019,tmsgc06302019-10k.htm,2019-08-20,cached,cached_edgar/1636519/000163651919000019/tmsgc06302019-10k.htm
MSGS,1636519.0,2020,0001636519-20-000025,msgs0630202010k.htm,2020-08-31,cached,cached_edgar/1636519/000163651920000025/msgs0630202010k.htm
MSGS,1636519.0,2025,0001636519-25-000027,msgs-20250630.htm,2025-08-12,cached,cached_edgar/1636519/000163651925000027/msgs-20250630.htm
BBWI,701985.0,2019,0000701985-19-000015,lb22201910k.htm,2019-03-22,cached,cached_edgar/701985/000070198519000015/lb22201910k.htm
BBWI,701985.0,2020,0000701985-20-000010,lb21202010k.htm,2020-03-30,cached,cached_edgar/701985/000070198520000010/lb21202010k.htm
BBWI,701985.0,2025,0000701985-25-000011,bbwi-20250201.htm,2025-03-14,cached,cached_edgar/701985/000070198525000011/bbwi-20250201.htm
ELF,1600033.0,2019,0001600033-19-000067,q42018form10-kaxamendment.htm,2019-12-04,cached,cached_edgar/1600033/000160003319000067/q42018form10-kaxamendment.htm
ELF,1600033.0,2020,0001600033-20-000036,q42020form10-ka.htm,2020-05-29,cached,cached_edgar/1600033/000160003320000036/q42020form10-ka.htm
ELF,1600033.0,2025,0001600033-25-000016,elf-20250331.htm,2025-05-29,cached,cached_edgar/1600033/000160003325000016/elf-20250331.htm
TFX,96943.0,2019,0000096943-19-000021,tfx-20181231x10k.htm,2019-02-21,cached,cached_edgar/96943/000009694319000021/tfx-20181231x10k.htm
TFX,96943.0,2020,0000096943-20-000017,tfx-20191231.htm,2020-02-21,cached,cached_edgar/96943/000009694320000017/tfx-20191231.htm
TFX,96943.0,2025,0000096943-25-000031,tfx-20241231.htm,2025-02-28,cached,cached_edgar/96943/000009694325000031/tfx-20241231.htm
VNO,899689.0,2019,0000899689-19-000010,vno-12312018x10k.htm,2019-02-11,cached,cached_edgar/899689/000089968919000010/vno-12312018x10k.htm
VNO,899689.0,2020,0000899689-20-000007,vno-12312019x10k.htm,2020-02-18,cached,cached_edgar/899689/000089968920000007/vno-12312019x10k.htm
VNO,899689.0,2025,0000899689-25-000004,vno-20241231.htm,2025-02-10,cached,cached_edgar/899689/000089968925000004/vno-20241231.htm
PRMB,2042694.0,2019,,,,no_filing_for_year,
PRMB,2042694.0,2020,,,,no_filing_for_year,
PRMB,2042694.0,2025,0002042694-25-000003,prmb-20241231.htm,2025-02-27,cached,cached_edgar/2042694/000204269425000003/prmb-20241231.htm
BYD,906553.0,2019,0000906553-19-000009,byd10k2018.htm,2019-03-01,cached,cached_edgar/906553/000090655319000009/byd10k2018.htm
BYD,906553.0,2020,0001437749-20-003765,bgc20190819_10k.htm,2020-02-27,cached,cached_edgar/906553/000143774920003765/bgc20190819_10k.htm
BYD,906553.0,2025,0001437749-25-004757,bgc20241008_10k.htm,2025-02-21,cached,cached_edgar/906553/000143774925004757/bgc20241008_10k.htm
ESTC,1707753.0,2019,0001564590-19-024066,estc-10k_20190430.htm,2019-06-28,cached,cached_edgar/1707753/000156459019024066/estc-10k_20190430.htm
ESTC,1707753.0,2020,0001628280-20-009982,estc-20200430.htm,2020-06-26,cached,cached_edgar/1707753/000162828020009982/estc-20200430.htm
ESTC,1707753.0,2025,0001707753-25-000021,estc-20250430.htm,2025-06-10,cached,cached_edgar/1707753/000170775325000021/estc-20250430.htm
NVST,1757073.0,2019,,,,no_filing_for_year,
NVST,1757073.0,2020,0001628280-20-001914,nvst-123119x10k.htm,2020-02-21,cached,cached_edgar/1757073/000162828020001914/nvst-123119x10k.htm
NVST,1757073.0,2025,0001757073-25-000007,nvst-20241231.htm,2025-02-13,cached,cached_edgar/1757073/000175707325000007/nvst-20241231.htm
FCN,887936.0,2019,0000887936-19-000011,fti-123118x10k.htm,2019-02-27,cached,cached_edgar/887936/000088793619000011/fti-123118x10k.htm
FCN,887936.0,2020,0000887936-20-000017,fti-123119x10k.htm,2020-02-25,cached,cached_edgar/887936/000088793620000017/fti-123119x10k.htm
FCN,887936.0,2025,0000887936-25-000014,fcn-20241231.htm,2025-02-20,cached,cached_edgar/887936/000088793625000014/fcn-20241231.htm
GFS,1709048.0,2019,,,,no_filing_for_year,
GFS,1709048.0,2020,,,,no_filing_for_year,
GFS,1709048.0,2025,,,,no_filing_for_year,
ALGM,866291.0,2019,,,,no_filing_for_year,
ALGM,866291.0,2020,,,,no_filing_for_year,
ALGM,866291.0,2025,0000950170-25-076059,algm-20250328.htm,2025-05-22,cached,cached_edgar/866291/000095017025076059/algm-20250328.htm
UHALB,,2019,,,,missing_cik,
UHALB,,2020,,,,missing_cik,
UHALB,,2025,,,,missing_cik,
MRP,2017206.0,2019,,,,no_filing_for_year,
MRP,2017206.0,2020,,,,no_filing_for_year,
MRP,2017206.0,2025,0001193125-25-068773,d931976d10k.htm,2025-03-31,cached,cached_edgar/2017206/000119312525068773/d931976d10k.htm
TNL,1361658.0,2019,0001361658-19-000009,wynd-20181231x10k.htm,2019-02-26,cached,cached_edgar/1361658/000136165819000009/wynd-20181231x10k.htm
TNL,1361658.0,2020,0001361658-20-000012,wynd-20191231x10k.htm,2020-02-26,cached,cached_edgar/1361658/000136165820000012/wynd-20191231x10k.htm
TNL,1361658.0,2025,0001361658-25-000012,tnl-20241231.htm,2025-02-19,cached,cached_edgar/1361658/000136165825000012/tnl-20241231.htm
OLED,1005284.0,2019,0001564590-19-003665,oled-10k_20181231.htm,2019-02-21,cached,cached_edgar/1005284/000156459019003665/oled-10k_20181231.htm
OLED,1005284.0,2020,0001564590-20-012064,oled-10ka_20191231.htm,2020-03-20,cached,cached_edgar/1005284/000156459020012064/oled-10ka_20191231.htm
OLED,1005284.0,2025,0000950170-25-024151,oled-20241231.htm,2025-02-20,cached,cached_edgar/1005284/000095017025024151/oled-20241231.htm
AMTM,2011286.0,2019,,,,no_filing_for_year,
AMTM,2011286.0,2020,,,,no_filing_for_year,
AMTM,2011286.0,2025,0001628280-25-053993,amtm-20251003.htm,2025-11-25,cached,cached_edgar/2011286/000162828025053993/amtm-20251003.htm
LAZ,1311370.0,2019,0001564590-19-004164,laz-10k_20181231.htm,2019-02-26,cached,cached_edgar/1311370/000156459019004164/laz-10k_20181231.htm
LAZ,1311370.0,2020,0001564590-20-006094,laz-10k_20191231.htm,2020-02-25,cached,cached_edgar/1311370/000156459020006094/laz-10k_20191231.htm
LAZ,1311370.0,2025,0001628280-25-007441,laz-20241231.htm,2025-02-24,cached,cached_edgar/1311370/000162828025007441/laz-20241231.htm
TREX,1069878.0,2019,0001193125-19-041150,d671149d10k.htm,2019-02-14,cached,cached_edgar/1069878/000119312519041150/d671149d10k.htm
TREX,1069878.0,2020,0001193125-20-046696,d781012d10k.htm,2020-02-24,cached,cached_edgar/1069878/000119312520046696/d781012d10k.htm
TREX,1069878.0,2025,0000950170-25-025780,trex-20241231.htm,2025-02-24,cached,cached_edgar/1069878/000095017025025780/trex-20241231.htm
EXLS,1297989.0,2019,0001297989-19-000002,exls-12312018x10k.htm,2019-02-28,cached,cached_edgar/1297989/000129798919000002/exls-12312018x10k.htm
EXLS,1297989.0,2020,0001297989-20-000003,exls-12312019x10k.htm,2020-02-27,cached,cached_edgar/1297989/000129798920000003/exls-12312019x10k.htm
EXLS,1297989.0,2025,0001297989-25-000002,exls-20241231.htm,2025-02-25,cached,cached_edgar/1297989/000129798925000002/exls-20241231.htm
PCTY,1591698.0,2019,0001558370-19-007859,pcty-20190630x10k.htm,2019-08-09,cached,cached_edgar/1591698/000155837019007859/pcty-20190630x10k.htm
PCTY,1591698.0,2020,0001558370-20-009960,pcty-20200630x10k.htm,2020-08-07,cached,cached_edgar/1591698/000155837020009960/pcty-20200630x10k.htm
PCTY,1591698.0,2025,0001591698-25-000087,pcty-20250630.htm,2025-08-06,cached,cached_edgar/1591698/000159169825000087/pcty-20250630.htm
DBX,1467623.0,2019,0001467623-19-000005,a12311810-k.htm,2019-02-25,cached,cached_edgar/1467623/000146762319000005/a12311810-k.htm
DBX,1467623.0,2020,0001467623-20-000011,a12311910-k.htm,2020-02-21,cached,cached_edgar/1467623/000146762320000011/a12311910-k.htm
DBX,1467623.0,2025,0001467623-25-000011,dbx-20241231.htm,2025-02-21,cached,cached_edgar/1467623/000146762325000011/dbx-20241231.htm
BFB,,2019,,,,missing_cik,
BFB,,2020,,,,missing_cik,
BFB,,2025,,,,missing_cik,
LLYVK,2078416.0,2019,,,,no_filing_for_year,
LLYVK,2078416.0,2020,,,,no_filing_for_year,
LLYVK,2078416.0,2025,,,,no_filing_for_year,
LOPE,1434588.0,2019,0001558370-19-000782,lope-20181231x10k.htm,2019-02-20,cached,cached_edgar/1434588/000155837019000782/lope-20181231x10k.htm
LOPE,1434588.0,2020,0001558370-20-001013,lope-20191231x10ka0a80b.htm,2020-02-20,cached,cached_edgar/1434588/000155837020001013/lope-20191231x10ka0a80b.htm
LOPE,1434588.0,2025,0001558370-25-001150,lope-20241231x10k.htm,2025-02-19,cached,cached_edgar/1434588/000155837025001150/lope-20241231x10k.htm
VSNT,2067876.0,2019,,,,no_filing_for_year,
VSNT,2067876.0,2020,,,,no_filing_for_year,
VSNT,2067876.0,2025,,,,no_filing_for_year,
EPR,1045450.0,2019,0001045450-19-000027,epr-12312018x10k.htm,2019-02-28,cached,cached_edgar/1045450/000104545019000027/epr-12312018x10k.htm
EPR,1045450.0,2020,0001045450-20-000019,epr-12312019x10k.htm,2020-02-25,cached,cached_edgar/1045450/000104545020000019/epr-12312019x10k.htm
EPR,1045450.0,2025,0001045450-25-000051,epr-20241231.htm,2025-02-27,cached,cached_edgar/1045450/000104545025000051/epr-20241231.htm
KRMN,2040127.0,2019,,,,no_filing_for_year,
KRMN,2040127.0,2020,,,,no_filing_for_year,
KRMN,2040127.0,2025,0000950170-25-052639,ck0002040127-20241231.htm,2025-04-10,cached,cached_edgar/2040127/000095017025052639/ck0002040127-20241231.htm
SAIC,1571123.0,2019,0001571123-19-000004,saic2019-02x0110xk.htm,2019-03-29,cached,cached_edgar/1571123/000157112319000004/saic2019-02x0110xk.htm
SAIC,1571123.0,2020,0001571123-20-000013,saic2020-01x3110xk.htm,2020-03-27,cached,cached_edgar/1571123/000157112320000013/saic2020-01x3110xk.htm
SAIC,1571123.0,2025,0001571123-25-000022,saic-20250131.htm,2025-03-17,cached,cached_edgar/1571123/000157112325000022/saic-20250131.htm
MDU,67716.0,2019,0000067716-19-000019,a2018form10-k.htm,2019-02-22,cached,cached_edgar/67716/000006771619000019/a2018form10-k.htm
MDU,67716.0,2020,0000067716-20-000010,a2019form10-k.htm,2020-02-21,cached,cached_edgar/67716/000006771620000010/a2019form10-k.htm
MDU,67716.0,2025,0000067716-25-000016,mdu-20241231.htm,2025-02-20,cached,cached_edgar/67716/000006771625000016/mdu-20241231.htm
SLGN,849869.0,2019,0000849869-19-000009,slgn-2018x1231x10k.htm,2019-02-28,cached,cached_edgar/849869/000084986919000009/slgn-2018x1231x10k.htm
SLGN,849869.0,2020,0000849869-20-000010,slgn-2019x1231x10k.htm,2020-03-02,cached,cached_edgar/849869/000084986920000010/slgn-2019x1231x10k.htm
SLGN,849869.0,2025,0000849869-25-000029,slgn-20241231.htm,2025-02-27,cached,cached_edgar/849869/000084986925000029/slgn-20241231.htm
CZR,1590895.0,2019,0001564590-19-005640,eri-10k_20181231.htm,2019-03-01,cached,cached_edgar/1590895/000156459019005640/eri-10k_20181231.htm
CZR,1590895.0,2020,0001193125-20-127554,d889146d10ka.htm,2020-04-30,cached,cached_edgar/1590895/000119312520127554/d889146d10ka.htm
CZR,1590895.0,2025,0001590895-25-000068,czr-20241231.htm,2025-02-25,cached,cached_edgar/1590895/000159089525000068/czr-20241231.htm
WSC,1647088.0,2019,0001628280-19-002990,wsc-20181231.htm,2019-03-15,cached,cached_edgar/1647088/000162828019002990/wsc-20181231.htm
WSC,1647088.0,2020,0001647088-20-000010,wsc-20191231.htm,2020-03-02,cached,cached_edgar/1647088/000164708820000010/wsc-20191231.htm
WSC,1647088.0,2025,0001647088-25-000009,wsc-20241231.htm,2025-02-20,cached,cached_edgar/1647088/000164708825000009/wsc-20241231.htm
DUOL,1562088.0,2019,,,,no_filing_for_year,
DUOL,1562088.0,2020,,,,no_filing_for_year,
DUOL,1562088.0,2025,0001562088-25-000042,duol-20241231.htm,2025-02-28,cached,cached_edgar/1562088/000156208825000042/duol-20241231.htm
SLM,1032033.0,2019,0001628280-19-002283,a2018form10-k.htm,2019-02-28,cached,cached_edgar/1032033/000162828019002283/a2018form10-k.htm
SLM,1032033.0,2020,0001628280-20-002579,a2019form10-k.htm,2020-02-28,cached,cached_edgar/1032033/000162828020002579/a2019form10-k.htm
SLM,1032033.0,2025,0001628280-25-006776,slm-20241231.htm,2025-02-20,cached,cached_edgar/1032033/000162828025006776/slm-20241231.htm
HLNE,1433642.0,2019,0001433642-19-000071,hlne3311910k.htm,2019-05-30,cached,cached_edgar/1433642/000143364219000071/hlne3311910k.htm
HLNE,1433642.0,2020,0001433642-20-000039,hlne-20200331.htm,2020-05-28,cached,cached_edgar/1433642/000143364220000039/hlne-20200331.htm
HLNE,1433642.0,2025,0001433642-25-000052,hlne-20250331.htm,2025-05-30,cached,cached_edgar/1433642/000143364225000052/hlne-20250331.htm
BFAM,1437578.0,2019,0001437578-19-000006,bfam-123118x10xk.htm,2019-02-27,cached,cached_edgar/1437578/000143757819000006/bfam-123118x10xk.htm
BFAM,1437578.0,2020,0001437578-20-000006,bfam-123119x10xk.htm,2020-02-27,cached,cached_edgar/1437578/000143757820000006/bfam-123119x10xk.htm
BFAM,1437578.0,2025,0001437578-25-000007,bfam-20241231.htm,2025-02-27,cached,cached_edgar/1437578/000143757825000007/bfam-20241231.htm
MSM,1003078.0,2019,0001003078-19-000232,msm-20190831x10k.htm,2019-10-24,cached,cached_edgar/1003078/000100307819000232/msm-20190831x10k.htm
MSM,1003078.0,2020,0001003078-20-000283,msm-20200829x10k.htm,2020-10-27,cached,cached_edgar/1003078/000100307820000283/msm-20200829x10k.htm
MSM,1003078.0,2025,0001003078-25-000123,msm-20250830.htm,2025-10-23,cached,cached_edgar/1003078/000100307825000123/msm-20250830.htm
BRKR,1109354.0,2019,0001047469-19-000839,a2237863z10-k.htm,2019-03-01,cached,cached_edgar/1109354/000104746919000839/a2237863z10-k.htm
BRKR,1109354.0,2020,0001104659-20-039645,brkr-20191231x10k06be43.htm,2020-03-27,cached,cached_edgar/1109354/000110465920039645/brkr-20191231x10k06be43.htm
BRKR,1109354.0,2025,0000950170-25-030897,brkr-20241231.htm,2025-03-03,cached,cached_edgar/1109354/000095017025030897/brkr-20241231.htm
PATH,1734722.0,2019,,,,no_filing_for_year,
PATH,1734722.0,2020,,,,no_filing_for_year,
PATH,1734722.0,2025,0001734722-25-000007,path-20250131.htm,2025-03-24,cached,cached_edgar/1734722/000173472225000007/path-20250131.htm
ADT,1703056.0,2019,0001703056-19-000042,adtinc10-k12x31x2018.htm,2019-03-11,cached,cached_edgar/1703056/000170305619000042/adtinc10-k12x31x2018.htm
ADT,1703056.0,2020,0001703056-20-000013,adtinc10-k12x31x2019cl.htm,2020-03-10,cached,cached_edgar/1703056/000170305620000013/adtinc10-k12x31x2019cl.htm
ADT,1703056.0,2025,0001703056-25-000022,adt-20241231.htm,2025-02-27,cached,cached_edgar/1703056/000170305625000022/adt-20241231.htm
RYAN,1849253.0,2019,,,,no_filing_for_year,
RYAN,1849253.0,2020,,,,no_filing_for_year,
RYAN,1849253.0,2025,0001628280-25-006973,ryan-20241231.htm,2025-02-21,cached,cached_edgar/1849253/000162828025006973/ryan-20241231.htm
AGO,1273813.0,2019,0001273813-19-000004,ago-12312018x10k.htm,2019-03-01,cached,cached_edgar/1273813/000127381319000004/ago-12312018x10k.htm
AGO,1273813.0,2020,0001273813-20-000006,ago-12312019x10k.htm,2020-02-28,cached,cached_edgar/1273813/000127381320000006/ago-12312019x10k.htm
AGO,1273813.0,2025,0001273813-25-000011,ago-20241231.htm,2025-02-28,cached,cached_edgar/1273813/000127381325000011/ago-20241231.htm
SIRI,908937.0,2019,,,,no_filing_for_year,
SIRI,908937.0,2020,0000908937-20-000011,siri-20191231x10k.htm,2020-02-04,cached,cached_edgar/908937/000090893720000011/siri-20191231x10k.htm
SIRI,908937.0,2025,0000908937-25-000005,siri-20241231.htm,2025-01-30,cached,cached_edgar/908937/000090893725000005/siri-20241231.htm
DLB,1308547.0,2019,0001628280-19-014472,a10-kfy19q4.htm,2019-11-25,cached,cached_edgar/1308547/000162828019014472/a10-kfy19q4.htm
DLB,1308547.0,2020,0001628280-20-016459,dlb-20200925.htm,2020-11-16,cached,cached_edgar/1308547/000162828020016459/dlb-20200925.htm
DLB,1308547.0,2025,0001308547-25-000007,dlb-20250926.htm,2025-11-18,cached,cached_edgar/1308547/000130854725000007/dlb-20250926.htm
HRB,12659.0,2019,0001574842-19-000022,hrb2019043010k.htm,2019-06-14,cached,cached_edgar/12659/000157484219000022/hrb2019043010k.htm
HRB,12659.0,2020,0001574842-20-000021,hrb2020043010k.htm,2020-06-17,cached,cached_edgar/12659/000157484220000021/hrb2020043010k.htm
HRB,12659.0,2025,0001605297-25-000016,hrb-20250630.htm,2025-08-15,cached,cached_edgar/12659/000160529725000016/hrb-20250630.htm
BILL,1786352.0,2019,,,,no_filing_for_year,
BILL,1786352.0,2020,0001564590-20-041865,bill-10k_20200630.htm,2020-08-31,cached,cached_edgar/1786352/000156459020041865/bill-10k_20200630.htm
BILL,1786352.0,2025,0001786352-25-000037,bill-20250630.htm,2025-08-28,cached,cached_edgar/1786352/000178635225000037/bill-20250630.htm
YETI,1670592.0,2019,0001558370-19-002297,yeti-20181229x10k.htm,2019-03-20,cached,cached_edgar/1670592/000155837019002297/yeti-20181229x10k.htm
YETI,1670592.0,2020,0001628280-20-001627,yeti-20191228.htm,2020-02-18,cached,cached_edgar/1670592/000162828020001627/yeti-20191228.htm
YETI,1670592.0,2025,0001670592-25-000008,yeti-20241228.htm,2025-02-24,cached,cached_edgar/1670592/000167059225000008/yeti-20241228.htm
FOUR,1794669.0,2019,,,,no_filing_for_year,
FOUR,1794669.0,2020,,,,no_filing_for_year,
FOUR,1794669.0,2025,0001794669-25-000011,four-20241231.htm,2025-02-19,cached,cached_edgar/1794669/000179466925000011/four-20241231.htm
CUZ,25232.0,2019,0000025232-19-000006,form10-kdecember312018.htm,2019-02-06,cached,cached_edgar/25232/000002523219000006/form10-kdecember312018.htm
CUZ,25232.0,2020,0000025232-20-000004,form10-kdecember312019.htm,2020-02-05,cached,cached_edgar/25232/000002523220000004/form10-kdecember312019.htm
CUZ,25232.0,2025,0000025232-25-000012,cuz-20241231.htm,2025-02-06,cached,cached_edgar/25232/000002523225000012/cuz-20241231.htm
WHR,106640.0,2019,0000106640-19-000016,whr-1231201810xk.htm,2019-02-12,cached,cached_edgar/106640/000010664019000016/whr-1231201810xk.htm
WHR,106640.0,2020,0000106640-20-000017,whr-1231201910xk.htm,2020-02-11,cached,cached_edgar/106640/000010664020000017/whr-1231201910xk.htm
WHR,106640.0,2025,0000106640-25-000011,whr-20241231.htm,2025-02-13,cached,cached_edgar/106640/000010664025000011/whr-20241231.htm
MORN,1289419.0,2019,,,,no_filing_for_year,
MORN,1289419.0,2020,0001289419-20-000041,morn10k12312019.htm,2020-03-02,cached,cached_edgar/1289419/000128941920000041/morn10k12312019.htm
MORN,1289419.0,2025,0001289419-25-000041,morn-20241231.htm,2025-02-28,cached,cached_edgar/1289419/000128941925000041/morn-20241231.htm
S,1583708.0,2019,,,,no_filing_for_year,
S,1583708.0,2020,,,,no_filing_for_year,
S,1583708.0,2025,0001583708-25-000051,s-20250131.htm,2025-03-26,cached,cached_edgar/1583708/000158370825000051/s-20250131.htm
JHX,1159152.0,2019,,,,no_filing_for_year,
JHX,1159152.0,2020,,,,no_filing_for_year,
JHX,1159152.0,2025,,,,no_filing_for_year,
FRPT,1611647.0,2019,0001564590-19-014373,frpt-10ka_20181231.htm,2019-04-30,cached,cached_edgar/1611647/000156459019014373/frpt-10ka_20181231.htm
FRPT,1611647.0,2020,0001564590-20-019813,frpt-10ka_20191231.htm,2020-04-29,cached,cached_edgar/1611647/000156459020019813/frpt-10ka_20191231.htm
FRPT,1611647.0,2025,0001611647-25-000007,frpt-20241231.htm,2025-02-20,cached,cached_edgar/1611647/000161164725000007/frpt-20241231.htm
COLD,1455863.0,2019,0001628280-19-001983,k20181231artandsubs10-k.htm,2019-02-26,cached,cached_edgar/1455863/000162828019001983/k20181231artandsubs10-k.htm
COLD,1455863.0,2020,0001628280-20-002690,k20191231artandsubs10-k.htm,2020-03-02,cached,cached_edgar/1455863/000162828020002690/k20191231artandsubs10-k.htm
COLD,1455863.0,2025,0001628280-25-008770,art-20241231.htm,2025-02-27,cached,cached_edgar/1455863/000162828025008770/art-20241231.htm
PEGA,1013857.0,2019,,,,no_filing_for_year,
PEGA,1013857.0,2020,0001013857-20-000007,q4201910k.htm,2020-02-12,cached,cached_edgar/1013857/000101385720000007/q4201910k.htm
PEGA,1013857.0,2025,0001013857-25-000024,pega-20241231.htm,2025-02-12,cached,cached_edgar/1013857/000101385725000024/pega-20241231.htm
NEU,1282637.0,2019,0001282637-19-000006,neu-2018123110k.htm,2019-02-19,cached,cached_edgar/1282637/000128263719000006/neu-2018123110k.htm
NEU,1282637.0,2020,0001282637-20-000005,neu-2019123110k.htm,2020-02-18,cached,cached_edgar/1282637/000128263720000005/neu-2019123110k.htm
NEU,1282637.0,2025,0001282637-25-000004,neu-20241231.htm,2025-02-14,cached,cached_edgar/1282637/000128263725000004/neu-20241231.htm
BHF,1685040.0,2019,0001685040-19-000009,brighthouse-12312018x10k.htm,2019-02-26,cached,cached_edgar/1685040/000168504019000009/brighthouse-12312018x10k.htm
BHF,1685040.0,2020,0001685040-20-000007,brighthouse-12312019x1.htm,2020-02-26,cached,cached_edgar/1685040/000168504020000007/brighthouse-12312019x1.htm
BHF,1685040.0,2025,0001685040-25-000010,bhf-20241231.htm,2025-02-28,cached,cached_edgar/1685040/000168504025000010/bhf-20241231.htm
APPF,1433195.0,2019,0001433195-19-000016,appf12311810-k.htm,2019-02-28,cached,cached_edgar/1433195/000143319519000016/appf12311810-k.htm
APPF,1433195.0,2020,0001433195-20-000019,appf12311910-k.htm,2020-03-02,cached,cached_edgar/1433195/000143319520000019/appf12311910-k.htm
APPF,1433195.0,2025,0001433195-25-000013,appf-20241231.htm,2025-02-06,cached,cached_edgar/1433195/000143319525000013/appf-20241231.htm
GPK,1408075.0,2019,0001408075-19-000007,gpk1231201810k.htm,2019-02-13,cached,cached_edgar/1408075/000140807519000007/gpk1231201810k.htm
GPK,1408075.0,2020,0001408075-20-000009,gpk-20191231.htm,2020-02-11,cached,cached_edgar/1408075/000140807520000009/gpk-20191231.htm
GPK,1408075.0,2025,0001408075-25-000007,gpk-20241231.htm,2025-02-12,cached,cached_edgar/1408075/000140807525000007/gpk-20241231.htm
KRC,1025996.0,2019,0001025996-19-000051,form10-k.htm,2019-02-15,cached,cached_edgar/1025996/000102599619000051/form10-k.htm
KRC,1025996.0,2020,0001025996-20-000050,a123119krckrlp10-k.htm,2020-02-13,cached,cached_edgar/1025996/000102599620000050/a123119krckrlp10-k.htm
KRC,1025996.0,2025,0001025996-25-000052,krc-20241231.htm,2025-02-13,cached,cached_edgar/1025996/000102599625000052/krc-20241231.htm
VKTX,1607678.0,2019,0001564590-19-007584,vktx-10k_20181231.htm,2019-03-13,cached,cached_edgar/1607678/000156459019007584/vktx-10k_20181231.htm
VKTX,1607678.0,2020,0001564590-20-006766,vktx-10k_20191231.htm,2020-02-26,cached,cached_edgar/1607678/000156459020006766/vktx-10k_20191231.htm
VKTX,1607678.0,2025,0000950170-25-027824,vktx-20241231.htm,2025-02-26,cached,cached_edgar/1607678/000095017025027824/vktx-20241231.htm
VIRT,1592386.0,2019,0001592386-19-000003,virtufinancial12-31x1810k.htm,2019-03-01,cached,cached_edgar/1592386/000159238619000003/virtufinancial12-31x1810k.htm
VIRT,1592386.0,2020,0001592386-20-000003,virtufinancial12-31x19.htm,2020-02-28,cached,cached_edgar/1592386/000159238620000003/virtufinancial12-31x19.htm
VIRT,1592386.0,2025,0001592386-25-000055,virt-20241231.htm,2025-02-21,cached,cached_edgar/1592386/000159238625000055/virt-20241231.htm
SHC,1822479.0,2019,,,,no_filing_for_year,
SHC,1822479.0,2020,,,,no_filing_for_year,
SHC,1822479.0,2025,0001822479-25-000015,shc-20241231.htm,2025-02-27,cached,cached_edgar/1822479/000182247925000015/shc-20241231.htm
CORT,1088856.0,2019,0001628280-19-001879,cort12311810-kdoc.htm,2019-02-26,cached,cached_edgar/1088856/000162828019001879/cort12311810-kdoc.htm
CORT,1088856.0,2020,0001628280-20-002122,cort12311910-kdoc.htm,2020-02-24,cached,cached_edgar/1088856/000162828020002122/cort12311910-kdoc.htm
CORT,1088856.0,2025,0001628280-25-008167,cort-20241231.htm,2025-02-26,cached,cached_edgar/1088856/000162828025008167/cort-20241231.htm
PSN,275880.0,2019,,,,no_filing_for_year,
PSN,275880.0,2020,0001564590-20-009791,psn-10k_20191231.htm,2020-03-10,cached,cached_edgar/275880/000156459020009791/psn-10k_20191231.htm
PSN,275880.0,2025,0000950170-25-022754,psn-20241231.htm,2025-02-19,cached,cached_edgar/275880/000095017025022754/psn-20241231.htm
WLK,1262823.0,2019,0001262823-19-000012,a12311810-kwlk.htm,2019-02-20,cached,cached_edgar/1262823/000126282319000012/a12311810-kwlk.htm
WLK,1262823.0,2020,0001262823-20-000007,a12311910-kwlk.htm,2020-02-19,cached,cached_edgar/1262823/000126282320000007/a12311910-kwlk.htm
WLK,1262823.0,2025,0001262823-25-000011,wlk-20241231.htm,2025-02-25,cached,cached_edgar/1262823/000126282325000011/wlk-20241231.htm
NWS,1564708.0,2019,,,,no_filing_for_year,
NWS,1564708.0,2020,,,,no_filing_for_year,
NWS,1564708.0,2025,0001564708-25-000419,nws-20250630.htm,2025-08-06,already_cached,cached_edgar/1564708/000156470825000419/nws-20250630.htm
DRS,1833756.0,2019,,,,no_filing_for_year,
DRS,1833756.0,2020,,,,no_filing_for_year,
DRS,1833756.0,2025,0001628280-25-009248,drs-20241231.htm,2025-03-03,cached,cached_edgar/1833756/000162828025009248/drs-20241231.htm
GTLB,1653482.0,2019,,,,no_filing_for_year,
GTLB,1653482.0,2020,,,,no_filing_for_year,
GTLB,1653482.0,2025,0001628280-25-014344,gtlb-20250131.htm,2025-03-21,cached,cached_edgar/1653482/000162828025014344/gtlb-20250131.htm
PVH,78239.0,2019,0000078239-19-000011,pvh10k2018.htm,2019-03-29,cached,cached_edgar/78239/000007823919000011/pvh10k2018.htm
PVH,78239.0,2020,0000078239-20-000023,pvh10k2019.htm,2020-04-01,cached,cached_edgar/78239/000007823920000023/pvh10k2019.htm
PVH,78239.0,2025,0000078239-25-000018,pvh-20250202.htm,2025-04-01,cached,cached_edgar/78239/000007823925000018/pvh-20250202.htm
IPGP,1111928.0,2019,0001111928-19-000035,ipgp-20181231.htm,2019-02-27,cached,cached_edgar/1111928/000111192819000035/ipgp-20181231.htm
IPGP,1111928.0,2020,0001111928-20-000030,ipgp-20191231.htm,2020-02-24,cached,cached_edgar/1111928/000111192820000030/ipgp-20191231.htm
IPGP,1111928.0,2025,0001111928-25-000023,ipgp-20241231.htm,2025-02-20,cached,cached_edgar/1111928/000111192825000023/ipgp-20241231.htm
CWEN,1567683.0,2019,0001567683-19-000018,clearwayenergyinc201810-ka.htm,2019-03-29,cached,cached_edgar/1567683/000156768319000018/clearwayenergyinc201810-ka.htm
CWEN,1567683.0,2020,0001567683-20-000013,clearwayenergyinc20191.htm,2020-03-30,cached,cached_edgar/1567683/000156768320000013/clearwayenergyinc20191.htm
CWEN,1567683.0,2025,0001567683-25-000007,cwen-20241231.htm,2025-02-25,cached,cached_edgar/1567683/000156768325000007/cwen-20241231.htm
FHB,36377.0,2019,0001558370-19-001219,fhb-20181231x10k.htm,2019-02-28,cached,cached_edgar/36377/000155837019001219/fhb-20181231x10k.htm
FHB,36377.0,2020,0001558370-20-001695,fhb-20191231x10k63b83d.htm,2020-02-28,cached,cached_edgar/36377/000155837020001695/fhb-20191231x10k63b83d.htm
FHB,36377.0,2025,0001558370-25-001943,fhb-20241231x10k.htm,2025-02-28,cached,cached_edgar/36377/000155837025001943/fhb-20241231x10k.htm
UI,1511737.0,2019,0001511737-19-000026,ubnt-20190630.htm,2019-08-21,cached,cached_edgar/1511737/000151173719000026/ubnt-20190630.htm
UI,1511737.0,2020,0001511737-20-000022,ubnt-20200630.htm,2020-08-21,cached,cached_edgar/1511737/000151173720000022/ubnt-20200630.htm
UI,1511737.0,2025,0001511737-25-000053,ubnt-20250630.htm,2025-08-22,cached,cached_edgar/1511737/000151173725000053/ubnt-20250630.htm
EEFT,1029199.0,2019,0001029199-19-000004,eeft1231201810k.htm,2019-02-28,cached,cached_edgar/1029199/000102919919000004/eeft1231201810k.htm
EEFT,1029199.0,2020,0001029199-20-000009,eeft1231201910k.htm,2020-03-02,cached,cached_edgar/1029199/000102919920000009/eeft1231201910k.htm
EEFT,1029199.0,2025,0001213900-25-017068,eeft-20241231.htm,2025-02-25,cached,cached_edgar/1029199/000121390025017068/eeft-20241231.htm
DOCS,1516513.0,2019,,,,no_filing_for_year,
DOCS,1516513.0,2020,,,,no_filing_for_year,
DOCS,1516513.0,2025,0001516513-25-000056,docs-20250331.htm,2025-05-20,cached,cached_edgar/1516513/000151651325000056/docs-20250331.htm
HAYW,1834622.0,2019,,,,no_filing_for_year,
HAYW,1834622.0,2020,,,,no_filing_for_year,
HAYW,1834622.0,2025,0001834622-25-000009,hayw-20241231.htm,2025-02-27,cached,cached_edgar/1834622/000183462225000009/hayw-20241231.htm
SMG,825542.0,2019,,,,no_filing_for_year,
SMG,825542.0,2020,,,,no_filing_for_year,
SMG,825542.0,2025,0000825542-25-000022,smg-20250930.htm,2025-11-25,cached,cached_edgar/825542/000082554225000022/smg-20250930.htm
CCC,,2019,,,,missing_cik,
CCC,,2020,,,,missing_cik,
CCC,,2025,,,,missing_cik,
TDC,816761.0,2019,0000816761-19-000012,tdc-123118x10ka.htm,2019-03-01,cached,cached_edgar/816761/000081676119000012/tdc-123118x10ka.htm
TDC,816761.0,2020,0000816761-20-000008,tdc-12311910xk.htm,2020-02-28,cached,cached_edgar/816761/000081676120000008/tdc-12311910xk.htm
TDC,816761.0,2025,0000816761-25-000027,tdc-20241231.htm,2025-02-21,cached,cached_edgar/816761/000081676125000027/tdc-20241231.htm
RNG,1384905.0,2019,0001564590-19-004630,rng-10k_20181231.htm,2019-02-27,cached,cached_edgar/1384905/000156459019004630/rng-10k_20181231.htm
RNG,1384905.0,2020,0001384905-20-000008,rng-20191231x10k.htm,2020-02-26,cached,cached_edgar/1384905/000138490520000008/rng-20191231x10k.htm
RNG,1384905.0,2025,0001384905-25-000028,rng-20241231.htm,2025-04-30,cached,cached_edgar/1384905/000138490525000028/rng-20241231.htm
BOKF,875357.0,2019,0000875357-19-000011,a20181231bokf10k.htm,2019-03-01,cached,cached_edgar/875357/000087535719000011/a20181231bokf10k.htm
BOKF,875357.0,2020,0000875357-20-000017,a20191231bokf10k.htm,2020-02-27,cached,cached_edgar/875357/000087535720000017/a20191231bokf10k.htm
BOKF,875357.0,2025,0000875357-25-000013,bokf-20241231.htm,2025-02-19,cached,cached_edgar/875357/000087535725000013/bokf-20241231.htm
CRCL,1876042.0,2019,,,,no_filing_for_year,
CRCL,1876042.0,2020,,,,no_filing_for_year,
CRCL,1876042.0,2025,,,,no_filing_for_year,
QS,1811414.0,2019,,,,no_filing_for_year,
QS,1811414.0,2020,,,,no_filing_for_year,
QS,1811414.0,2025,0000950170-25-027308,qs-20241231.htm,2025-02-26,cached,cached_edgar/1811414/000095017025027308/qs-20241231.htm
PAG,1019849.0,2019,0001558370-19-000917,pag-20181231x10k.htm,2019-02-22,cached,cached_edgar/1019849/000155837019000917/pag-20181231x10k.htm
PAG,1019849.0,2020,0001558370-20-001163,pag-20181231x10k724ca0.htm,2020-02-21,cached,cached_edgar/1019849/000155837020001163/pag-20181231x10k724ca0.htm
PAG,1019849.0,2025,0001019849-25-000022,pag-20241231.htm,2025-02-21,cached,cached_edgar/1019849/000101984925000022/pag-20241231.htm
ASH,1674862.0,2019,0001564590-19-044315,ash-10k_20190930.htm,2019-11-25,cached,cached_edgar/1674862/000156459019044315/ash-10k_20190930.htm
ASH,1674862.0,2020,0001564590-20-054890,ash-10k_20200930.htm,2020-11-23,cached,cached_edgar/1674862/000156459020054890/ash-10k_20200930.htm
ASH,1674862.0,2025,0001193125-25-289248,ash-20250930.htm,2025-11-20,cached,cached_edgar/1674862/000119312525289248/ash-20250930.htm
CHH,1046311.0,2019,0001046311-19-000011,chh1231201810-k.htm,2019-02-26,cached,cached_edgar/1046311/000104631119000011/chh1231201810-k.htm
CHH,1046311.0,2020,0001046311-20-000011,chh1231201910-k.htm,2020-03-02,cached,cached_edgar/1046311/000104631120000011/chh1231201910-k.htm
CHH,1046311.0,2025,0001046311-25-000007,chh-20241231.htm,2025-02-20,cached,cached_edgar/1046311/000104631125000007/chh-20241231.htm
MPT,,2019,,,,missing_cik,
MPT,,2020,,,,missing_cik,
MPT,,2025,,,,missing_cik,
OLN,74303.0,2019,0000074303-19-000018,oln-2018x1231x10xk.htm,2019-02-25,cached,cached_edgar/74303/000007430319000018/oln-2018x1231x10xk.htm
OLN,74303.0,2020,0000074303-20-000072,oln-2019x1231x10xk.htm,2020-02-25,cached,cached_edgar/74303/000007430320000072/oln-2019x1231x10xk.htm
OLN,74303.0,2025,0000074303-25-000023,oln-20241231.htm,2025-02-20,cached,cached_edgar/74303/000007430325000023/oln-20241231.htm
RH,1528849.0,2019,0001193125-19-205786,d503938d10ka.htm,2019-07-30,cached,cached_edgar/1528849/000119312519205786/d503938d10ka.htm
RH,1528849.0,2020,0001558370-20-003383,rh-20200201x10k54063e.htm,2020-03-30,cached,cached_edgar/1528849/000155837020003383/rh-20200201x10k54063e.htm
RH,1528849.0,2025,0001558370-25-004329,rh-20250201x10k.htm,2025-04-02,cached,cached_edgar/1528849/000155837025004329/rh-20250201x10k.htm
LOAR,2000178.0,2019,,,,no_filing_for_year,
LOAR,2000178.0,2020,,,,no_filing_for_year,
LOAR,2000178.0,2025,0000950170-25-047242,ck0002000178-20241231.htm,2025-03-31,cached,cached_edgar/2000178/000095017025047242/ck0002000178-20241231.htm
LINE,1868159.0,2019,,,,no_filing_for_year,
LINE,1868159.0,2020,,,,no_filing_for_year,
LINE,1868159.0,2025,0001868159-25-000011,line-20241231.htm,2025-02-26,cached,cached_edgar/1868159/000186815925000011/line-20241231.htm
KD,1867072.0,2019,,,,no_filing_for_year,
KD,1867072.0,2020,,,,no_filing_for_year,
KD,1867072.0,2025,0001558370-25-008282,kd-20250331x10k.htm,2025-05-30,cached,cached_edgar/1867072/000155837025008282/kd-20250331x10k.htm
XRAY,818479.0,2019,,,,no_filing_for_year,
XRAY,818479.0,2020,0000818479-20-000006,xray-20191231.htm,2020-03-02,cached,cached_edgar/818479/000081847920000006/xray-20191231.htm
XRAY,818479.0,2025,0000818479-25-000035,xray-20241231.htm,2025-02-27,cached,cached_edgar/818479/000081847925000035/xray-20241231.htm
IAC,1800227.0,2019,,,,no_filing_for_year,
IAC,1800227.0,2020,,,,no_filing_for_year,
IAC,1800227.0,2025,0001104659-25-041418,tm2512264d1_10ka.htm,2025-04-29,cached,cached_edgar/1800227/000110465925041418/tm2512264d1_10ka.htm
HIW,921082.0,2019,0000921082-19-000006,hiw1231201810k.htm,2019-02-05,cached,cached_edgar/921082/000092108219000006/hiw1231201810k.htm
HIW,921082.0,2020,0000921082-20-000004,hiw1231201910k.htm,2020-02-04,cached,cached_edgar/921082/000092108220000004/hiw1231201910k.htm
HIW,921082.0,2025,0000921082-25-000004,hiw-20241231.htm,2025-02-11,cached,cached_edgar/921082/000092108225000004/hiw-20241231.htm
WU,1365135.0,2019,0001558370-19-000848,wu-20181231x10k.htm,2019-02-21,cached,cached_edgar/1365135/000155837019000848/wu-20181231x10k.htm
WU,1365135.0,2020,0001558370-20-001090,wu-20191231x10kf6082f.htm,2020-02-20,cached,cached_edgar/1365135/000155837020001090/wu-20191231x10kf6082f.htm
WU,1365135.0,2025,0000950170-25-024137,wu-20241231.htm,2025-02-20,cached,cached_edgar/1365135/000095017025024137/wu-20241231.htm
CXT,25445.0,2019,0001628280-19-001892,cr-20181231x10k.htm,2019-02-26,cached,cached_edgar/25445/000162828019001892/cr-20181231x10k.htm
CXT,25445.0,2020,0001628280-20-002133,cr-20191231x10kq4.htm,2020-02-25,cached,cached_edgar/25445/000162828020002133/cr-20191231x10kq4.htm
CXT,25445.0,2025,0001628280-25-006754,cxt-20241231.htm,2025-02-20,cached,cached_edgar/25445/000162828025006754/cxt-20241231.htm
RHI,315213.0,2019,0001628280-19-001488,rhi10k123118.htm,2019-02-15,cached,cached_edgar/315213/000162828019001488/rhi10k123118.htm
RHI,315213.0,2020,0000315213-20-000029,rhi-20191231.htm,2020-02-14,cached,cached_edgar/315213/000031521320000029/rhi-20191231.htm
RHI,315213.0,2025,0000315213-25-000007,rhi-20241231.htm,2025-02-13,cached,cached_edgar/315213/000031521325000007/rhi-20241231.htm
HHH,1981792.0,2019,,,,no_filing_for_year,
HHH,1981792.0,2020,,,,no_filing_for_year,
HHH,1981792.0,2025,0001104659-25-042574,hhc-20241231x10ka.htm,2025-04-30,cached,cached_edgar/1981792/000110465925042574/hhc-20241231x10ka.htm
BRBR,1772016.0,2019,0001772016-19-000038,brbrfy201910k.htm,2019-11-22,cached,cached_edgar/1772016/000177201619000038/brbrfy201910k.htm
BRBR,1772016.0,2020,0001772016-20-000070,brbr-20200930.htm,2020-11-20,cached,cached_edgar/1772016/000177201620000070/brbr-20200930.htm
BRBR,1772016.0,2025,0001772016-25-000153,brbr-20250930.htm,2025-11-18,cached,cached_edgar/1772016/000177201625000153/brbr-20250930.htm
NSA,1618563.0,2019,0001618563-19-000045,nsa201810-kxa.htm,2019-04-04,cached,cached_edgar/1618563/000161856319000045/nsa201810-kxa.htm
NSA,1618563.0,2020,0001618563-20-000022,nsa-20191231.htm,2020-02-26,cached,cached_edgar/1618563/000161856320000022/nsa-20191231.htm
NSA,1618563.0,2025,0001628280-25-008656,nsa-20241231.htm,2025-02-27,cached,cached_edgar/1618563/000162828025008656/nsa-20241231.htm
PK,1617406.0,2019,0001564590-19-005443,pk-10k_20181231.htm,2019-02-28,cached,cached_edgar/1617406/000156459019005443/pk-10k_20181231.htm
PK,1617406.0,2020,0001564590-20-007367,pk-10k_20191231.htm,2020-02-27,cached,cached_edgar/1617406/000156459020007367/pk-10k_20191231.htm
PK,1617406.0,2025,0001617406-25-000006,pk-20241231.htm,2025-02-20,cached,cached_edgar/1617406/000161740625000006/pk-20241231.htm
APLS,1492422.0,2019,,,,no_filing_for_year,
APLS,1492422.0,2020,0001564590-20-007350,apls-10k_20191231.htm,2020-02-27,cached,cached_edgar/1492422/000156459020007350/apls-10k_20191231.htm
APLS,1492422.0,2025,0000950170-25-029507,apls-20241231.htm,2025-02-28,cached,cached_edgar/1492422/000095017025029507/apls-20241231.htm
IRDM,1418819.0,2019,0001418819-19-000005,irdm_12312018x10k.htm,2019-02-28,cached,cached_edgar/1418819/000141881919000005/irdm_12312018x10k.htm
IRDM,1418819.0,2020,0001418819-20-000004,irdm1231201910k.htm,2020-02-25,cached,cached_edgar/1418819/000141881920000004/irdm1231201910k.htm
IRDM,1418819.0,2025,0001628280-25-005302,irdm-20241231.htm,2025-02-13,cached,cached_edgar/1418819/000162828025005302/irdm-20241231.htm
CACC,885550.0,2019,0000885550-19-000010,cacc-20181231x10k.htm,2019-02-08,cached,cached_edgar/885550/000088555019000010/cacc-20181231x10k.htm
CACC,885550.0,2020,0000885550-20-000021,cacc-20191231x10k.htm,2020-02-11,cached,cached_edgar/885550/000088555020000021/cacc-20191231x10k.htm
CACC,885550.0,2025,0000885550-25-000012,cacc-20241231.htm,2025-02-12,cached,cached_edgar/885550/000088555025000012/cacc-20241231.htm
HOG,793952.0,2019,0000793952-19-000008,hog12-31x201810xk.htm,2019-02-28,cached,cached_edgar/793952/000079395219000008/hog12-31x201810xk.htm
HOG,793952.0,2020,0000793952-20-000008,hog10-k12x31x2019.htm,2020-02-19,cached,cached_edgar/793952/000079395220000008/hog10-k12x31x2019.htm
HOG,793952.0,2025,0000793952-25-000063,hog-20241231.htm,2025-02-26,cached,cached_edgar/793952/000079395225000063/hog-20241231.htm
HUN,1307954.0,2019,0001558370-19-000573,hun-20181231x10k.htm,2019-02-12,cached,cached_edgar/1307954/000155837019000573/hun-20181231x10k.htm
HUN,1307954.0,2020,0001558370-20-000780,hun-20191231x10kd4ad18.htm,2020-02-13,cached,cached_edgar/1307954/000155837020000780/hun-20191231x10kd4ad18.htm
HUN,1307954.0,2025,0001437749-25-004205,hun20241231_10k.htm,2025-02-18,cached,cached_edgar/1307954/000143774925004205/hun20241231_10k.htm
OGN,1821825.0,2019,,,,no_filing_for_year,
OGN,1821825.0,2020,,,,no_filing_for_year,
OGN,1821825.0,2025,0001104659-25-108693,ogn-20241231x10ka.htm,2025-11-10,cached,cached_edgar/1821825/000110465925108693/ogn-20241231x10ka.htm
DXC,1688568.0,2019,0001688568-19-000055,dxcfy1910-k.htm,2019-06-13,cached,cached_edgar/1688568/000168856819000055/dxcfy1910-k.htm
DXC,1688568.0,2020,0001688568-20-000032,dxcfy2010-k.htm,2020-06-01,cached,cached_edgar/1688568/000168856820000032/dxcfy2010-k.htm
DXC,1688568.0,2025,0001688568-25-000029,dxc-20250331.htm,2025-05-15,cached,cached_edgar/1688568/000168856825000029/dxc-20250331.htm
LBTYA,1570585.0,2019,,,,no_filing_for_year,
LBTYA,1570585.0,2020,0001570585-20-000075,lg201910-kajv3x09.htm,2020-03-27,cached,cached_edgar/1570585/000157058520000075/lg201910-kajv3x09.htm
LBTYA,1570585.0,2025,0001570585-25-000097,lbtya-20241231.htm,2025-03-25,cached,cached_edgar/1570585/000157058525000097/lbtya-20241231.htm
FRHC,924805.0,2019,0001654954-19-007343,frhc_10k.htm,2019-06-14,cached,cached_edgar/924805/000165495419007343/frhc_10k.htm
FRHC,924805.0,2020,0001654954-20-007646,frhc_10k.htm,2020-07-14,cached,cached_edgar/924805/000165495420007646/frhc_10k.htm
FRHC,924805.0,2025,0000924805-25-000012,frhc-20250331.htm,2025-06-13,cached,cached_edgar/924805/000092480525000012/frhc-20250331.htm
ZG,1617640.0,2019,,,,no_filing_for_year,
ZG,1617640.0,2020,0001617640-20-000015,z-20191231.htm,2020-02-19,already_cached,cached_edgar/1617640/000161764020000015/z-20191231.htm
ZG,1617640.0,2025,0001617640-25-000016,z-20241231.htm,2025-02-11,already_cached,cached_edgar/1617640/000161764025000016/z-20241231.htm
BIRK,1977102.0,2019,,,,no_filing_for_year,
BIRK,1977102.0,2020,,,,no_filing_for_year,
BIRK,1977102.0,2025,,,,no_filing_for_year,
PRGO,1585364.0,2019,0001585364-19-000016,cy18q410k.htm,2019-02-27,cached,cached_edgar/1585364/000158536419000016/cy18q410k.htm
PRGO,1585364.0,2020,0001585364-20-000013,cy19q410k.htm,2020-02-27,cached,cached_edgar/1585364/000158536420000013/cy19q410k.htm
PRGO,1585364.0,2025,0001585364-25-000014,prgo-20241231.htm,2025-02-28,cached,cached_edgar/1585364/000158536425000014/prgo-20241231.htm
PENN,921738.0,2019,0000921738-19-000011,penn1231201810k.htm,2019-02-28,cached,cached_edgar/921738/000092173819000011/penn1231201810k.htm
PENN,921738.0,2020,0000921738-20-000009,penn1231201910k.htm,2020-02-27,cached,cached_edgar/921738/000092173820000009/penn1231201910k.htm
PENN,921738.0,2025,0000921738-25-000008,penn-20241231.htm,2025-02-27,cached,cached_edgar/921738/000092173825000008/penn-20241231.htm
RARE,1515673.0,2019,0001564590-19-003324,rare-10k_20181231.htm,2019-02-20,cached,cached_edgar/1515673/000156459019003324/rare-10k_20181231.htm
RARE,1515673.0,2020,0001564590-20-004667,rare-10k_20191231.htm,2020-02-14,cached,cached_edgar/1515673/000156459020004667/rare-10k_20191231.htm
RARE,1515673.0,2025,0000950170-25-023312,rare-20241231.htm,2025-02-19,cached,cached_edgar/1515673/000095017025023312/rare-20241231.htm
FWONA,1560385.0,2019,0001558370-19-001329,lmca-20181231x10k.htm,2019-02-28,already_cached,cached_edgar/1560385/000155837019001329/lmca-20181231x10k.htm
FWONA,1560385.0,2020,0001558370-20-001494,lmca-20191231x10ked33ee.htm,2020-02-26,already_cached,cached_edgar/1560385/000155837020001494/lmca-20191231x10ked33ee.htm
FWONA,1560385.0,2025,0001558370-25-001830,lmca-20241231x10k.htm,2025-02-27,already_cached,cached_edgar/1560385/000155837025001830/lmca-20241231x10k.htm
KMPR,860748.0,2019,0000860748-19-000052,kmpr20181231201810k.htm,2019-02-20,cached,cached_edgar/860748/000086074819000052/kmpr20181231201810k.htm
KMPR,860748.0,2020,0000860748-20-000033,kmpr20191231201910k.htm,2020-02-14,cached,cached_edgar/860748/000086074820000033/kmpr20191231201910k.htm
KMPR,860748.0,2025,0000860748-25-000053,kmpr-20241231.htm,2025-02-07,cached,cached_edgar/860748/000086074825000053/kmpr-20241231.htm
NWL,814453.0,2019,0001193125-19-061714,d660135d10k.htm,2019-03-04,cached,cached_edgar/814453/000119312519061714/d660135d10k.htm
NWL,814453.0,2020,0000814453-20-000078,nwl-20191231x10k.htm,2020-03-02,cached,cached_edgar/814453/000081445320000078/nwl-20191231x10k.htm
NWL,814453.0,2025,0000814453-25-000008,nwl-20241231.htm,2025-02-14,cached,cached_edgar/814453/000081445325000008/nwl-20241231.htm
SMMT,1599298.0,2019,,,,no_filing_for_year,
SMMT,1599298.0,2020,,,,no_filing_for_year,
SMMT,1599298.0,2025,0001599298-25-000048,smmt-20241231.htm,2025-02-24,cached,cached_edgar/1599298/000159929825000048/smmt-20241231.htm
FLO,1128928.0,2019,0001564590-19-003388,flo-10k_20181229.htm,2019-02-20,cached,cached_edgar/1128928/000156459019003388/flo-10k_20181229.htm
FLO,1128928.0,2020,0001564590-20-005163,flo-10k_20191228.htm,2020-02-19,cached,cached_edgar/1128928/000156459020005163/flo-10k_20191228.htm
FLO,1128928.0,2025,0000950170-25-022243,flo-20241228.htm,2025-02-18,cached,cached_edgar/1128928/000095017025022243/flo-20241228.htm
DDS,28917.0,2019,,,,no_filing_for_year,
DDS,28917.0,2020,,,,no_filing_for_year,
DDS,28917.0,2025,0000028917-25-000004,dds-20250201x10k.htm,2025-03-28,cached,cached_edgar/28917/000002891725000004/dds-20250201x10k.htm
LLYVA,2078416.0,2019,,,,no_filing_for_year,
LLYVA,2078416.0,2020,,,,no_filing_for_year,
LLYVA,2078416.0,2025,,,,no_filing_for_year,
SAM,949870.0,2019,0001193125-19-045425,d681882d10k.htm,2019-02-20,cached,cached_edgar/949870/000119312519045425/d681882d10k.htm
SAM,949870.0,2020,0001193125-20-041944,d860744d10k.htm,2020-02-19,cached,cached_edgar/949870/000119312520041944/d860744d10k.htm
SAM,949870.0,2025,0000950170-25-026756,sam-20241228.htm,2025-02-25,cached,cached_edgar/949870/000095017025026756/sam-20241228.htm
GLOB,1557860.0,2019,,,,no_filing_for_year,
GLOB,1557860.0,2020,,,,no_filing_for_year,
GLOB,1557860.0,2025,,,,no_filing_for_year,
LBTYK,1570585.0,2019,,,,no_filing_for_year,
LBTYK,1570585.0,2020,0001570585-20-000075,lg201910-kajv3x09.htm,2020-03-27,already_cached,cached_edgar/1570585/000157058520000075/lg201910-kajv3x09.htm
LBTYK,1570585.0,2025,0001570585-25-000097,lbtya-20241231.htm,2025-03-25,already_cached,cached_edgar/1570585/000157058525000097/lbtya-20241231.htm
SRPT,873303.0,2019,0001564590-19-005170,srpt-10k_20181231.htm,2019-02-28,cached,cached_edgar/873303/000156459019005170/srpt-10k_20181231.htm
SRPT,873303.0,2020,0001564590-20-006769,srpt-10k_20191231.htm,2020-02-26,cached,cached_edgar/873303/000156459020006769/srpt-10k_20191231.htm
SRPT,873303.0,2025,0000950170-25-029973,srpt-20241231.htm,2025-02-28,cached,cached_edgar/873303/000095017025029973/srpt-20241231.htm
FMC,37785.0,2019,0000037785-19-000039,fmc201810k.htm,2019-02-28,cached,cached_edgar/37785/000003778519000039/fmc201810k.htm
FMC,37785.0,2020,0000037785-20-000035,fmc-20191231.htm,2020-02-28,cached,cached_edgar/37785/000003778520000035/fmc-20191231.htm
FMC,37785.0,2025,0000037785-25-000030,fmc-20241231.htm,2025-02-28,cached,cached_edgar/37785/000003778525000030/fmc-20241231.htm
INSP,1609550.0,2019,0001609550-19-000013,insp-20181231.htm,2019-02-26,cached,cached_edgar/1609550/000160955019000013/insp-20181231.htm
INSP,1609550.0,2020,0001609550-20-000011,insp-20191231.htm,2020-02-25,cached,cached_edgar/1609550/000160955020000011/insp-20191231.htm
INSP,1609550.0,2025,0001609550-25-000011,insp-20241231.htm,2025-02-10,cached,cached_edgar/1609550/000160955025000011/insp-20241231.htm
DJT,1849635.0,2019,,,,no_filing_for_year,
DJT,1849635.0,2020,,,,no_filing_for_year,
DJT,1849635.0,2025,0001140361-25-004822,ef20039039_10k.htm,2025-02-14,cached,cached_edgar/1849635/000114036125004822/ef20039039_10k.htm
CAR,723612.0,2019,0000723612-19-000025,car-20181231x10k.htm,2019-02-21,cached,cached_edgar/723612/000072361219000025/car-20181231x10k.htm
CAR,723612.0,2020,0000723612-20-000011,car-20191231x10k.htm,2020-02-20,cached,cached_edgar/723612/000072361220000011/car-20191231x10k.htm
CAR,723612.0,2025,0000723612-25-000005,car-20241231.htm,2025-02-14,cached,cached_edgar/723612/000072361225000005/car-20241231.htm
GTM,1794515.0,2019,,,,no_filing_for_year,
GTM,1794515.0,2020,,,,no_filing_for_year,
GTM,1794515.0,2025,0001794515-25-000045,zi-20241231.htm,2025-02-25,cached,cached_edgar/1794515/000179451525000045/zi-20241231.htm
PPC,802481.0,2019,0000802481-19-000015,ppc-2018x12x30x10k.htm,2019-02-14,cached,cached_edgar/802481/000080248119000015/ppc-2018x12x30x10k.htm
PPC,802481.0,2020,0000802481-20-000009,ppc-2019x12x29x10k.htm,2020-02-21,cached,cached_edgar/802481/000080248120000009/ppc-2019x12x29x10k.htm
PPC,802481.0,2025,0000802481-25-000011,ppc-20241229.htm,2025-02-13,cached,cached_edgar/802481/000080248125000011/ppc-20241229.htm
NCNO,1902733.0,2019,,,,no_filing_for_year,
NCNO,1902733.0,2020,,,,no_filing_for_year,
NCNO,1902733.0,2025,0001902733-25-000026,ncno-20250131.htm,2025-04-01,cached,cached_edgar/1902733/000190273325000026/ncno-20250131.htm
COLM,1050797.0,2019,0001050797-19-000007,colm-20181231x10k.htm,2019-02-21,cached,cached_edgar/1050797/000105079719000007/colm-20181231x10k.htm
COLM,1050797.0,2020,0001050797-20-000012,colm-20191231.htm,2020-02-27,cached,cached_edgar/1050797/000105079720000012/colm-20191231.htm
COLM,1050797.0,2025,0001050797-25-000023,colm-20241231.htm,2025-02-27,cached,cached_edgar/1050797/000105079725000023/colm-20241231.htm
ACHC,1520697.0,2019,0001564590-19-005750,achc-10k_20181231.htm,2019-03-01,cached,cached_edgar/1520697/000156459019005750/achc-10k_20181231.htm
ACHC,1520697.0,2020,0001564590-20-007769,achc-10k_20191231.htm,2020-02-28,cached,cached_edgar/1520697/000156459020007769/achc-10k_20191231.htm
ACHC,1520697.0,2025,0000950170-25-029095,achc-20241231.htm,2025-02-27,cached,cached_edgar/1520697/000095017025029095/achc-20241231.htm
BFA,,2019,,,,missing_cik,
BFA,,2020,,,,missing_cik,
BFA,,2025,,,,missing_cik,
UAA,1336917.0,2019,0001336917-19-000011,ua-20181231.htm,2019-02-25,cached,cached_edgar/1336917/000133691719000011/ua-20181231.htm
UAA,1336917.0,2020,0001336917-20-000010,ua-20191231.htm,2020-02-26,cached,cached_edgar/1336917/000133691720000010/ua-20191231.htm
UAA,1336917.0,2025,0001336917-25-000078,ua-20250331.htm,2025-05-22,cached,cached_edgar/1336917/000133691725000078/ua-20250331.htm
UA,1336917.0,2019,0001336917-19-000011,ua-20181231.htm,2019-02-25,already_cached,cached_edgar/1336917/000133691719000011/ua-20181231.htm
UA,1336917.0,2020,0001336917-20-000010,ua-20191231.htm,2020-02-26,already_cached,cached_edgar/1336917/000133691720000010/ua-20191231.htm
UA,1336917.0,2025,0001336917-25-000078,ua-20250331.htm,2025-05-22,already_cached,cached_edgar/1336917/000133691725000078/ua-20250331.htm
CNXC,1803599.0,2019,,,,no_filing_for_year,
CNXC,1803599.0,2020,,,,no_filing_for_year,
CNXC,1803599.0,2025,0001803599-25-000022,cnxc-20241130.htm,2025-01-28,cached,cached_edgar/1803599/000180359925000022/cnxc-20241130.htm
SEB,88121.0,2019,0000088121-19-000011,seb-20181231x10k.htm,2019-02-20,cached,cached_edgar/88121/000008812119000011/seb-20181231x10k.htm
SEB,88121.0,2020,0000088121-20-000010,seb-20191231x10k.htm,2020-02-19,cached,cached_edgar/88121/000008812120000010/seb-20191231x10k.htm
SEB,88121.0,2025,0000088121-25-000017,seb-20241231x10k.htm,2025-02-13,cached,cached_edgar/88121/000008812125000017/seb-20241231x10k.htm
WEN,30697.0,2019,0000030697-19-000004,twc10k2018.htm,2019-02-27,cached,cached_edgar/30697/000003069719000004/twc10k2018.htm
WEN,30697.0,2020,0000030697-20-000002,twc10k2019.htm,2020-02-26,cached,cached_edgar/30697/000003069720000002/twc10k2019.htm
WEN,30697.0,2025,0000030697-25-000003,wen-20241229.htm,2025-02-21,cached,cached_edgar/30697/000003069725000003/wen-20241229.htm
REYN,1786431.0,2019,,,,no_filing_for_year,
REYN,1786431.0,2020,0001564590-20-009733,reyn-10k_20191231.htm,2020-03-10,cached,cached_edgar/1786431/000156459020009733/reyn-10k_20191231.htm
REYN,1786431.0,2025,0001628280-25-003936,reyn-20241231.htm,2025-02-05,cached,cached_edgar/1786431/000162828025003936/reyn-20241231.htm
SNDR,1692063.0,2019,0001692063-19-000043,a201810k.htm,2019-02-26,cached,cached_edgar/1692063/000169206319000043/a201810k.htm
SNDR,1692063.0,2020,0001692063-20-000032,a201910k.htm,2020-02-19,cached,cached_edgar/1692063/000169206320000032/a201910k.htm
SNDR,1692063.0,2025,0001692063-25-000023,sndr-20241231.htm,2025-02-21,cached,cached_edgar/1692063/000169206325000023/sndr-20241231.htm
DV,1819928.0,2019,,,,no_filing_for_year,
DV,1819928.0,2020,,,,no_filing_for_year,
DV,1819928.0,2025,0001558370-25-001814,dv-20241231x10k.htm,2025-02-27,cached,cached_edgar/1819928/000155837025001814/dv-20241231x10k.htm
CWENA,,2019,,,,missing_cik,
CWENA,,2020,,,,missing_cik,
CWENA,,2025,,,,missing_cik,
GLIBK,2057463.0,2019,,,,no_filing_for_year,
GLIBK,2057463.0,2020,,,,no_filing_for_year,
GLIBK,2057463.0,2025,,,,no_filing_for_year,
LCID,1811210.0,2019,,,,no_filing_for_year,
LCID,1811210.0,2020,,,,no_filing_for_year,
LCID,1811210.0,2025,0001628280-25-007725,lcid-20241231.htm,2025-02-25,cached,cached_edgar/1811210/000162828025007725/lcid-20241231.htm
MAN,871763.0,2019,0000871763-19-000050,man-123118x10k.htm,2019-02-22,cached,cached_edgar/871763/000087176319000050/man-123118x10k.htm
MAN,871763.0,2020,0001564590-20-005762,man-10k_20191231.htm,2020-02-21,cached,cached_edgar/871763/000156459020005762/man-10k_20191231.htm
MAN,871763.0,2025,0000950170-25-023186,man-20241231.htm,2025-02-19,cached,cached_edgar/871763/000095017025023186/man-20241231.htm
CNA,21175.0,2019,0000021175-19-000022,cna2018q4.htm,2019-02-13,cached,cached_edgar/21175/000002117519000022/cna2018q4.htm
CNA,21175.0,2020,0000021175-20-000017,cna2019q4.htm,2020-02-11,cached,cached_edgar/21175/000002117520000017/cna2019q4.htm
CNA,21175.0,2025,0000021175-25-000008,cna-20241231.htm,2025-02-11,cached,cached_edgar/21175/000002117525000008/cna-20241231.htm
SFD,91388.0,2019,,,,no_filing_for_year,
SFD,91388.0,2020,,,,no_filing_for_year,
SFD,91388.0,2025,0000091388-25-000017,smf-20241229.htm,2025-03-25,cached,cached_edgar/91388/000009138825000017/smf-20241229.htm
FIGR,2064124.0,2019,,,,no_filing_for_year,
FIGR,2064124.0,2020,,,,no_filing_for_year,
FIGR,2064124.0,2025,,,,no_filing_for_year,
COTY,1024305.0,2019,0001024305-19-000097,coty-063019x10k.htm,2019-08-28,cached,cached_edgar/1024305/000102430519000097/coty-063019x10k.htm
COTY,1024305.0,2020,0001024305-20-000084,coty-20200630.htm,2020-08-27,cached,cached_edgar/1024305/000102430520000084/coty-20200630.htm
COTY,1024305.0,2025,0001024305-25-000030,coty-20250630.htm,2025-08-21,cached,cached_edgar/1024305/000102430525000030/coty-20250630.htm
BLSH,1872195.0,2019,,,,no_filing_for_year,
BLSH,1872195.0,2020,,,,no_filing_for_year,
BLSH,1872195.0,2025,,,,no_filing_for_year,
CLVT,1764046.0,2019,,,,no_filing_for_year,
CLVT,1764046.0,2020,0001104659-20-027484,tm206490d1_10k.htm,2020-03-02,cached,cached_edgar/1764046/000110465920027484/tm206490d1_10k.htm
CLVT,1764046.0,2025,0001764046-25-000011,clvt-20241231.htm,2025-02-19,cached,cached_edgar/1764046/000176404625000011/clvt-20241231.htm
LENB,,2019,,,,missing_cik,
LENB,,2020,,,,missing_cik,
LENB,,2025,,,,missing_cik,
LBRDA,1611983.0,2019,0001558370-19-000515,lbrd-20181231x10k.htm,2019-02-08,already_cached,cached_edgar/1611983/000155837019000515/lbrd-20181231x10k.htm
LBRDA,1611983.0,2020,0001558370-20-000441,lbrda-20191231x10k26291c.htm,2020-02-03,already_cached,cached_edgar/1611983/000155837020000441/lbrda-20191231x10k26291c.htm
LBRDA,1611983.0,2025,0001558370-25-001788,lbrda-20241231x10k.htm,2025-02-27,already_cached,cached_edgar/1611983/000155837025001788/lbrda-20241231x10k.htm
TFSL,1381668.0,2019,0001381668-19-000087,tfslfy19septmaster10k.htm,2019-11-26,cached,cached_edgar/1381668/000138166819000087/tfslfy19septmaster10k.htm
TFSL,1381668.0,2020,0001381668-20-000107,tfsl-20200930.htm,2020-11-24,cached,cached_edgar/1381668/000138166820000107/tfsl-20200930.htm
TFSL,1381668.0,2025,0001381668-25-000106,tfsl-20250930.htm,2025-11-25,cached,cached_edgar/1381668/000138166825000106/tfsl-20250930.htm
UWMC,1783398.0,2019,,,,no_filing_for_year,
UWMC,1783398.0,2020,0001564590-20-013645,ghiv-10k_20191231.htm,2020-03-27,cached,cached_edgar/1783398/000156459020013645/ghiv-10k_20191231.htm
UWMC,1783398.0,2025,0001783398-25-000010,uwmc-20241231.htm,2025-02-27,cached,cached_edgar/1783398/000178339825000010/uwmc-20241231.htm
SAIL,2030781.0,2019,,,,no_filing_for_year,
SAIL,2030781.0,2020,,,,no_filing_for_year,
SAIL,2030781.0,2025,0002030781-25-000011,spparent-20250131x10k.htm,2025-03-27,cached,cached_edgar/2030781/000203078125000011/spparent-20250131x10k.htm
CERT,1827090.0,2019,,,,no_filing_for_year,
CERT,1827090.0,2020,,,,no_filing_for_year,
CERT,1827090.0,2025,0001827090-25-000014,cert-20241231.htm,2025-02-26,cached,cached_edgar/1827090/000182709025000014/cert-20241231.htm
NIQ,2054696.0,2019,,,,no_filing_for_year,
NIQ,2054696.0,2020,,,,no_filing_for_year,
NIQ,2054696.0,2025,,,,no_filing_for_year,
UHAL,4457.0,2019,0000004457-19-000024,march201910k.htm,2019-05-29,cached,cached_edgar/4457/000000445719000024/march201910k.htm
UHAL,4457.0,2020,0000004457-20-000053,uhal-20200331.htm,2020-05-27,cached,cached_edgar/4457/000000445720000053/uhal-20200331.htm
UHAL,4457.0,2025,0000950170-25-078451,uhal-20250331.htm,2025-05-29,cached,cached_edgar/4457/000095017025078451/uhal-20250331.htm
CAI,2019410.0,2019,,,,no_filing_for_year,
CAI,2019410.0,2020,,,,no_filing_for_year,
CAI,2019410.0,2025,,,,no_filing_for_year,
INGM,1897762.0,2019,,,,no_filing_for_year,
INGM,1897762.0,2020,,,,no_filing_for_year,
INGM,1897762.0,2025,0001628280-25-010298,ingm-20241228.htm,2025-03-05,cached,cached_edgar/1897762/000162828025010298/ingm-20241228.htm
FRMI,2071778.0,2019,,,,no_filing_for_year,
FRMI,2071778.0,2020,,,,no_filing_for_year,
FRMI,2071778.0,2025,,,,no_filing_for_year,
GLIBA,2057463.0,2019,,,,no_filing_for_year,
GLIBA,2057463.0,2020,,,,no_filing_for_year,
GLIBA,2057463.0,2025,,,,no_filing_for_year,
FAH6,,2019,,,,missing_cik,
FAH6,,2020,,,,missing_cik,
FAH6,,2025,,,,missing_cik,
ESH6,,2019,,,,missing_cik,
ESH6,,2020,,,,missing_cik,
ESH6,,2025,,,,missing_cik,
